id,group_id,pos_x,pos_y,vel_x,vel_y,speed,heading,frame,time
0,0,660.3869496199042,351.11016987559975,-0.49751332325045056,0.40681597475092934,0.6426653438020881,2.456152631376276,0,0.0
1,0,745.3021292965537,348.4291635030909,-0.9078657405178738,0.40188649280259026,0.9928408512461773,2.7248496101753026,0,0.0
2,0,681.1370179497732,329.33435415390426,-0.5374524291556287,-0.08964650728945878,0.5448776099955707,-2.976315259186225,0,0.0
3,0,683.2958962491041,376.7385313885298,-0.5202869764448195,0.8602445796472837,1.005345350946939,2.1147471749343354,0,0.0
0,0,660.2925670478241,351.73725909458227,-0.09438257208000655,0.6270892189825144,0.6341521571961555,1.7201840379853333,1,0.03333333333333333
1,0,744.1701578099277,349.04785729935213,-1.1319714866260577,0.6186937962612558,1.2900160696931535,2.641391999430397,1,0.03333333333333333
2,0,680.6555835288808,329.6806173749968,-0.48143442089237737,0.3462632210925392,0.5930238780195612,2.5180753344251094,1,0.03333333333333333
3,0,682.5913872522821,377.1676896617585,-0.704508996821985,0.4291582732287056,0.8249301486088164,2.5944655111248727,1,0.03333333333333333
0,0,660.5606181814214,352.31161036376,0.268051133597272,0.5743512691777498,0.6338223652009091,1.134139798827537,2,0.06666666666666667
1,0,743.1487575495591,349.4672700569911,-1.0214002603685175,0.4194127576389269,1.104158300766319,2.751960252008215,2,0.06666666666666667
2,0,680.3451425539791,330.4325668315801,-0.31044097490162853,0.7519494565833078,0.8135118832283924,1.9623294311054866,2,0.06666666666666667
3,0,682.1479757930296,377.4488102344916,-0.4434114592525238,0.28112057273307667,0.5250166650785721,2.5765512781594646,2,0.06666666666666667
0,0,660.4654100522051,353.15435651041037,-0.09520812921629208,0.8427461466503819,0.8481071014694626,1.683293019476064,3,0.1
1,0,742.2752777225451,350.4112965201373,-0.8734798270140816,0.944026463146196,1.2861387838491094,2.3173988944050077,3,0.1
2,0,680.2316395060946,331.51707449157146,-0.11350304788459573,1.0845076599913694,1.0904310186614505,1.675075290341342,3,0.1
3,0,682.0643659669171,377.941770067518,-0.08360982611251026,0.4929598330264199,0.49999999999999994,1.738805262346082,3,0.1
0,0,660.8792676106727,354.07804081311366,0.41385755846761363,0.9236843027032935,1.012161434634438,1.1495644777836678,4,0.13333333333333333
1,0,741.7228932084516,351.2510845354088,-0.5523845140934335,0.8397880152714682,1.005172901546709,2.152612015649016,4,0.13333333333333333
2,0,680.4335586185931,332.85914450671294,0.20191911249860311,1.3420700151414775,1.3571747321307117,1.4214629014341087,4,0.13333333333333333
3,0,682.38890425133,378.3221316086211,0.3245382844129336,0.3803615411030798,0.5,0.8644264057487366,4,0.13333333333333333
0,0,661.7307717903532,355.01602066390836,0.851504179680378,0.9379798507946896,1.2668328889439133,0.8336849599697428,5,0.16666666666666666
1,0,741.5364146446203,351.9824239715185,-0.18647856383130626,0.7313394361096841,0.7547394421771114,1.820458627233706,5,0.16666666666666666
2,0,681.1064875261817,334.2939964445253,0.6729289075885516,1.4348519378123925,1.5848133638104833,1.132264335179948,5,0.16666666666666666
3,0,683.0771428330403,378.488699956903,0.6882385817102898,0.16656834828192965,0.7081082968049178,0.2374552503630112,5,0.16666666666666666
0,0,662.9853323149156,355.8955472589183,1.2545605245624463,0.8795265950099385,1.532151800938855,0.611439367661876,6,0.2
1,0,741.6532538398051,352.48185670446065,0.1168391951847842,0.49943273294219503,0.512917588181121,1.3409855183151125,6,0.2
2,0,682.3056448105455,335.5707009948309,1.1991572843637361,1.2767045503055925,1.7515572218496362,0.8167092491634391,6,0.2
3,0,684.0656878938894,378.4330182952455,0.9885450608490722,-0.055681661657527005,0.9901120061760887,-0.056267426047468316,6,0.2
0,0,664.6345667550386,356.4850875311997,1.6492344401229666,0.5895402722814018,1.7514371159505968,0.3433078293404646,7,0.23333333333333334
1,0,742.0876247295387,352.72948935608815,0.4343708897335577,0.24763265162752152,0.49999999999999994,0.5181401929892185,7,0.23333333333333334
2,0,683.9232693826134,336.42347186146924,1.6176245720679328,0.8527708666383892,1.8286408633586728,0.4851503439540507,7,0.23333333333333334
3,0,685.2585249829223,378.02943556978056,1.1928370890328994,-0.4035827254649621,1.2592614253069965,-0.3262484307927075,7,0.23333333333333334
0,0,666.5207523765623,356.6001433296913,1.8861856215237025,0.11505579849162034,1.8896915186371823,0.06092370293115761,8,0.26666666666666666
1,0,742.5871880939739,352.7503806201527,0.4995633644351689,0.02089126406454679,0.5,0.0417946948709919,8,0.26666666666666666
2,0,685.5266686043815,336.790861256711,1.6033992217681423,0.3673893952418109,1.644951072859867,0.22524344193474236,8,0.26666666666666666
3,0,686.6469546816239,377.3454853256853,1.388429698701689,-0.6839502440952595,1.5477483531358798,-0.45771576880965753,8,0.26666666666666666
0,0,668.3905054853446,356.32635993390517,1.8697531087823032,-0.27378339578617983,1.889691518637182,-0.14539430638568174,9,0.3
1,0,742.92862805098,352.3851152977368,0.3414399570061908,-0.3652653224159263,0.5,-0.8190986970213427,9,0.3
2,0,686.9975891839306,337.3411125520298,1.4709205795490838,0.5502512953188012,1.5704724892022246,0.35796941234621504,9,0.3
3,0,688.1269664006943,376.51208654173956,1.4800117190703623,-0.833398783945692,1.6985253079267815,-0.5128472766987523,9,0.3
0,0,670.2801208094346,356.30939047387574,1.8896153240899616,-0.016969460029401338,1.889691518637182,-0.008980136674054617,10,0.3333333333333333
1,0,743.3952436404084,352.2054770732341,0.4666155894282936,-0.1796382245027102,0.5,-0.367492459546789,10,0.3333333333333333
2,0,688.7541581677026,337.47248371167575,1.7565689837720364,0.13137115964594895,1.761474659578345,0.07464952754425133,10,0.3333333333333333
3,0,689.5874994297261,376.1505290616561,1.4605330290318075,-0.3615574800834987,1.5046197327887056,-0.24267308623872738,10,0.3333333333333333
0,0,672.1673873564588,356.21368772526,1.8872665470242131,-0.09570274861571745,1.889691518637182,-0.0506663156227366,11,0.36666666666666664
1,0,743.7519510529253,351.8551060957609,0.3567074125168713,-0.35037097747318996,0.5,-0.7764369710870035,11,0.36666666666666664
2,0,690.2917842373862,338.1207581805206,1.537626069683577,0.6482744688448984,1.668698210320458,0.39899354553212857,11,0.36666666666666664
3,0,690.8980824607573,375.2189792790136,1.310583031031261,-0.9315497826425185,1.6079219131439222,-0.6179311652033127,11,0.36666666666666664
0,0,674.0050838429922,355.77345408389215,1.8376964865334209,-0.4402336413678768,1.889691518637182,-0.2351263663277903,12,0.4
1,0,743.7539448186792,351.3551100708786,0.00199376575391147,-0.499996024882317,0.5,-1.5668087847197687,12,0.4
2,0,691.8780880723257,338.20340821378755,1.58630383493947,0.08265003326690235,1.588455502915549,0.05205520183474437,12,0.4
3,0,692.3709027935947,374.35535565731914,1.4728203328373979,-0.8636236216944396,1.7073504305700935,-0.5303401663821351,12,0.4
0,0,675.8802541243685,355.5396369513881,1.8751702813763047,-0.23381713250403546,1.889691518637182,-0.12405088121244782,13,0.43333333333333335
1,0,744.1390059860365,351.03616196006215,0.3850611673573747,-0.3189481108164396,0.49999999999999994,-0.691763418924474,13,0.43333333333333335
2,0,693.3650807559476,337.7016206813632,1.4869926836218752,-0.5017875324243625,1.5693750249196388,-0.325452085215581,13,0.43333333333333335
3,0,693.4345859301062,373.07100619460977,1.0636831365114432,-1.2843494627093945,1.667625664608437,-0.879102185427242,13,0.43333333333333335
0,0,677.4488749553217,355.25457325924157,1.5686208309531544,-0.2850636921465585,1.5943125853735185,-0.17976704525957754,14,0.4666666666666667
1,0,744.1371977778716,350.53616522968963,-0.0018082081648632784,-0.49999673037254205,0.5,-1.5744127510075332,14,0.4666666666666667
2,0,694.5471340046684,336.6897998158961,1.1820532487208115,-1.011820865467092,1.5559663706539417,-0.707958915292131,14,0.4666666666666667
3,0,694.7290850144032,372.25922567366723,1.2944990842969504,-0.8117805209425066,1.52797758276335,-0.5601080831237936,14,0.4666666666666667
0,0,678.6979757487197,354.63089971277003,1.2491007933980285,-0.6236735464715529,1.3961452233331562,-0.4630858631924073,15,0.5
1,0,744.3169107980768,350.0695784420834,0.1797130202052403,-0.4665867876062404,0.5,-1.2031435682514255,15,0.5
2,0,696.0049730515219,336.2025927577068,1.4578390468535338,-0.48720705818930776,1.5370964199035464,-0.3225286538724528,15,0.5
3,0,696.1529758824693,371.99838667082787,1.4238908680661386,-0.2608390028393349,1.4475849507246061,-0.1811786758739326,15,0.5
0,0,679.5372800054416,353.7449650413069,0.8393042567219402,-0.8859346714631067,1.2203736630442379,-0.8124199653806002,16,0.5333333333333333
1,0,744.0827439547572,349.62780260583867,-0.23416684331960164,-0.441775836244733,0.5,-2.058200233784068,16,0.5333333333333333
2,0,697.1491719857767,335.21505105483607,1.1441989342547831,-0.9875417028707051,1.511433033931227,-0.7120420848093405,16,0.5333333333333333
3,0,697.3938604539643,372.16608554663986,1.2408845714950303,0.16769887581201967,1.2521650980294172,0.13433075823469826,16,0.5333333333333333
0,0,680.8187731548106,353.16377837771023,1.2814931493690394,-0.5811866635966577,1.4071256624134156,-0.4257798198886721,17,0.5666666666666667
1,0,744.2808271903907,349.1687132553186,0.19808323563351762,-0.4590893505200881,0.49999999999999994,-1.1634584048295629,17,0.5666666666666667
2,0,698.5917390095149,334.74583224202996,1.442567023738249,-0.4692188128060824,1.5169594300007432,-0.3144729742333812,17,0.5666666666666667
3,0,698.6436559248164,371.73389333152846,1.2497954708520953,-0.4321922151114277,1.322414016019693,-0.3329375311584589,17,0.5666666666666667
0,0,682.4469715467092,352.8446455543072,1.6281983918985254,-0.3191328234030625,1.6591792435882733,-0.19354997655883932,18,0.6
1,0,744.7553038211342,349.01100489511447,0.47447663074351987,-0.15770836020413576,0.49999999999999994,-0.32089575893530287,18,0.6
2,0,699.6709285467401,333.946158909195,1.079189537225219,-0.7996733328349885,1.3431781328266927,-0.6377125247641043,18,0.6
3,0,699.9812294920694,371.89552796142,1.337573567253039,0.16163462989149538,1.3473042720166002,0.12025856985186088,18,0.6
0,0,684.3322953408228,352.7162390632018,1.8853237941137033,-0.12840649110543567,1.8896915186371823,-0.06800343434804465,19,0.6333333333333333
1,0,744.9385131319186,348.54577984372327,0.1832093107843527,-0.46522505139117615,0.5,-1.1956393189484322,19,0.6333333333333333
2,0,701.07632918441,333.6428251610348,1.4054006376699464,-0.30333374816020015,1.4377629551271682,-0.21257351956288414,19,0.6333333333333333
3,0,701.1568228970374,372.63619162445104,1.1755934049680523,0.7406636630310792,1.3894612321108477,0.5622109904120595,19,0.6333333333333333
0,0,686.1812362869534,353.10656125489857,1.848940946130602,0.3903221916967762,1.889691518637182,0.20805106994208053,20,0.6666666666666666
1,0,745.4023636554575,348.35911787166503,0.46385052353891926,-0.1866619720582382,0.49999999999999994,-0.38258943955166846,20,0.6666666666666666
2,0,702.1478804509403,333.117130238825,1.071551266530229,-0.5256949222098091,1.1935565625640516,-0.4560932558056504,20,0.6666666666666666
3,0,702.5555590095091,372.81989588158336,1.3987361124717947,0.18370425713231409,1.4107480166284994,0.13058847110343547,20,0.6666666666666666
0,0,688.0618808933831,352.9218725981907,1.8806446064296012,-0.1846886567078515,1.8896915186371823,-0.09789108604811149,21,0.7
1,0,745.6111901947968,347.9048145847877,0.2088265393392669,-0.4543032868773741,0.5,-1.1399355344171345,21,0.7
2,0,703.5639199198984,332.70010249179484,1.4160394689580909,-0.4170277470301367,1.4761706945472612,-0.28640599565119024,21,0.7
3,0,703.6628570448959,373.4270081320861,1.1072980353867088,0.6071122505027198,1.2628120303044876,0.5015237167836093,21,0.7
0,0,689.9415864478087,353.1158856499954,1.879705554425674,0.1940130518046905,1.8896915186371823,0.1028503986583793,22,0.7333333333333333
1,0,746.0896945501237,347.75978499493374,0.47850435532689006,-0.1450295898539237,0.49999999999999994,-0.2942886753818574,22,0.7333333333333333
2,0,704.6753499624042,332.3075758828063,1.1114300425058026,-0.39252660898854835,1.1787085637037251,-0.33949836535660083,22,0.7333333333333333
3,0,705.0363744886205,373.5094491349071,1.3735174437246152,0.08244100282099254,1.3759893484914527,0.059949886700414484,22,0.7333333333333333
0,0,691.7943688768412,352.7442254472861,1.8527824290324482,-0.37166020270930406,1.889691518637182,-0.19796829011554984,23,0.7666666666666667
1,0,746.3031513645643,347.3076387925071,0.21345681444064074,-0.45214620242666403,0.49999999999999994,-1.1297193339915568,23,0.7666666666666667
2,0,705.8279578786411,331.46802822202426,1.1526079162368537,-0.8395476607820695,1.4259541659171613,-0.6295264171850277,23,0.7666666666666667
3,0,706.1450356188174,374.02633048372326,1.1086611301968905,0.516881348816162,1.223231715728243,0.43626131394243395,23,0.7666666666666667
0,0,693.6767696116389,352.9100612372784,1.8824007347977056,0.16583578999226184,1.889691518637182,0.08787116480242353,24,0.8
1,0,746.7832946444935,347.1681309764579,0.4801432799292209,-0.13950781604917256,0.49999999999999994,-0.28276887908277276,24,0.8
2,0,707.140186234,331.1699579023678,1.312228355358915,-0.29807031965645975,1.3456556662341472,-0.22335819474108157,24,0.8
3,0,707.4133386092535,374.43177034425844,1.26830299043618,0.405439860535181,1.331530681606753,0.3094046016663678,24,0.8
0,0,695.5485318183316,352.6503685781485,1.8717622066927602,-0.25969265912988154,1.889691518637182,-0.1378622404435062,25,0.8333333333333334
1,0,747.2583726789121,347.32401831145654,0.4750780344185789,0.15588733499864438,0.5,0.31706022836538017,25,0.8333333333333334
2,0,708.1463771228524,330.39649706328663,1.006190888852463,-0.7734608390811749,1.2691185028994987,-0.6553632721545435,25,0.8333333333333334
3,0,708.3247558199494,375.0369196202571,0.9114172106957981,0.6051492759986405,1.0940232987437641,0.586129998455253,25,0.8333333333333334
0,0,697.4167195981254,352.9346368581918,1.8681877797937014,0.2842682800433073,1.889691518637182,0.15100427030515784,26,0.8666666666666667
1,0,747.7032815638966,347.09586028713585,0.4449088849844093,-0.2281580243207099,0.49999999999999994,-0.47385066337383697,26,0.8666666666666667
2,0,709.3748628781977,330.16968658320934,1.2284857553453483,-0.2268104800772623,1.2492478717049347,-0.18257017294226593,26,0.8666666666666667
3,0,709.6158836586591,375.37787564466106,1.2911278387097669,0.34095602440394107,1.335388372897074,0.25818227134796734,26,0.8666666666666667
0,0,699.2854072636519,352.65367343651883,1.8686876655265556,-0.2809634216730202,1.889691518637182,-0.14923548910973547,27,0.9
1,0,748.1777713591906,346.93819153892673,0.4744897952940326,-0.15766874820910762,0.49999999999999994,-0.3208122744327572,27,0.9
2,0,710.3735827926955,329.3894385815665,0.9987199144977148,-0.7802480016428635,1.2673706686214592,-0.6632017917037376,27,0.9
3,0,710.5575039472383,375.98245208516835,0.9416202885792064,0.6045764405073134,1.11900019672942,0.5707730199301567,27,0.9
0,0,701.1658564446271,352.84034135925594,1.8804491809752029,0.18666792273711572,1.8896915186371825,0.09894358085862759,28,0.9333333333333333
1,0,748.6664151206804,347.0441503722399,0.4886437614898018,0.10595883331321479,0.49999999999999994,0.21353677754914965,28,0.9333333333333333
2,0,711.5745504762921,329.15379671717653,1.2009676835966072,-0.23564186438994378,1.2238670129129918,-0.19374868337181642,28,0.9333333333333333
3,0,711.7759949509234,376.449689228738,1.2184910036851222,0.46723714356964074,1.305002250723229,0.3661630739767717,28,0.9333333333333333
0,0,703.0553868217244,352.8156636438796,1.8895303770972045,-0.024677715376355894,1.8896915186371823,-0.013059494956007974,29,0.9666666666666667
1,0,749.1404065299344,346.88498962345597,0.4739914092539384,-0.1591607487839432,0.5,-0.3239583554242436,29,0.9666666666666667
2,0,712.846104003119,329.5087283827862,1.2715535268268727,0.3549316656096637,1.3201609215691505,0.27220390770836894,29,0.9666666666666667
3,0,713.1025091149008,376.32623157278925,1.3265141639774827,-0.12345765594876909,1.3322468315012967,-0.0928019028459653,29,0.9666666666666667
0,0,704.9147813260436,353.1526890330076,1.8593945043191853,0.3370253891280443,1.8896915186371819,0.17930872228263045,30,1.0
1,0,749.5704703743004,347.14002901211796,0.43006384436604306,0.25503938866202597,0.5,0.5352763757296555,30,1.0
2,0,714.0741370058319,329.299159863543,1.2280330027128863,-0.2095685192432134,1.245786506593253,-0.16902554079165377,30,1.0
3,0,714.2995342553156,376.7631365631646,1.1970251404147847,0.4369049903753601,1.2742665174130288,0.3499680835592283,30,1.0
0,0,706.7867317146778,352.89435634420965,1.8719503886341935,-0.2583326887979757,1.889691518637182,-0.13713570482547757,31,1.0333333333333334
1,0,750.0551522906791,347.01721435527486,0.48468191637868346,-0.12281465684309376,0.5,-0.24816884196114114,31,1.0333333333333334
2,0,715.0529571061045,328.5532529691114,0.9788201002726487,-0.7459068944316651,1.230636373531373,-0.6511666938289001,31,1.0333333333333334
3,0,715.5616517883882,376.6084420595936,1.2621175330726182,-0.1546945035710372,1.2715624470408056,-0.12195913690411844,31,1.0333333333333334
0,0,708.5345903310644,352.1760776429158,1.7478586163866077,-0.7182787012938587,1.8896915186371819,-0.38990838774864245,32,1.0666666666666667
1,0,750.2579699691416,346.56019686184266,0.2028176784625995,-0.4570174934321898,0.5,-1.1531224910408069,32,1.0666666666666667
2,0,715.5616143450776,327.44840110840937,0.5086572389731365,-1.104851860701991,1.2163181413003863,-1.1393398596250843,32,1.0666666666666667
3,0,716.7009356501255,375.86965630294634,1.1392838617373389,-0.7387857566472691,1.3578557036150865,-0.5752954066798078,32,1.0666666666666667
0,0,709.90885362784,351.06338445158605,1.3742632967757122,-1.1126931913297478,1.7682436899071428,-0.6806066447812856,33,1.1
1,0,750.044500430964,345.99369353750865,-0.21346953817757924,-0.5665033243339945,0.6053885200523842,-1.9311612800479412,33,1.1
2,0,716.5776032875463,326.6650597529587,1.0159889424687059,-0.7833413554506858,1.2829096657122812,-0.6568147690764068,33,1.1
3,0,717.5976539085312,374.63500045291255,0.8967182584057148,-1.2346558500337999,1.5259353534736861,-0.9426430652612059,33,1.1
0,0,710.8111623986505,349.69015359139894,0.9023087708105062,-1.373230860187082,1.6431445807511036,-0.9894670438949691,34,1.1333333333333333
1,0,750.2161926519011,345.20015180029077,0.17169222093707204,-0.7935417372178883,0.8119031391964737,-1.3577187764645433,34,1.1333333333333333
2,0,717.1362947461903,325.49549254050095,0.5586914586439986,-1.1695672124577374,1.2961572475660201,-1.1251548566705136,34,1.1333333333333333
3,0,718.1744558598652,373.0033099917728,0.576801951334027,-1.6316904611397163,1.7306398389142326,-1.231007217846795,34,1.1333333333333333
0,0,711.1624767464183,348.15268449379107,0.35131434776776693,-1.5374690976078709,1.5770963816605035,-1.346151397888052,35,1.1666666666666667
1,0,749.879111128512,344.4275539010629,-0.33708152338905484,-0.7725978992279084,0.842930286145695,-1.9821959147299624,35,1.1666666666666667
2,0,717.3789053460117,324.49710149638685,0.24261059982147573,-0.9983910441140998,1.0274456579853646,-1.3324151816633638,35,1.1666666666666667
3,0,718.2311544567982,371.1371726791715,0.05669859693292112,-1.8661373126013507,1.8669984468063046,-1.5404228062077683,35,1.1666666666666667
0,0,711.1430606997312,346.8096173934289,-0.019416046687015603,-1.3430671003622119,1.3432074370492117,-1.5852518177101957,36,1.2
1,0,749.1137175982053,343.6318933509698,-0.7653935303067549,-0.795660550093092,1.1040393866207308,-2.336808084370531,36,1.2
2,0,717.9600804207056,323.32859324359526,0.5811750746938762,-1.1685082527915804,1.305057854766395,-1.1092589611052244,36,1.2
3,0,718.8078010517021,369.45493298914096,0.576646594903848,-1.6822396900305496,1.7783283358615984,-1.2405634944307329,36,1.2
0,0,710.7825826821182,345.74177259737314,-0.3604780176130391,-1.0678447960557222,1.127047873715005,-1.8963597722205174,37,1.2333333333333334
1,0,748.8314012703959,342.7302716393986,-0.28231632780940136,-0.9016217115712006,0.9447879231469709,-1.8742464781838504,37,1.2333333333333334
2,0,718.0994434719812,322.2393761637986,0.1393630512755793,-1.0892170797966396,1.098096492564091,-1.4435398334258205,37,1.2333333333333334
3,0,718.8035997023071,367.6235336647194,-0.00420134939502792,-1.8313993244215592,1.8314041434998674,-1.5730903879364677,37,1.2333333333333334
0,0,710.0537528747567,345.0515106983299,-0.7288298073615711,-0.6902618990432557,1.0038198928938928,-2.3833656845920004,38,1.2666666666666666
1,0,748.030891167943,341.98984558300486,-0.8005101024529174,-0.7404260563937484,1.090434394686805,-2.395166658821615,38,1.2666666666666666
2,0,718.7800978148238,321.3655943365793,0.6806543428425023,-0.8737818272193068,1.107603275549991,-0.909007526540708,38,1.2666666666666666
3,0,718.9000282418492,366.0892281134477,0.09642853954207245,-1.5343055512716983,1.5373327511964894,-1.5080305510474559,38,1.2666666666666666
0,0,709.742163805892,343.98563582948066,-0.3115890688646361,-1.0658748688492108,1.1104850219072084,-1.855203269910431,39,1.3
1,0,747.7334900318342,340.97137472670914,-0.2974011361087838,-1.0184708562957316,1.061004392489756,-1.85490452603854,39,1.3
2,0,718.9702900759453,320.1669199464834,0.1901922611215241,-1.1986743900958803,1.2136693905929443,-1.4134392776987044,39,1.3
3,0,719.14606175489,364.85806477025983,0.24603351304077248,-1.2311633431878692,1.2555061398291587,-1.3735563122858718,39,1.3
0,0,709.8559176294654,342.6601922860328,0.11375382357334932,-1.3254435434478833,1.3303159471513666,-1.4851829012605957,40,1.3333333333333333
1,0,746.9394914565477,340.2403277122515,-0.7939985752864857,-0.7310470144576402,1.079288411363894,-2.397449547159547,40,1.3333333333333333
2,0,719.7107583142887,319.1987965280509,0.7404682383434422,-0.968123418432545,1.2188339367251626,-0.9178593876323639,40,1.3333333333333333
3,0,719.5832316486742,363.957569466335,0.43716989378426385,-0.9004953039248418,1.001004150052355,-1.1188343523940667,40,1.3333333333333333
0,0,709.6071256596285,341.09648636805554,-0.248791969836838,-1.5637059179772625,1.5833741320902042,-1.728577896654785,41,1.3666666666666667
1,0,746.6502617404963,339.2464402021768,-0.2892297160513608,-0.9938875100746432,1.0351165206533632,-1.8539837647371544,41,1.3666666666666667
2,0,719.9029555998344,318.00593293776774,0.192197285545758,-1.1928635902831393,1.208248046385484,-1.411046675936281,41,1.3666666666666667
3,0,720.1822267239189,363.45161315286447,0.5989950752447445,-0.5059563134705086,0.7840834721559463,-0.7013946369456298,41,1.3666666666666667
0,0,709.878089179045,339.6641232500752,0.2709635194164015,-1.4323631179803222,1.4577672415735077,-1.3838332991708027,42,1.4
1,0,745.9826525594335,338.6197055454738,-0.6676091810627587,-0.626734656703059,0.9156955545114263,-2.3877633390980533,42,1.4
2,0,720.6623748648536,317.0130771872468,0.7594192650191801,-0.9928557505209865,1.2499920645447566,-0.9178374476008843,42,1.4
3,0,720.548532866969,362.51909950000663,0.3663061430500584,-0.9325136528578601,1.0018791859313774,-1.1964984833481205,42,1.4
0,0,710.6971891521382,338.4648053660025,0.819099973093179,-1.199317884072699,1.452338856113773,-0.9715905192801745,43,1.4333333333333333
1,0,745.7951109360857,337.78758273523533,-0.1875416233477809,-0.8321228102384337,0.8529948603637828,-1.7924698952603269,43,1.4333333333333333
2,0,720.9070983647083,315.73393429540283,0.24472349985468178,-1.2791428918439744,1.3023425544518195,-1.3817622784732873,43,1.4333333333333333
3,0,720.8471495614939,361.26049009472734,0.29861669452482786,-1.2586094052792838,1.2935492125568346,-1.337844455585854,43,1.4333333333333333
0,0,711.1055362895808,337.3185602724848,0.408347137442589,-1.1462450935177224,1.2168094341642035,-1.228566537944311,44,1.4666666666666666
1,0,745.0989041696666,337.01863606389526,-0.6962067664191345,-0.7689466713400791,1.037295929314665,-2.3065886069418444,44,1.4666666666666666
2,0,721.6535186997423,314.73650257017783,0.7464203350340424,-0.9974317252249713,1.2457982834462384,-0.9283570009353902,44,1.4666666666666666
3,0,721.1105583679448,359.6919770016423,0.2634088064509107,-1.5685130930850542,1.590477136740776,-1.404413502380216,44,1.4666666666666666
0,0,711.0642500776268,336.2931923317281,-0.041286211953988045,-1.0253679407566414,1.0261987942055988,-1.611039365614215,45,1.5
1,0,744.9126517094361,336.0090482962363,-0.1862524602305694,-1.009587767658968,1.0266242932780025,-1.7532288070734494,45,1.5
2,0,721.8501723008051,313.54395214027846,0.19665360106277097,-1.1925504298993908,1.2086559339465377,-1.4073653977987395,45,1.5
3,0,721.0582525349198,357.8449649988761,-0.05230583302504374,-1.8470120027661574,1.8477524830265268,-1.5991079225045806,45,1.5
0,0,711.1287002043823,334.9720023881888,0.0644501267555483,-1.3211899435392829,1.3227610085529962,-1.5220530885032761,46,1.5333333333333334
1,0,744.1815596345581,335.1593096441712,-0.7310920748779778,-0.8497386520651496,1.1209600344182142,-2.2812816317768077,46,1.5333333333333334
2,0,722.58504209301,312.59854994773855,0.7348697922049363,-0.9454021925399316,1.1974217791382602,-0.9100452038694915,46,1.5333333333333334
3,0,721.1761546202466,356.28603919672514,0.11790208532678761,-1.5589258021509351,1.5633779320229455,-1.4953096964547,46,1.5333333333333334
0,0,710.7446457482306,333.471399908345,-0.3840544561516872,-1.5006024798437758,1.5489692146079785,-1.8213516241076406,47,1.5666666666666667
1,0,743.9664499086587,334.1785461894855,-0.21510972589936972,-0.9807634546856844,1.0040762661389324,-1.786706380837957,47,1.5666666666666667
2,0,722.7769472965247,311.4821588213353,0.1919052035147471,-1.1163911264032638,1.1327650922622856,-1.400562234098544,47,1.5666666666666667
3,0,721.011006303973,354.4592696229708,-0.1651483162736123,-1.8267695737543268,1.834219463958055,-1.6609558049510897,47,1.5666666666666667
0,0,710.9104781278518,332.0330025790992,0.1658323796212276,-1.4383973292457914,1.4479251551486578,-1.4560134023394808,48,1.6
1,0,743.2086820361077,333.33479895035725,-0.7577678725510204,-0.8437472391282053,1.1340729924510893,-2.302559713456311,48,1.6
2,0,723.5199096671097,310.5869891542686,0.742962370585013,-0.8951696670666565,1.1633236080048968,-0.8780473117081061,48,1.6
3,0,721.0370200018168,352.9089063734365,0.02601369784387063,-1.5503632495343178,1.550581477376188,-1.554018802571977,48,1.6
0,0,710.6858216470093,330.815447446565,-0.22465648084249587,-1.2175551325342604,1.238107844715094,-1.7532585426786684,49,1.6333333333333333
1,0,742.9776089386979,332.22270334630235,-0.23107309740981613,-1.1120956040548817,1.1358483212580623,-1.7756629556293735,49,1.6333333333333333
2,0,723.7334259604365,309.4071776396808,0.21351629332683925,-1.1798115145878245,1.1989764040505757,-1.3917592263623337,49,1.6333333333333333
3,0,721.2456607784422,351.6530099038527,0.20864077662540725,-1.2558964695837562,1.2731091532087089,-1.4061708672534075,49,1.6333333333333333
0,0,710.9908265727291,329.44046772923906,0.3050049257198138,-1.374979717325892,1.4084023671419112,-1.3525059075522576,50,1.6666666666666667
1,0,742.2162541319241,331.3736496364216,-0.7613548067738661,-0.849053709880784,1.1404180567055195,-2.3017906776678725,50,1.6666666666666667
2,0,724.4822263854769,308.4822052554446,0.7488004250403995,-0.9249723842362125,1.1900739422995137,-0.8902664439950565,50,1.6666666666666667
3,0,721.6746294172468,350.7218552505535,0.4289686388045594,-0.931154653299193,1.0252136759908037,-1.139092668584626,50,1.6666666666666667
0,0,710.9013499389927,328.25364033676726,-0.08947663373645236,-1.1868273924718231,1.1901954997000594,-1.6460454199449435,51,1.7
1,0,741.9778602400855,330.3545143199988,-0.23839389183856013,-1.019135316422773,1.0466462825836056,-1.8005824777295603,51,1.7
2,0,724.695002601577,307.3909425632956,0.21277621610012654,-1.091262692149009,1.111812925547365,-1.3782307132478568,51,1.7
3,0,722.26728548553,350.17914549395084,0.5926560682832399,-0.5427097566027019,0.8036013285110424,-0.7414351265053818,51,1.7
0,0,711.2217548027259,326.8583219411502,0.3204048637332193,-1.395318395617046,1.43163287956488,-1.3450808068569462,52,1.7333333333333334
1,0,741.2986593266869,329.6678491705459,-0.6792009133986322,-0.6866651494529643,0.9658275768659735,-2.3507297071117974,52,1.7333333333333334
2,0,725.4686256382566,306.4835848951258,0.7736230366796228,-0.9073576681698242,1.1923885863542898,-0.8647884530202966,52,1.7333333333333334
3,0,722.6315840753501,349.2092759788688,0.36429858982011687,-0.9698695150820484,1.0360310510937467,-1.2114856369996574,52,1.7333333333333334
0,0,711.4860513862754,325.7578989107204,0.26429658354960883,-1.100423030429778,1.1317170715228482,-1.3350837509896325,53,1.7666666666666666
1,0,741.0673416209803,328.6585500852077,-0.23131770570665788,-1.0092990853381758,1.0354672977153214,-1.7960919316449897,53,1.7666666666666666
2,0,725.7117289350052,305.40011907110835,0.24310329674853043,-1.0834658240174284,1.110404162773073,-1.3500762746550348,53,1.7666666666666666
3,0,722.8472926589228,347.9082381975164,0.21570858357264783,-1.30103778135235,1.3187985067982004,-1.4064936146078293,53,1.7666666666666666
0,0,711.2872886542237,324.81323115681033,-0.19876273205166137,-0.9446677539100857,0.9653516400411649,-1.7781762953833664,54,1.8
1,0,740.2867428395446,327.79271682327595,-0.7805987814357211,-0.8658332619317823,1.165762280675766,-2.3044714574664265,54,1.8
2,0,726.482150435439,304.5742349517089,0.7704215004338337,-0.8258841193994816,1.129439625215521,-0.8201285538769889,54,1.8
3,0,722.8299745891392,346.3124144322436,-0.01731806978362692,-1.5958237652727973,1.5959177313854491,-1.581648020050457,54,1.8
0,0,711.3346547247517,323.5727289008512,0.04736607052787145,-1.240502255959147,1.241406215417413,-1.5326318885961427,55,1.8333333333333333
1,0,740.0381287137858,326.6748593815165,-0.24861412575879976,-1.1178574417594516,1.1451699627670113,-1.789636920489837,55,1.8333333333333333
2,0,726.7227787805036,303.50035052396896,0.24062834506459857,-1.0738844277399378,1.100513409546136,-1.3503645335084822,55,1.8333333333333333
3,0,723.0886328296538,344.4590213774938,0.25865824051460645,-1.853393054749821,1.8713550974577178,-1.4321326380902086,55,1.8333333333333333
0,0,710.9180517710381,322.1699305820527,-0.41660295371360456,-1.4027983187984614,1.4633527067206626,-1.8594801217101926,56,1.8666666666666667
1,0,740.3808361256416,325.59139590030844,0.3427074118557934,-1.083463481208088,1.1363720716615864,-1.2644466527491696,56,1.8666666666666667
2,0,727.5034643635372,302.65545219406397,0.7806855830335273,-0.8448983299049964,1.1503578432090817,-0.8248789797024187,56,1.8666666666666667
3,0,723.5840056475716,342.65584550054956,0.4953728179179009,-1.8031758769442545,1.8699832811887926,-1.3026882098111576,56,1.8666666666666667
0,0,711.0627128244208,320.79937375537355,0.14466105338272406,-1.3705568266791393,1.3781701039866565,-1.4656365780197316,57,1.9
1,0,741.1048181191318,324.8772719739669,0.7239819934901488,-0.7141239263415418,1.016918339431161,-0.7785433743251527,57,1.9
2,0,728.7216149609072,302.1585635164288,1.2181505973700446,-0.4968886776351714,1.315594632033373,-0.38730166912244046,57,1.9
3,0,723.8879028775159,341.10730019297563,0.3038972299442118,-1.5485453075739177,1.5780830447023264,-1.37701209914646,57,1.9
0,0,711.3658019375872,319.73921140291554,0.30308911316636944,-1.0601623524580317,1.1026364877371526,-1.2923348344386862,58,1.9333333333333333
1,0,741.3757498501734,323.8249373316586,0.27093173104157303,-1.052334642308327,1.0866518312170546,-1.318810995312243,58,1.9333333333333333
2,0,729.5685211756983,301.21744154445145,0.8469062147910746,-0.9411219719773105,1.2660808437024105,-0.8380420232849546,58,1.9333333333333333
3,0,724.1927103809932,339.8637926312683,0.3048075034772487,-1.2435075617072906,1.2803197531082788,-1.330416664013028,58,1.9333333333333333
0,0,711.1669775669508,318.46903028054004,-0.19882437063647723,-1.2701811223755126,1.285648168823068,-1.726068627577116,59,1.9666666666666666
1,0,742.1448585451607,323.06500689532186,0.7691086949872501,-0.7599304363367115,1.0812134168497427,-0.7793956038624059,59,1.9666666666666666
2,0,730.2315482003368,300.5143088272455,0.6630270246384737,-0.7031327172059819,0.9664369888442881,-0.8147462522013982,59,1.9666666666666666
3,0,724.1800224805194,338.8368391380395,-0.012687900473799196,-1.0269534932287852,1.0270318690640703,-1.5831505911719121,59,1.9666666666666666
0,0,711.5533779022194,317.2670937029694,0.38640033526860157,-1.2019365775706101,1.2625200020585174,-1.2597501037766403,60,2.0
1,0,742.4298776569086,321.98434554284466,0.2850191117478934,-1.0806613524771858,1.1176156999610278,-1.312923538793124,60,2.0
2,0,730.3976160271751,299.59635781462225,0.1660678268383758,-0.9179510126232074,0.9328518557020684,-1.391820706354261,60,2.0
3,0,724.1663841891564,338.10991769208323,-0.0136382913630277,-0.7269214459562992,0.727049373552099,-1.5895558386267528,60,2.0
0,0,711.3451751053286,315.97468648751413,-0.2082027968907728,-1.2924072154553115,1.3090702101851117,-1.7305209265774608,61,2.033333333333333
1,0,742.785686578835,321.228891060685,0.3558089219264045,-0.7554544821596996,0.8350517729683652,-1.1306276715164707,61,2.033333333333333
2,0,730.021622412932,298.64011726121686,-0.3759936142432096,-0.9562405534053723,1.0275053254989408,-1.945426769512825,61,2.033333333333333
3,0,724.1932741063677,337.08365294077,0.026889917211263475,-1.0262647513132714,1.0266169721155596,-1.544600585273212,61,2.033333333333333
0,0,711.72253151525,314.74647221134126,0.3773564099213698,-1.228214276172876,1.2848767132700345,-1.272710744258305,62,2.066666666666667
1,0,742.9103733492113,320.1329351074371,0.12468677037631207,-1.0959559532478895,1.1030259480929565,-1.457513539186759,62,2.066666666666667
2,0,730.2024521541524,297.6647177400775,0.18082974122043738,-0.9753995211393788,0.9920199701360753,-1.3874870726774857,62,2.066666666666667
3,0,724.4308778596234,335.7892775193485,0.2376037532557322,-1.294375421421464,1.3160027641084966,-1.3892511360565998,62,2.066666666666667
0,0,711.503006465647,313.452053372242,-0.2195250496030276,-1.2944188390992402,1.3129018921527367,-1.738791396486836,63,2.1
1,0,743.5380858636702,319.3022288093602,0.6277125144588568,-0.8307062980769155,1.0411992866271633,-0.9236972124593852,63,2.1
2,0,730.913087574139,296.8674331269255,0.710635419986579,-0.7972846131520073,1.0680194073650757,-0.8427977660997539,63,2.1
3,0,724.8621721294077,334.23790142777614,0.4312942697842921,-1.5513760915723809,1.610211950226169,-1.2996361741476175,63,2.1
0,0,711.8394983998066,312.26101479471646,0.3364919341596822,-1.1910385775255408,1.2376589655105268,-1.2954525820877134,64,2.1333333333333333
1,0,743.6671944361126,318.19160898005896,0.12910857244239632,-1.1106198293012373,1.1180990245569589,-1.4550666641690004,64,2.1333333333333333
2,0,731.141485413151,295.75010494407053,0.22839783901200106,-1.1173281828549724,1.1404331813251256,-1.3691598899005017,64,2.1333333333333333
3,0,724.9760131234789,332.89245301430583,0.11384099407120113,-1.3454484134702984,1.3502559776727012,-1.48638544594368,64,2.1333333333333333
0,0,711.5820008128659,310.9820927689714,-0.2574975869408035,-1.2789220257450478,1.3045867373295472,-1.7694795844077331,65,2.1666666666666665
1,0,744.320621377797,317.33054507097097,0.6534269416844292,-0.8610639090879622,1.0809245226438842,-0.9216489030218907,65,2.1666666666666665
2,0,731.9031323276652,294.892977010013,0.7616469145141154,-0.8571279340575294,1.146636087749989,-0.8443134117470223,65,2.1666666666666665
3,0,724.7726508449374,331.80068356587276,-0.20336227854143565,-1.0917694484330516,1.1105479480262768,-1.7549543550690632,65,2.1666666666666665
0,0,711.9006853235305,309.7662406223647,0.31868451066458964,-1.2158521466066952,1.256923330893988,-1.3144548107460476,66,2.2
1,0,744.4448980745887,316.2331125174477,0.12427669679162012,-1.0974325535232574,1.1044468782598889,-1.4580335832510807,66,2.2
2,0,732.1388631878182,293.75546358167384,0.2357308601530259,-1.1375134283391728,1.1616823309667854,-1.3664552762964028,66,2.2
3,0,724.9247397760716,330.446974648859,0.1520889311342717,-1.3537089170137522,1.3622257063262722,-1.4589156859488461,66,2.2
0,0,711.6223513883124,308.4805957742641,-0.2783339352181927,-1.2856448481006195,1.3154286202381755,-1.7839996965022231,67,2.2333333333333334
1,0,745.0931723365277,315.3795046712622,0.648274261939004,-0.8536078461854562,1.0718702690913364,-0.9212732757589595,67,2.2333333333333334
2,0,732.3248606522644,292.91399666669423,0.1859974644462189,-0.841466914979633,0.8617781766706345,-1.3532546841161646,67,2.2333333333333334
3,0,725.2716636100764,328.8291857951298,0.3469238340047445,-1.6177888537292064,1.6545685001990735,-1.359552417690344,67,2.2333333333333334
0,0,711.9133824722234,307.2607696854637,0.29103108391098775,-1.219826088800422,1.2540633073017244,-1.3365905813944292,68,2.2666666666666666
1,0,745.2018273748283,314.34215786271216,0.1086550383006803,-1.0373468085500515,1.0430217248730247,-1.466433662175147,68,2.2666666666666666
2,0,732.6288914651298,291.79341069877063,0.3040308128653514,-1.1205859679236148,1.1610976042860786,-1.3058600537581353,68,2.2666666666666666
3,0,725.2854086605214,327.4245279040986,0.013745050445008677,-1.4046578910311631,1.4047251393948392,-1.5610113023780035,68,2.2666666666666666
0,0,711.6042062552134,306.01164196104594,-0.30917621700996667,-1.249127724417771,1.2868216679376023,-1.813433571476292,69,2.3
1,0,745.8548257798157,313.477118554579,0.652998404987347,-0.8650393081331563,1.0838357447194242,-0.9241811441380421,69,2.3
2,0,732.8210660226466,290.9531233789887,0.19217455751690232,-0.8402873197818987,0.8619825058219361,-1.345962015617587,69,2.3
3,0,724.9572319341324,326.2868211994685,-0.32817672638891715,-1.137706704630165,1.184093116905835,-1.851627641062845,69,2.3
0,0,711.8876274780071,304.76911792955013,0.2834212227936388,-1.2425240314958197,1.2744385267145946,-1.3465320851667086,70,2.3333333333333335
1,0,745.9622593331561,312.4539943250681,0.10743355334040217,-1.023124229510946,1.0287493170815287,-1.4661743431604044,70,2.3333333333333335
2,0,732.7669164352916,290.3620700736261,-0.054149587355025064,-0.5910533053626124,0.5935285903735296,-1.6621566929089429,70,2.3333333333333335
3,0,725.0577590215889,324.8898064592289,0.10052708745647553,-1.3970147402395607,1.400626959528871,-1.4989616417175808,70,2.3333333333333335
0,0,711.5726168678154,303.52105218718333,-0.31501061019159055,-1.2480657423667876,1.2872061924193958,-1.8180316435291954,71,2.3666666666666667
1,0,746.578632612351,311.66264436917254,0.616373279194987,-0.7913499558955795,1.0030706714890616,-0.9090615443704433,71,2.3666666666666667
2,0,733.1672323601464,289.7625421938582,0.4003159248548292,-0.5995278797678663,0.720892861881244,-0.9820658056496607,71,2.3666666666666667
3,0,725.5254002889993,323.29592712040005,0.46764126741037637,-1.593879338828853,1.661065833051383,-1.2854072158036618,71,2.3666666666666667
0,0,711.828663537964,302.32142383227693,0.25604667014853183,-1.199628354906412,1.2266491296167847,-1.360513318151788,72,2.4
1,0,746.6938511001831,310.6196075777704,0.1152184878320262,-1.0430367914021526,1.049381269204285,-1.4607779236579503,72,2.4
2,0,733.3440869944432,288.79490705735515,0.17685463429673545,-0.9676351365030816,0.9836642308570387,-1.3900216611869403,72,2.4
3,0,725.6287272957571,321.8816852540837,0.10332700675777545,-1.4142418663163228,1.418011469194589,-1.4978641488551574,72,2.4
0,0,711.4843772779612,301.0863634201244,-0.34428626000267815,-1.2350604121525273,1.2821494649583574,-1.842655424128333,73,2.433333333333333
1,0,747.3210688468112,309.8136878259743,0.6272177466279927,-0.8059197517961116,1.0212290379832543,-0.9094507260603595,73,2.433333333333333
2,0,733.444235075111,288.11816541227665,0.1001480806678943,-0.6767416450785184,0.6841117542076313,-1.4238769422833288,73,2.433333333333333
3,0,725.3426527926538,320.7022359619693,-0.28607450310331134,-1.1794492921144633,1.213647087911109,-1.8087502890881113,73,2.433333333333333
0,0,711.7240754452233,299.86399389257826,0.23969816726212323,-1.22236952754618,1.2456494182803972,-1.3771602578579252,74,2.466666666666667
1,0,747.4209262723134,308.8334897127295,0.09985742550225496,-0.9801981132447971,0.9852714583487124,-1.4692718451490006,74,2.466666666666667
2,0,733.6294206271642,287.15198079089043,0.18518555205316137,-0.966184621386232,0.9837715239284427,-1.381426110810234,74,2.466666666666667
3,0,725.4244114620138,319.72108586568874,0.08175866936009499,-0.9811500962805177,0.9845506545865492,-1.4876589803374312,74,2.466666666666667
0,0,711.3645525457764,298.65186601257756,-0.35952289944689275,-1.2121278800006932,1.2643222345200116,-1.8591353191778757,75,2.5
1,0,748.0309239819601,308.0624645175027,0.6099977096466704,-0.7710251952267761,0.983146508638805,-0.9014741718305835,75,2.5
2,0,733.7502115137274,286.4789077240667,0.12079088656326506,-0.6730730668237372,0.6838258488535298,-1.3932247722555606,75,2.5
3,0,725.6513356347241,318.46039523693696,0.2269241727102011,-1.2606906287517814,1.2809509910932468,-1.392703496486195,75,2.5
0,0,711.5861466953606,297.45059763366464,0.22159414958429097,-1.2012683789129195,1.221535789613247,-1.3883801521094377,76,2.533333333333333
1,0,748.1532280114717,307.0237344499251,0.12230402951163799,-1.0387300675776063,1.045905554495511,-1.4535921588518066,76,2.533333333333333
2,0,734.338309655737,285.90078594222695,0.5880981420095306,-0.5781217818397547,0.8246721889773142,-0.7768439305080455,76,2.533333333333333
3,0,726.0871405591869,316.9481790712163,0.43580492446280245,-1.5122161657206445,1.5737609933064414,-1.290209698007169,76,2.533333333333333
0,0,711.2226327714682,296.3094551910626,-0.3635139238924792,-1.1411424426020014,1.1976428712981884,-1.8791857919983466,77,2.566666666666667
1,0,748.7902866035563,306.2177651748759,0.6370585920845686,-0.8059692750491599,1.0273412880207051,-0.9019208792032164,77,2.566666666666667
2,0,734.4686613406674,285.1064220404,0.13035168493030602,-0.7943639018269768,0.80498793176665,-1.4081501876904332,77,2.566666666666667
3,0,726.347932474923,315.1134730892573,0.26079191573611127,-1.8347059819590432,1.853148257304204,-1.4295985057420404,77,2.566666666666667
0,0,711.4531791676685,295.1354325216467,0.23054639620034217,-1.1740226694159606,1.1964450965688074,-1.3768906521172573,78,2.6
1,0,748.8973976406335,305.289065990416,0.10711103707721037,-0.9286991844598753,0.9348555768032798,-1.4559691987983319,78,2.6
2,0,734.0941479580072,284.249916514409,-0.37451338266025386,-0.8565055259909906,0.9348058567663818,-1.9830031285499987,78,2.6
3,0,726.5194213100189,313.56847578549156,0.1714888350958614,-1.54499730376576,1.5544854741058225,-1.4602526133763265,78,2.6
0,0,711.083074237723,293.96572264209937,-0.37010492994551164,-1.1697098795473104,1.2268654618500578,-1.8772370441533655,79,2.6333333333333333
1,0,749.5001361378809,304.5712742686058,0.6027384972473612,-0.717791721810213,0.9372932582512676,-0.8723052386236421,79,2.6333333333333333
2,0,734.2430720179829,283.40617015067374,0.1489240599756424,-0.8437463637352596,0.8567883647413179,-1.3960923553895552,79,2.6333333333333333
3,0,726.6203496556811,312.3171531581422,0.10092834566223205,-1.2513226273493587,1.2553863344304084,-1.490313222625251,79,2.6333333333333333
0,0,711.2828409190562,292.81982688411284,0.19976668133316658,-1.1458957579865219,1.1631783247388907,-1.3981985605966492,80,2.6666666666666665
1,0,749.5990605411928,303.68327689414616,0.098924403311966,-0.8879973744596492,0.8934905565353554,-1.4598520850099095,80,2.6666666666666665
2,0,734.8806649861656,282.7487715082627,0.6375929681827072,-0.6573986424110463,0.9158044377048635,-0.8006910271093196,80,2.6666666666666665
3,0,726.6879515196957,311.364101105914,0.06760186401462552,-0.9530520522282226,0.9554466108970604,-1.499982955383161,80,2.6666666666666665
0,0,710.884331742035,291.7062172834224,-0.3985091770211988,-1.113609600690459,1.1827662097473348,-1.9144504453864297,81,2.7
1,0,750.2090989130509,302.9458616767883,0.610038371858032,-0.7374152173578907,0.9570412832946047,-0.8796496062030941,81,2.7
2,0,735.1825314855879,282.17972973001804,0.3018664994222635,-0.5690417782446334,0.6441521007194387,-1.0830614163366694,81,2.7
3,0,726.2421985111146,310.56780638452045,-0.4457530085811372,-0.7962947213935673,0.9125683689337442,-2.0811201657791076,81,2.7
0,0,711.080716438123,290.51669881103663,0.19638469608798617,-1.1895184723857797,1.2056206472205797,-1.4071762910872863,82,2.7333333333333334
1,0,750.3238247562779,301.97805191326137,0.11472584322695989,-0.9678097635269054,0.9745859415578194,-1.4528052172883863,82,2.7333333333333334
2,0,735.044937652421,281.44930934901265,-0.13759383316688886,-0.7304203810054015,0.7432671093985214,-1.7569906075299364,82,2.7333333333333334
3,0,726.1854105259446,309.44038821494706,-0.056787985170021454,-1.1274181695733994,1.1288474672620321,-1.621123732806106,82,2.7333333333333334
0,0,710.6781558660591,289.356858843838,-0.4025605720638479,-1.159839967198655,1.2277148543907699,-1.9048699969941754,83,2.7666666666666666
1,0,749.8853045912573,300.9872747003346,-0.438520165020557,-0.9907772129267934,1.0834848502792465,-1.9874812282792,83,2.7666666666666666
2,0,734.430971766726,280.71062908021304,-0.6139658856950008,-0.7386802687996019,0.9605220707048323,-2.264254125987131,83,2.7666666666666666
3,0,725.9832627378612,308.0304310026796,-0.20214778808342165,-1.4099572122674235,1.4243746237040116,-1.7131974898554565,83,2.7666666666666666
0,0,710.2234240016988,288.5277889632332,-0.454731864360291,-0.829069880604768,0.9455886713527137,-2.0724751552779677,84,2.8
1,0,749.9681379541397,300.03453977559786,0.08283336288245088,-0.9527349247367018,0.9563290243527406,-1.4840716893313128,84,2.8
2,0,733.5803431402375,279.7815640786506,-0.8506286264884986,-0.9290650015624236,1.2596550469592442,-2.3121500280892935,84,2.8
3,0,725.7986387487497,306.3170061158885,-0.18462398911151437,-1.713424886791115,1.7233429316391424,-1.6781336308127737,84,2.8
0,0,709.3725962958077,288.0709065939636,-0.8508277058911248,-0.456882369269604,0.9657376892621314,-2.6487960498007164,85,2.8333333333333335
1,0,750.4225437148182,299.3878520621969,0.45440576067847605,-0.6466877134009997,0.7903730726698615,-0.9582830386485668,85,2.8333333333333335
2,0,732.8365782290044,279.15726188745975,-0.7437649112330453,-0.6243021911908404,0.971050703674728,-2.4432958173066983,85,2.8333333333333335
3,0,725.8309226943361,304.87261289260306,0.032283945586456864,-1.4443932232854173,1.44475397096373,-1.548448831270314,85,2.8333333333333335
0,0,708.8619055411806,287.17961835548584,-0.5106907546271954,-0.8912882384777684,1.0272291715632387,-2.0911115524237287,86,2.8666666666666667
1,0,750.4040718486951,298.5688512572465,-0.018471866123008884,-0.8190008049503981,0.8192090870757394,-1.5933466525309234,86,2.8666666666666667
2,0,732.3258170317748,278.72199126782084,-0.5107611972295774,-0.43527061963892016,0.6710719133716153,-2.4358228441528507,86,2.8666666666666667
3,0,726.124829594802,303.7165507827905,0.2939069004659478,-1.156062109812585,1.192837318281846,-1.3218394670709686,86,2.8666666666666667
0,0,708.0571830341123,286.73602370907764,-0.8047225070682587,-0.4435946464081931,0.9188876556490644,-2.6377984865868007,87,2.9
1,0,750.8601979804066,297.9191212070209,0.4561261317114433,-0.649730050225592,0.7938514887535295,-0.9587132201426813,87,2.9
2,0,732.0546261446983,278.30192519829524,-0.2711908870764683,-0.42006606952559045,0.49999999999999994,-2.144065849786132,87,2.9
3,0,726.7187820328847,302.91213014043893,0.5939524380827426,-0.8044206423515419,0.9999360322269127,-0.9347862021824763,87,2.9
0,0,707.6286837572502,285.9115231378537,-0.42849927686215444,-0.8245005712239782,0.9292000980521126,-2.05008548843083,88,2.933333333333333
1,0,751.199189827774,297.19501263481914,0.33899184736745525,-0.7241085722017918,0.7995302976859086,-1.132951318929897,88,2.933333333333333
2,0,732.2152606079105,277.82843119703597,0.1606344632122343,-0.47349400125927393,0.49999999999999994,-1.2437271831231287,88,2.933333333333333
3,0,727.0172631149741,301.71995989533434,0.2984810820893271,-1.1921702451045768,1.2289673916251491,-1.325471496886503,88,2.933333333333333
0,0,707.728073003916,285.0122875996579,0.09938924666590282,-0.8992355381957939,0.9047114321744226,-1.4607167452212861,89,2.966666666666667
1,0,751.9722671314922,296.73602637610816,0.7730773037181554,-0.45898625871096155,0.8990644599858337,-0.5357840857407183,89,2.966666666666667
2,0,732.4966807131536,277.07967449796223,0.2814201052430733,-0.7487566990737317,0.7998961620378068,-1.2112807765187883,89,2.966666666666667
3,0,727.6235053959848,300.33594467193615,0.6062422810107492,-1.3840152233981673,1.5109691730419237,-1.1579398506905028,89,2.966666666666667
0,0,708.3526571113131,284.21919010877036,0.6245841073969813,-0.7930974908875069,1.0095092556608598,-0.9037085108995304,90,3.0
1,0,752.3795949909988,295.8892950860336,0.4073278595066522,-0.8467312900745764,0.9396115488443229,-1.1224158659574335,90,3.0
2,0,732.9031258042929,276.05773173073055,0.4064450911392917,-1.0219427672317032,1.0998020874722954,-1.1922586890522546,90,3.0
3,0,728.1783115987633,299.25551783844634,0.5548062027785752,-1.0804268334898077,1.2145501493007171,-1.096401993281149,90,3.0
0,0,708.4552309329691,283.239464759321,0.10257382165602374,-0.9797253494493617,0.9850802755323019,-1.466479862345477,91,3.033333333333333
1,0,753.1778844137887,295.4124642665381,0.7982894227898634,-0.4768308194955069,0.9298567808855995,-0.5384434256937476,91,3.033333333333333
2,0,733.492347277776,274.9848062152668,0.5892214734831505,-1.0729255154637345,1.2240715283621195,-1.0685884498694997,91,3.033333333333333
3,0,728.6868806608849,298.48655110322613,0.5085690621215617,-0.7689667352201988,0.9219285931255284,-0.9864718483853032,91,3.033333333333333
0,0,709.0947639101603,282.4074108690609,0.6395329771911242,-0.8320538902600636,1.049436089150668,-0.9154847458204458,92,3.066666666666667
1,0,753.5619613961286,294.6020350563044,0.384076982339957,-0.8104292102337586,0.8968336708462061,-1.1282311835655447,92,3.066666666666667
2,0,733.5768270144674,273.9168652058751,0.08447973669132186,-1.0679410093916981,1.0712771935647627,-1.4918554676780515,92,3.066666666666667
3,0,729.1007749822584,297.35756997692,0.4138943213735487,-1.1289811263061411,1.2024586865338673,-1.2194026163970697,92,3.066666666666667
0,0,709.2000428092056,281.3966523563586,0.10527889904530818,-1.0107585127023548,1.0162265581967775,-1.4670122527767868,93,3.1
1,0,754.3241320612433,294.1575506321965,0.7621706651147245,-0.4444844241078593,0.8823097676190131,-0.5279617359332744,93,3.1
2,0,734.2322555961277,272.9464083829639,0.6554285816602994,-0.9704568229112241,1.1710563909531337,-0.9767846218962969,93,3.1
3,0,729.5205404448672,296.5477772728571,0.41976546260883574,-0.809792704062892,0.9121223970239414,-1.0925675517966582,93,3.1
0,0,709.8520576405124,280.5290748239212,0.6520148313067606,-0.8675775324373922,1.0852714476268772,-0.9263135781027646,94,3.1333333333333333
1,0,754.7027091538461,293.3544427606134,0.3785770926028025,-0.8031078715831255,0.8878642173454052,-1.1302974701153825,94,3.1333333333333333
2,0,734.3325741204393,271.7457210166038,0.10031852431150434,-1.2006873663600874,1.204870930040542,-1.4874390208209634,94,3.1333333333333333
3,0,729.9413744772629,295.41650207541414,0.4208340323957587,-1.1312751974429593,1.2070148529210736,-1.214658648925325,94,3.1333333333333333
0,0,710.973383757847,279.91012976571386,1.1213261173346794,-0.6189450582072921,1.2808064828443426,-0.5043589955640806,95,3.1666666666666665
1,0,755.4951902422374,292.8817769386135,0.7924810883913624,-0.4726658219998825,0.9227346610726093,-0.5377962538258549,95,3.1666666666666665
2,0,734.9854917245106,270.7530726172165,0.6529176040712856,-0.992648399387295,1.188129724614424,-0.98899003686046,95,3.1666666666666665
3,0,730.8027690430246,294.65314516825697,0.861394565761699,-0.7633569071572015,1.150962364992181,-0.7251311398981237,95,3.1666666666666665
0,0,711.6714887775782,279.04786846513565,0.6981050197311902,-0.8622613005782145,1.1094346168426148,-0.890216276823771,96,3.2
1,0,755.8811446558308,292.06566016855294,0.38595441359335847,-0.816116770060565,0.9027775981637352,-1.1290499853269258,96,3.2
2,0,736.1106320994467,270.11927345020223,1.125140374936072,-0.6337991670142468,1.2913722342606093,-0.5130020911783,96,3.2
3,0,731.975104720664,294.4026206015725,1.1723356776394214,-0.250524566684461,1.1988050298437682,-0.21053035579808985,96,3.2
0,0,712.8261791156675,278.51287366582875,1.1546903380892852,-0.5349947993069055,1.2726072497680436,-0.4338780805305018,97,3.2333333333333334
1,0,756.6743646202682,291.5922780125471,0.7932199644374384,-0.47338215600580663,0.923736205638188,-0.5380525291394521,97,3.2333333333333334
2,0,737.1718575511939,269.9229280372667,1.061225451747155,-0.19634541293556051,1.0792362950794367,-0.18294880816766698,97,3.2333333333333334
3,0,732.9318089222253,294.4958013483675,0.9567042015612091,0.09318074679496223,0.9612312837492012,0.09709141601315316,97,3.2333333333333334
0,0,714.2952553746878,278.3906021698877,1.4690762590203146,-0.12227149594107176,1.4741558172516194,-0.08303879886457423,98,3.2666666666666666
1,0,757.5970483182655,291.6383967259039,0.9226836979972372,0.04611871335672579,0.9238355601899813,0.049941669541917026,98,3.2666666666666666
2,0,738.2712734052724,269.22973720177845,1.0994158540785053,-0.6931908354882421,1.2997033333049726,-0.5625505469766426,98,3.2666666666666666
3,0,733.5829913576746,294.9850256319211,0.6511824354493195,0.4892242835535786,0.8144807940376615,0.6443236765612752,98,3.2666666666666666
0,0,716.0181497360459,278.5959167094934,1.7228943613580632,0.20531453960568008,1.735084735848051,0.11860903639729561,99,3.3
1,0,758.4289646250219,291.15272305670885,0.8319163067563642,-0.48567366919500066,0.963308701505641,-0.5284233973596808,99,3.3
2,0,739.6201858085509,269.0832919020618,1.348912403278564,-0.14644529971667608,1.356838567231879,-0.10814192015823798,99,3.3
3,0,734.6187094151214,295.2193341058818,1.0357180574467908,0.2343084739607116,1.0618909338962976,0.2224830078356567,99,3.3
0,0,717.4870496552383,278.5302411085221,1.4688999191924212,-0.06567560097128747,1.4703673885007247,-0.044680981725661616,100,3.3333333333333335
1,0,759.3672661237783,291.1987781545327,0.9383014987564094,0.0460550978238467,0.9394310909290199,0.04904411442774535,100,3.3333333333333335
2,0,741.0855740278616,269.4818836432582,1.4653882193107528,0.3985917411964019,1.5186303070348355,0.26557890607891715,100,3.3333333333333335
3,0,735.9099604313247,295.63963191700026,1.2912510162033555,0.4202978111184623,1.3579320442780518,0.31468098813087436,100,3.3333333333333335
0,0,719.150453381142,278.8930592077462,1.663403725903752,0.3628180992241232,1.7025125340140936,0.21475436960939576,101,3.3666666666666667
1,0,760.1663705516778,290.72508761998495,0.7991044278994658,-0.473690534547759,0.9289513492151643,-0.5350913661664627,101,3.3666666666666667
2,0,742.5366855786086,269.3023937679281,1.4511115507469787,-0.17948987533007849,1.4621700817816334,-0.12306622231894102,101,3.3666666666666667
3,0,736.8402722123653,296.2823308833789,0.9303117810406134,0.6426989663786694,1.1307263025715677,0.6045535505137026,101,3.3666666666666667
0,0,720.58354987608,278.9707682514903,1.4330964949380518,0.07770904374410939,1.435201818311053,0.05417151975432508,102,3.4
1,0,761.0903036816583,290.7729114110491,0.9239331299804495,0.04782379106414392,0.9251700079808127,0.0517149434637251,102,3.4
2,0,743.9403766156018,269.7182194164309,1.4036910369932352,0.4158256485028165,1.4639875331736714,0.288001214961787,102,3.4
3,0,737.311820628452,297.15117539064846,0.4715484160866378,0.8688445072695831,0.9885588938077192,1.0735514304908176,102,3.4
0,0,721.7388184221325,278.82227766186276,1.1552685460524632,-0.1484905896275281,1.164772453617488,-0.12783250438136468,103,3.433333333333333
1,0,761.8625198229895,290.31087576992485,0.7722161413312301,-0.4620356411242795,0.8998859386620164,-0.5391864177987552,103,3.433333333333333
2,0,745.3704159256098,269.5439203722872,1.4300393100079778,-0.1742990441437314,1.4406222908720772,-0.12128585713146861,103,3.433333333333333
3,0,738.2359913075657,297.69357322513844,0.9241706791136245,0.5423978344899538,1.0715814738006295,0.5307331177922936,103,3.433333333333333
0,0,723.1660432449977,278.96498851767296,1.4272248228651958,0.14271085581021592,1.4343420384861743,0.09966058692799581,104,3.466666666666667
1,0,762.7845210119772,290.3590767105085,0.9220011889877158,0.04820094058364194,0.92326026837935,0.05223106121472088,104,3.466666666666667
2,0,746.7698107777181,269.96897583254355,1.3993948521083652,0.4250554602563762,1.4625245626659242,0.29488658338339885,104,3.466666666666667
3,0,739.5175144010568,298.1170645768971,1.2815230934911106,0.4234913517586767,1.3496838015496138,0.31916178762769504,104,3.466666666666667
0,0,724.8062637798755,279.4336514171408,1.640220534877811,0.46866289946784856,1.705862924262223,0.27831570124781385,105,3.5
1,0,763.5667554073445,289.8924110717775,0.7822343953673798,-0.46666563873100353,0.9108608388046913,-0.537901228974164,105,3.5
2,0,748.2062361251551,269.8024068220541,1.4364253474370052,-0.16656901048945283,1.4460508338281046,-0.11544516728713179,105,3.5
3,0,740.6222633054813,298.8641888200512,1.1047489044244625,0.747124243154089,1.3336659163882163,0.5946313829099354,105,3.5
0,0,726.689684067938,279.587476168479,1.8834202880624002,0.15382475133815443,1.889691518637182,0.08149221165903535,106,3.533333333333333
1,0,764.4031285296139,289.94142666102704,0.836373122269429,0.04901558924956112,0.8378081687619158,0.0585379754568092,106,3.533333333333333
2,0,749.5490369608584,270.21200095170957,1.3428008357033,0.409594129655488,1.4038808480115816,0.29606478217348886,106,3.533333333333333
3,0,742.0511983590857,299.12449128710665,1.428935053604386,0.26030246705544424,1.452450605622966,0.1801895467771977,106,3.533333333333333
0,0,728.2748301674161,279.708191658755,1.5851460994780993,0.12071549027605345,1.5897359486037987,0.07600746550402362,107,3.566666666666667
1,0,765.1011722039797,290.48907748344044,0.6980436743656958,0.5476508224133989,0.8872352532513763,0.6652495394964922,107,3.566666666666667
2,0,750.9550810502544,270.0257862328153,1.4060440893959705,-0.18621471889429542,1.4183215089880803,-0.13167247015636566,107,3.566666666666667
3,0,743.1549408867944,299.68636411891885,1.10374252770878,0.5618728318122233,1.238526804958881,0.4708705064639722,107,3.566666666666667
0,0,729.5601729773826,279.81517612150554,1.285342809966518,0.10698446275053494,1.289787507461072,0.08304276770147893,108,3.6
1,0,765.9958177399133,290.5478923255536,0.8946455359336236,0.05881484211319399,0.8965767232193576,0.06564648089784023,108,3.6
2,0,752.2844120626377,270.4222327003807,1.3293310123832471,0.39644646756542423,1.3871880702085682,0.289832206328231,108,3.6
3,0,743.8460323924681,300.48628234074704,0.6910915056737246,0.7999182218281939,1.0571076722960415,0.8582575668994087,108,3.6
0,0,730.5441128918908,280.22272754645854,0.9839399145081456,0.4075514249529854,1.0650051264400118,0.3926905523828628,109,3.6333333333333333
1,0,766.6782141251942,291.08578118600525,0.6823963852809763,0.5378888604516388,0.8689011755329287,0.6675260104838938,109,3.6333333333333333
2,0,753.5538964435996,270.27720242408384,1.2694843809619425,-0.14503027629684787,1.2777419045132183,-0.11375028826093238,109,3.6333333333333333
3,0,744.0211560706005,301.41099690469514,0.17512367813226143,0.9247145639480937,0.9411510651432559,1.3836315578162737,109,3.6333333333333333
0,0,731.7656678451029,280.82717526184496,1.2215549532121794,0.6044477153864191,1.3629209604203287,0.4594936433682988,110,3.6666666666666665
1,0,767.5653644129955,291.1421653020097,0.8871502878012361,0.056384116004425444,0.888940268906419,0.06347107194641471,110,3.6666666666666665
2,0,754.8075915693154,270.7330922907739,1.2536951257158544,0.4558898666900629,1.3340116336802972,0.3487715179057592,110,3.6666666666666665
3,0,744.7223159189033,302.1929644880745,0.7011598483027981,0.7819675833793291,1.0502849300680797,0.8398290329456718,110,3.6666666666666665
0,0,732.8595598468293,281.05494165146507,1.0938920017263656,0.22776638962013804,1.1173527821066664,0.20528343566800814,111,3.7
1,0,768.2354616255323,291.67187450723134,0.6700972125368374,0.5297092052216479,0.8541792062244253,0.6689189300775251,111,3.7
2,0,755.9304446795043,270.76374168615195,1.122853110188917,0.03064939537799935,1.1232713352071089,0.027289221096150566,111,3.7
3,0,745.8683698564838,302.7183329945936,1.1460539375805323,0.5253685065190897,1.260734585662637,0.4298299037671158,111,3.7
0,0,734.184279022826,281.5298673032743,1.3247191759967032,0.47492565180921464,1.4072793859073585,0.34423629167530295,112,3.7333333333333334
1,0,769.1211916449324,291.72774470065,0.8857300194002068,0.05587019341869848,0.8874903637670291,0.06299466979635801,112,3.7333333333333334
2,0,756.826383111937,270.31758481063616,0.8959384324328052,-0.4461568755157992,1.0008804285628592,-0.4620280274160553,112,3.7333333333333334
3,0,746.6864624253766,303.6288986021921,0.8180925688927632,0.9105656075985242,1.2240936144833163,0.838841338877821,112,3.7333333333333334
0,0,735.8361029285682,281.9158858303029,1.651823905742185,0.38601852702860495,1.6963291304433528,0.22957233785637857,113,3.7666666666666666
1,0,769.776545412469,292.2465443024723,0.6553537675365821,0.5187996018222524,0.8358478255491966,0.6696181864315579,113,3.7666666666666666
2,0,757.9677402618918,270.3719888888813,1.141357149954784,0.05440407824509702,1.1426530302251012,0.04763007899568692,113,3.7666666666666666
3,0,747.9343113121168,304.14572716112673,1.247848886740307,0.5168285589346079,1.3506437737129087,0.39266667668223587,113,3.7666666666666666
0,0,737.1528328312066,282.52266120786555,1.3167299026384462,0.6067753775626838,1.449811710298475,0.4318152607554282,114,3.8
1,0,770.6560959680425,292.29984064881194,0.8795505555735024,0.05329634633966207,0.8811638215126708,0.06052097747203705,114,3.8
2,0,759.4096514154011,270.3928376508799,1.441911153509323,0.020848761998669387,1.4420618729761436,0.01445810943850135,114,3.8
3,0,748.8351871997297,305.14626173902764,0.9008758876128289,1.0005345779009303,1.3463457232292138,0.8377632807087801,114,3.8
0,0,738.8071161234417,283.0501280851435,1.6542832922349944,0.5274668772779845,1.7363394016128413,0.30865867705244227,115,3.8333333333333335
1,0,771.3036653635708,292.8125768867324,0.6475693955282675,0.512736237920496,0.825980975387272,0.669712162746075,115,3.8333333333333335
2,0,760.5604284124371,270.6359417098378,1.1507769970360484,0.24310405895789194,1.1761748511123282,0.20819110776782349,115,3.8333333333333335
3,0,750.0755753433289,305.65793742806727,1.2403881435991038,0.5116756890396594,1.3417804431185607,0.39124631305405516,115,3.8333333333333335
0,0,740.5547268198653,283.769009778717,1.7476106964235971,0.7188816935735174,1.8896915186371819,0.3902534013761215,116,3.8666666666666667
1,0,772.192945234317,292.87038572584777,0.889279870746229,0.05780883911533519,0.8911568607121265,0.06491501363523458,116,3.8666666666666667
2,0,761.8299711490047,270.3116051870912,1.2695427365676342,-0.324336522746661,1.3103178774476951,-0.2501249973287154,116,3.8666666666666667
3,0,750.93600606308,306.591576071035,0.8604307197510608,0.9336386429676997,1.2696543384456638,0.8261810521136012,116,3.8666666666666667
0,0,742.4331717862816,283.97487027457385,1.8784449664163376,0.20586049585684077,1.8896915186371823,0.10915531100282483,117,3.9
1,0,772.8442426349129,293.3862990670049,0.6512974005958994,0.515913341157151,0.8308759712537789,0.6699247725898225,117,3.9
2,0,763.0762130793162,270.5709266569779,1.2462419303115289,0.2593214698867528,1.272936201704874,0.20515523425850582,117,3.9
3,0,752.1418084480595,307.03594785506226,1.205802384979544,0.44437178402730176,1.2850780809203632,0.3530844355563794,117,3.9
0,0,744.0064517760816,284.4335308459511,1.5732799897999425,0.45866057137727095,1.6387737629218477,0.2836694741751379,118,3.933333333333333
1,0,773.7267093821769,293.4410377979163,0.8824667472639214,0.05473873091133946,0.8841628179743535,0.06194985590618421,118,3.933333333333333
2,0,764.3388362510412,270.22938936144664,1.262623171725097,-0.34153729553130396,1.3080003815045245,-0.2641761254019896,118,3.933333333333333
3,0,752.9899290872394,307.93536526800705,0.848120639179856,0.8994174129447736,1.236228256153012,0.8147434747424297,118,3.933333333333333
0,0,745.2294529984069,285.1316171904072,1.2230012223254139,0.6980863444561277,1.408210401227592,0.5186704417947703,119,3.966666666666667
1,0,774.3067398280151,293.5282896668835,0.5800304458382246,0.08725186896718423,0.5865562264076278,0.14930690002505667,119,3.966666666666667
2,0,765.5667854142638,270.4613851003014,1.22794916322257,0.23199573885479569,1.2496724252002174,0.18672847765596676,119,3.966666666666667
3,0,754.2288809370381,308.3816429196462,1.2389518497987477,0.4462776516391618,1.316877150106381,0.34573776374706694,119,3.966666666666667
0,0,746.4047347815168,285.3807364665524,1.1752817831098457,0.2491192761451782,1.2013940583576048,0.20887400012445206,120,4.0
1,0,775.1557609087514,293.77487182519764,0.8490210807363127,0.24658215831412894,0.8841038153596615,0.28265506781424643,120,4.0
2,0,766.8108806657619,270.092122907881,1.2440952514981363,-0.36926219242041247,1.2977394043302148,-0.2885293104727734,120,4.0
3,0,755.0984868354305,309.2399685488845,0.8696058983924442,0.8583256292383097,1.221858135925063,0.7788700639137547,120,4.0
0,0,747.8417620088237,285.80322002775017,1.4370272273069185,0.42248356119777214,1.4978449891439907,0.28594159282616516,121,4.033333333333333
1,0,775.7413457031513,293.85454959260727,0.5855847943998604,0.07967776740961932,0.5909806240916095,0.13523480667515153,121,4.033333333333333
2,0,768.0316764675451,270.29593131044226,1.2207958017832197,0.20380840256124846,1.237691502195156,0.16542158580589542,121,4.033333333333333
3,0,756.2598989560635,309.58267074888954,1.161412120632887,0.34270220000503016,1.2109182102195288,0.2869311703460629,121,4.033333333333333
0,0,749.5666079921423,286.31032252115705,1.724845983318567,0.507102493406892,1.7978449891438586,0.2859419703052513,122,4.066666666666666
1,0,776.1596045589504,294.3549815488043,0.41825885579910926,0.5004319561969932,0.6522059592165111,0.8746066344113032,122,4.066666666666666
2,0,769.2199212303433,269.9020869749287,1.188244762798202,-0.39384433551354303,1.251814274137126,-0.3200550595072391,122,4.066666666666666
3,0,757.1371627893093,310.45398980986346,0.8772638332457736,0.8713190609739088,1.2364419675575244,0.7819984107247885,122,4.066666666666666
0,0,751.2853194200774,287.0957937574824,1.7187114279351294,0.7854712363253585,1.8896915186371819,0.42866953857284706,123,4.1
1,0,776.7504686992575,294.43563829698417,0.5908641403070928,0.08065674817986396,0.5963438130204671,0.13566788781228392,123,4.1
2,0,770.3952765023195,270.07920449078324,1.1753552719761853,0.1771175158545282,1.1886255212575119,0.14956738285428997,123,4.1
3,0,758.0296549975047,310.9125316383878,0.8924922081954425,0.458541828524334,1.0033957096759067,0.47460824034305116,123,4.1
0,0,752.8878770513919,287.48521724612067,1.60255763131457,0.3894234886382781,1.649194232098746,0.23838082363772103,124,4.133333333333334
1,0,777.5109452179692,294.11266239460093,0.7604765187116601,-0.32297590238322904,0.8262190805301383,-0.40161821606611486,124,4.133333333333334
2,0,771.5751337952306,269.6553861027806,1.1798572929111473,-0.42381838800266713,1.2536687192575238,-0.3448574306159105,124,4.133333333333334
3,0,758.6622303506277,311.8652215517772,0.6325753531230235,0.9526899133894109,1.1435775655602207,0.984649980684538,124,4.133333333333334
0,0,754.7659982448785,287.6940109677356,1.8781211934865871,0.208793721614941,1.889691518637182,0.11071696334015889,125,4.166666666666667
1,0,778.3667714853096,294.2951429853617,0.8558262673405288,0.18248059076074724,0.8750644352700054,0.210075652858308,125,4.166666666666667
2,0,772.7159842736555,269.7740104455181,1.1408504784249505,0.11862434273753539,1.1470011110772085,0.10360655531264995,125,4.166666666666667
3,0,759.6961229595008,312.3789939970887,1.033892608873092,0.5137724453114509,1.1545111745859007,0.46118874257756015,125,4.166666666666667
0,0,756.3454294370864,287.87445344432587,1.5794311922079751,0.18044247659024348,1.5897051230582124,0.11375204261204966,126,4.2
1,0,778.9898856566577,294.34381338309595,0.6231141713481273,0.04867039773426507,0.6250120624039787,0.07795004964283342,126,4.2
2,0,773.7985659953658,269.297531431208,1.0825817217103213,-0.47647901431013095,1.1827998289056512,-0.4146175797081541,126,4.2
3,0,760.3074324949937,313.24098210392873,0.6113095354928975,0.8619881068400416,1.0567510797336432,0.9539321098977442,126,4.2
0,0,757.6285252382785,288.00619526080044,1.2830958011921292,0.1317418164745894,1.2898413628213727,0.10231642523913573,127,4.233333333333333
1,0,779.8271485614564,294.69640939651924,0.8372629047986452,0.35259601342327207,0.9084784644854547,0.39858764039560834,127,4.233333333333333
2,0,774.9347214037803,269.39879211872494,1.1361554084144692,0.10126068751695214,1.1406589494261004,0.08889086781582571,127,4.233333333333333
3,0,761.2533089873608,313.6461269581459,0.9458764923670906,0.4051448542171752,1.0289920756309676,0.4046856377333242,127,4.233333333333333
0,0,758.6128828774569,288.1103035912716,0.9843576391783664,0.10410833047115309,0.9898477187336938,0.10537098949447572,128,4.266666666666667
1,0,780.7142823029735,294.52056710960363,0.8871337415171524,-0.17584228691559597,0.9043930479641739,-0.19567761986125906,128,4.266666666666667
2,0,776.0242433386207,268.9044913088763,1.0895219348404925,-0.49430080984863567,1.19640768014736,-0.4259149454433497,128,4.266666666666667
3,0,762.3417950568979,313.5009322241833,1.0884860695370733,-0.14519473396259205,1.0981272395978228,-0.13260863234520823,128,4.266666666666667
0,0,759.3178715844545,288.02965941207145,0.7049887069976057,-0.08064417920012602,0.7095861897141305,-0.11389567659174855,129,4.3
1,0,781.5210658893463,294.8646725214581,0.8067835863728843,0.3441054118544853,0.8771022116653442,0.4031532818227075,129,4.3
2,0,777.1593329671313,268.980759546568,1.1350896285104637,0.07626823769167457,1.137649027087272,0.0670905363645538,129,4.3
3,0,763.5100952340192,312.8751431883162,1.1683001771213064,-0.6257890358671414,1.3253441897383496,-0.4917519385538058,129,4.3
0,0,759.7287465558841,287.74473528558735,0.41087497142958673,-0.28492412648411564,0.5,-0.6063211801166584,130,4.333333333333333
1,0,782.3630692928649,294.68940137761473,0.8420034035186107,-0.17527114384335135,0.8600521527216133,-0.2052289363101853,130,4.333333333333333
2,0,778.0520553021279,269.5677819745567,0.8927223349966575,0.5870224279886964,1.0684327299196843,0.5816745350214455,130,4.333333333333333
3,0,764.9753514472698,312.1753320883057,1.4652562132505296,-0.6998111000104694,1.6237953523049464,-0.44557019440740847,130,4.333333333333333
0,0,759.8995665162681,287.1047178536433,0.17081996038403865,-0.6400174319440369,0.6624211440298721,-1.3099771149969563,131,4.366666666666666
1,0,783.1139541131084,294.0026616582797,0.7508848202435691,-0.686739719335055,1.0175654550861124,-0.7408089244088082,131,4.366666666666666
2,0,778.8928313342682,269.7241852614873,0.8407760321403228,0.15640328693063743,0.8551995816090724,0.18392027972990546,131,4.366666666666666
3,0,766.150795804975,310.95307273249784,1.1754443577052571,-1.2222593558078643,1.695755693170741,-0.804920613238078,131,4.366666666666666
0,0,759.9038167344315,286.154133001901,0.00425021816336206,-0.950584851742285,0.9505943534001967,-1.5663251953293849,132,4.4
1,0,783.9696187351373,293.8129760243773,0.8556646220287812,-0.1896856339024105,0.8764374393535549,-0.21815429773447942,132,4.4
2,0,779.5674692247643,269.4161408788878,0.6746378904961375,-0.30804438259952754,0.7416384732092871,-0.4283347059072422,132,4.4
3,0,767.0718210946723,309.9008544191557,0.9210252896972955,-1.0522183133421588,1.3983744002214158,-0.851786432258362,132,4.4
0,0,760.4460939677754,285.1688269017549,0.5422772333438709,-0.9853061001461063,1.1246744901473544,-1.0676735195477278,133,4.433333333333334
1,0,784.4686742241888,293.3130431757649,0.4990554890515899,-0.49993284861237847,0.7063917003152068,-0.7862764112229088,133,4.433333333333334
2,0,780.0835969030758,268.6492177987227,0.5161276783114596,-0.7669230801650777,0.9244234912685136,-0.9784322845581322,133,4.433333333333334
3,0,767.702350487636,308.98846093309515,0.6305293929636597,-0.9123934860605425,1.10906680988876,-0.9660876213923878,133,4.433333333333334
0,0,760.6148221080382,283.8411239479727,0.16872814026285549,-1.3277029537822436,1.3383812307405751,-1.444391154663917,134,4.466666666666667
1,0,784.8033866926287,292.40648095319057,0.33471246843987384,-0.9065622225743328,0.9663785489796572,-1.2171108464767109,134,4.466666666666667
2,0,780.3031848752022,267.50887730101783,0.21958797212644238,-1.1403404977048888,1.1612903720467318,-1.3805613534199674,134,4.466666666666667
3,0,767.9561880707266,308.166341095611,0.2538375830906996,-0.8221198374841445,0.8604153332979858,-1.2713224899617672,134,4.466666666666667
0,0,761.3125070427055,282.75330420371034,0.6976849346673462,-1.0878197442623192,1.2923297040882085,-1.0005183562379911,135,4.5
1,0,785.3421204984985,291.2636070746074,0.5387338058697876,-1.1428738785831696,1.263485186274332,-1.1303014904135926,135,4.5
2,0,781.0799316448619,266.59468762983687,0.7767467696596808,-0.914189671180938,1.1996158964729755,-0.8665019868677136,135,4.5
3,0,767.8540149974966,307.5412480748778,-0.10217307323000403,-0.6250930207332546,0.633388207549437,-1.7328161739334336,135,4.5
0,0,762.466957228921,282.0561844116382,1.1544501862155203,-0.6971197920721315,1.3486034394705293,-0.5432487786147362,136,4.533333333333333
1,0,786.1759534843792,290.53088801180604,0.8338329858806909,-0.732719062801366,1.1100246273552765,-0.7209420507615598,136,4.533333333333333
2,0,781.3274169475968,265.50968054198233,0.24748530273501484,-1.085007087854541,1.1128743665681378,-1.3465374433722912,136,4.533333333333333
3,0,768.1447066944913,306.715563433683,0.29069169699466224,-0.8256846411948202,0.8753609480703691,-1.2322862458171315,136,4.533333333333333
0,0,763.9894783093474,281.6930134275001,1.5225210804263942,-0.36317098413807747,1.565235957950933,-0.2341570832554437,137,4.566666666666666
1,0,786.8927729920083,290.11347269718436,0.7168195076290811,-0.41741531462165704,0.829497288361026,-0.527314905493446,137,4.566666666666666
2,0,782.1013745351091,264.6852004158186,0.7739575875123053,-0.8244801261637604,1.1308305910731624,-0.8169950931823065,137,4.566666666666666
3,0,768.8500947444043,305.8208096952432,0.7053880499129823,-0.8947537384397783,1.139366733502431,-0.9031933597953433,137,4.566666666666666
0,0,765.1830022806594,281.1988618106197,1.1935239713119103,-0.49415161688038567,1.2917760218248568,-0.39254016470699854,138,4.6
1,0,787.5940762382248,289.27435937848065,0.7013032462165182,-0.839113318703707,1.0935892303693262,-0.8746234886036384,138,4.6
2,0,783.294678657719,264.2612716187851,1.1933041226098746,-0.4239287970335055,1.266368964398606,-0.3413497882003145,138,4.6
3,0,769.7230357263489,305.3871180251053,0.8729409819446379,-0.43369167013793253,0.974738130322959,-0.4610977389083065,138,4.6
0,0,766.0217122251842,280.6029282882462,0.8387099445248367,-0.5959335223735338,1.0288688614849717,-0.6177620921319554,139,4.633333333333334
1,0,788.5637834135049,288.93377851095767,0.9697071752800338,-0.3405808675229927,1.027777861754327,-0.3377615530825201,139,4.633333333333334
2,0,784.1589545703362,263.34205960282725,0.8642759126171378,-0.919212015957857,1.2617145411746247,-0.8161910484288848,139,4.633333333333334
3,0,770.5878358955974,304.51373107369767,0.864800169248473,-0.8733869514076372,1.229098897412781,-0.7903382024797989,139,4.633333333333334
0,0,766.4059496501889,279.6829338748439,0.3842374250046615,-0.9199944134022762,0.9970095884521929,-1.175166002580473,140,4.666666666666667
1,0,789.1832471127216,288.16008480246387,0.6194636992167233,-0.7736937084938035,0.9911292696768477,-0.8956545758138662,140,4.666666666666667
2,0,785.2986176976983,262.93083806287626,1.1396631273621858,-0.41122153995100563,1.2115837564067267,-0.3462877478739607,140,4.666666666666667
3,0,771.1692658596603,303.7792094051818,0.5814299640628441,-0.7345216685158809,0.9367939392574408,-0.9012129182065487,140,4.666666666666667
0,0,766.2393626724809,278.7099393087557,-0.16658697770797745,-0.972994566088245,0.9871522915837911,-1.7403628387274557,141,4.7
1,0,790.0863892812539,287.85427960280833,0.9031421685323145,-0.30580519965556063,0.9535106694304102,-0.3264842946909355,141,4.7
2,0,786.1464548996237,261.99360910073057,0.8478372019254137,-0.937228962145711,1.2638140877729769,-0.8354339266803933,141,4.7
3,0,771.3913782190244,303.13603735200775,0.22211235936417878,-0.6431720531740304,0.6804441124489357,-1.2382799130794377,141,4.7
0,0,766.6212527679114,277.65393669363186,0.3818900954305124,-1.0560026151238056,1.1229343561118086,-1.2237919172777376,142,4.733333333333333
1,0,790.7269408082944,287.06689555312397,0.640551527040573,-0.7873840496843487,1.0150270442167217,-0.8878665536550464,142,4.733333333333333
2,0,786.8582353895453,261.3359412914979,0.7117804899216074,-0.6576678092327161,0.9691018590086409,-0.7459044901366872,142,4.733333333333333
3,0,771.8179775616289,302.2562131262292,0.4265993426045018,-0.8798242257785247,0.9777922414180701,-1.1193267629342307,142,4.733333333333333
0,0,767.5323457103461,276.8657674363215,0.9110929424347712,-0.788169257310378,1.2046996006987145,-0.7131845072709566,143,4.766666666666667
1,0,791.0790655293443,285.8783235959869,0.3521247210499058,-1.1885719571370499,1.2396350739096853,-1.2827754899625248,143,4.766666666666667
2,0,787.2113136347258,260.26540711473126,0.35307824518051867,-1.070534176766608,1.1272567013972963,-1.2522155943520226,143,4.766666666666667
3,0,772.3879947807839,301.1126600917361,0.570017219154927,-1.1435530344931757,1.2777453474114733,-1.1083802342705127,143,4.766666666666667
0,0,768.0002311828048,275.67386276332866,0.46788547245864875,-1.1919046729928457,1.2804505319769426,-1.1967264219791454,144,4.8
1,0,791.8050074978527,285.0494180599423,0.7259419685082711,-0.8289055360446065,1.1018512283094575,-0.8515226263910411,144,4.8
2,0,788.0784374638182,259.4900602183665,0.8671238290924546,-0.7753468963647653,1.1632138860426462,-0.7295788467437587,144,4.8
3,0,773.1962611024675,299.7623473787793,0.8082663216835715,-1.350312712956781,1.5737340529900827,-1.0314237039675063,144,4.8
0,0,768.8657510026034,274.47160154203397,0.8655198197985841,-1.202261221294705,1.4814035921021689,-0.9468325799584979,145,4.833333333333333
1,0,792.0601195470834,283.8701308309829,0.25511204923081054,-1.1792872289594076,1.2065655912752948,-1.357751835116223,145,4.833333333333333
2,0,788.4613420528698,258.35933313851945,0.3829045890515522,-1.1307270798470683,1.1938005082157641,-1.2442812313998004,145,4.833333333333333
3,0,773.6979669326938,298.5685297533494,0.5017058302263698,-1.1938176254298407,1.2949553130784377,-1.1729530129486356,145,4.833333333333333
0,0,769.1833866112077,273.07290832507664,0.317635608604337,-1.3986932169573036,1.4343064857330243,-1.3474891568104748,146,4.866666666666666
1,0,792.7897558103815,282.99952840589975,0.7296362632980986,-0.8706024250831066,1.135921502252774,-0.8732620676759225,146,4.866666666666666
2,0,789.342279991475,257.55438413616037,0.8809379386053088,-0.8049490023590945,1.1933124268493445,-0.7403550844909799,146,4.866666666666666
3,0,773.8959553736354,297.56285467180226,0.19798844094158427,-1.0056750815471587,1.0249789229010338,-1.3764110490019132,146,4.866666666666666
0,0,769.9307924370806,271.99460637974414,0.7474058258730215,-1.0783019453325189,1.3120024976564746,-0.9646944945979519,147,4.9
1,0,792.9925950081727,281.8536065673891,0.20283919779110526,-1.1459218385106578,1.1637356229557403,-1.3956014164895574,147,4.9
2,0,789.7303115327419,256.4099249760273,0.38803154126682143,-1.1444591601330847,1.2084515903545456,-1.243907539156474,147,4.9
3,0,773.721834776722,296.77196406136403,-0.17412059691341106,-0.7908906104382503,0.8098308094589084,-1.7874969731189942,147,4.9
0,0,771.0594310210281,271.3669972741384,1.1286385839474673,-0.6276091056057629,1.2914016581274046,-0.5074963016896961,148,4.933333333333334
1,0,793.6420435593993,281.016710352648,0.6494485512266838,-0.836896214741078,1.0593293609347298,-0.9108490605208932,148,4.933333333333334
2,0,790.589036343095,255.61051759982706,0.8587248103531421,-0.7994073762002356,1.173226513951754,-0.7496397660015657,148,4.933333333333334
3,0,774.023545746096,295.822712486547,0.30171096937405567,-0.9492515748170206,0.9960462144565513,-1.263053158248477,148,4.933333333333334
0,0,771.7556121342886,270.42576694957273,0.6961811132604847,-0.9412303245656435,1.1707188673385913,-0.933952120788376,149,4.966666666666667
1,0,794.5095542749402,280.6593735298649,0.8675107155409213,-0.357336822783068,0.9382240918325531,-0.3907317450447806,149,4.966666666666667
2,0,791.8157569727932,255.27873007645448,1.226720629698197,-0.33178752337259065,1.2707975700294907,-0.26414710901856686,149,4.966666666666667
3,0,774.7954859908488,294.85883980296745,0.7719402447526993,-0.9638726835795474,1.2348855378615848,-0.8955228914883979,149,4.966666666666667
0,0,771.9385351792314,269.40619234471797,0.18292304494274525,-1.0195746048547458,1.035853858049405,-1.3932738241328029,150,5.0
1,0,795.1149259552628,279.82440387324647,0.6053716803226534,-0.8349696566184567,1.0313336990568167,-0.9434734710445086,150,5.0
2,0,792.6984097775546,254.534465222774,0.8826528047613862,-0.7442648536804902,1.1545588534921827,-0.7005409946139108,150,5.0
3,0,775.5444261186324,293.5379263948843,0.748940127783625,-1.32091340808314,1.5184609137736698,-1.0550052252779107,150,5.0
0,0,772.5855404861595,268.30883533655856,0.6470053069281527,-1.0973570081593838,1.2738949213140411,-1.0380565380125415,151,5.033333333333333
1,0,795.4415738203402,278.60171226766226,0.3266478650773697,-1.2226916055841768,1.2655724357481937,-1.3097383149069115,151,5.033333333333333
2,0,793.0842795518978,253.52367154658447,0.3858697743431944,-1.010793676189547,1.0819423915238957,-1.2061216349234247,151,5.033333333333333
3,0,775.9781548172008,292.37226164647177,0.4337286985683634,-1.165664748412556,1.2437422922991377,-1.214581962653563,151,5.033333333333333
0,0,772.7169486193254,266.92822493824616,0.13140813316589223,-1.3806103983124087,1.3868500890112432,-1.4759010198487061,152,5.066666666666666
1,0,796.1411972534333,277.7288522178249,0.6996234330932218,-0.8728600498373833,1.1186409677529539,-0.8951232114277649,152,5.066666666666666
2,0,793.6493424492548,252.88538647216077,0.5650628973571061,-0.6382850744236974,0.8524693039644726,-0.8461719454043735,152,5.066666666666666
3,0,776.071175757218,291.38540598587485,0.09302094001726582,-0.9868556605969074,0.9912300389585933,-1.476814087886674,152,5.066666666666666
0,0,773.4189751544261,265.7253945520213,0.7020265351006341,-1.2028303862248206,1.3927103769309515,-1.0424890024882163,153,5.1
1,0,796.9234362168038,277.2794671941046,0.7822389633704555,-0.44938502372030953,0.9021334132815323,-0.52144761199953,153,5.1
2,0,793.910812915991,251.84727227160874,0.2614704667360589,-1.0381142005520325,1.0705362667200762,-1.3240578570603792,153,5.1
3,0,776.5913066545834,290.258813143783,0.5201308973653553,-1.1265928420918172,1.2408656584202047,-1.1382678401043302,153,5.1
0,0,773.7084607177635,264.6000982937656,0.28948556333738346,-1.125296258255745,1.1619352650750998,-1.3190032753438246,154,5.133333333333334
1,0,797.4127203213059,276.3831236139873,0.4892841045020745,-0.8963435801172903,1.0211908482433036,-1.0711320189507871,154,5.133333333333334
2,0,794.6203506350407,251.14575486618085,0.7095377190497925,-0.7015174054278992,0.997782764369416,-0.7797143122749384,154,5.133333333333334
3,0,777.3087451404353,288.8971329499772,0.7174384858519366,-1.3616801938057892,1.5391201808775334,-1.0858787331528312,154,5.133333333333334
0,0,773.5589789610278,263.6366839988088,-0.14948175673567954,-0.9634142949567874,0.9749419979280145,-1.7247272422550401,155,5.166666666666667
1,0,798.243128806458,275.375941726496,0.8304084851521351,-1.007181887491308,1.3053710609260563,-0.8813015361588445,155,5.166666666666667
2,0,794.8567728359188,250.14844068042424,0.23642220087813282,-0.997314185756615,1.0249541658920365,-1.3380341180373527,155,5.166666666666667
3,0,777.6828131312807,287.67755176834777,0.37406799084537634,-1.2195811816294593,1.2756587005777857,-1.2731873148167536,155,5.166666666666667
0,0,773.9349493777361,262.5387451503989,0.37597041670820575,-1.0979388484099297,1.1605272375465663,-1.2408786129387896,156,5.2
1,0,798.6134751221119,274.3304861644464,0.37034631565388276,-1.0454555620495734,1.1091139372214176,-1.2303457133874551,156,5.2
2,0,795.5867054490792,249.42161600182007,0.7299326131603792,-0.7268246786041834,1.030085303838092,-0.7832647058487109,156,5.2
3,0,777.7112479524428,286.6486720027941,0.028434821162140356,-1.0288797655536381,1.0292726125863023,-1.5431666794289325,156,5.2
0,0,774.2844506891448,261.1250560296915,0.3495013114087925,-1.413689120707352,1.4562513851264802,-1.3284297832568972,157,5.233333333333333
1,0,799.4699609898848,273.611278428349,0.8564858677728879,-0.7192077360974112,1.1184041350768694,-0.6984952420309679,157,5.233333333333333
2,0,795.8193054923208,248.43499100659508,0.23260004324166766,-0.9866249952249749,1.013672363892154,-1.3392706631120825,157,5.233333333333333
3,0,778.1549662914189,285.4495492142175,0.4437183389760526,-1.1991227885766222,1.2785857133674856,-1.2163849345932156,157,5.233333333333333
0,0,774.2840960249184,259.91182875815133,-0.00035466422642052575,-1.2132272715401904,1.213227323379905,-1.5710886580214007,158,5.266666666666667
1,0,799.8425332490583,272.5612528886611,0.37257225917351017,-1.050025539687931,1.114165033692309,-1.2298321322526944,158,5.266666666666667
2,0,796.5171985081294,247.7484294530883,0.6978930158085336,-0.6865615535067884,0.9789900041716385,-0.7772135616569,158,5.266666666666667
3,0,778.7987722074475,284.01149617789326,0.643805916028699,-1.438053036324248,1.5755896016396342,-1.149862768823773,158,5.266666666666667
0,0,774.8753242027457,258.7355374052169,0.5912281778272066,-1.1762913529343864,1.3165151367322323,-1.105054495729278,159,5.3
1,0,800.6986425734624,271.84247061597836,0.8561093244041086,-0.7187822726827191,1.1178421761834691,-0.6984203815688724,159,5.3
2,0,796.7566235078584,246.74986065616673,0.23942499972901166,-0.9985687969215825,1.0268709620398533,-1.3354705740824857,159,5.3
3,0,779.8253793359017,282.47904349998305,1.0266071284542477,-1.532452677910193,1.8445415165366157,-0.9805509080608765,159,5.3
0,0,775.0390765231202,257.648208541448,0.1637523203745594,-1.087328863768915,1.0995903238993383,-1.4213191001120813,160,5.333333333333333
1,0,801.0848366357824,270.7681002733105,0.38619406231995407,-1.0743703426678752,1.1416731086328855,-1.225718132811638,160,5.333333333333333
2,0,797.4851396000273,246.02887310924223,0.7285160921688882,-0.7209875469245177,1.0249676772314635,-0.7802043319748742,160,5.333333333333333
3,0,780.526763886789,281.0766769967542,0.7013845508872927,-1.4023665032288222,1.5679834494029596,-1.1070338903425265,160,5.333333333333333
0,0,775.6740250988637,256.4773196318758,0.6349485757435187,-1.170888909572237,1.331968667949057,-1.0739001948403162,161,5.366666666666666
1,0,801.7478817176892,270.0755645375044,0.663045081906844,-0.692535735806082,0.9587671907242784,-0.8071497272961032,161,5.366666666666666
2,0,797.7166265115537,245.0520702676414,0.23148691152646772,-0.9768028416008279,1.0038575504360738,-1.338104772512334,161,5.366666666666666
3,0,780.8930446084561,279.82687892383,0.36628072166705045,-1.2497980729242035,1.30236584343647,-1.2857076252406123,161,5.366666666666666
0,0,775.8503989344202,255.35630440142776,0.17637383555656383,-1.1210152304480294,1.1348052153411097,-1.414741572305697,162,5.4
1,0,802.0135390653965,269.0075120938315,0.2656573477072311,-1.068052443672898,1.100595224788155,-1.3270127295692578,162,5.4
2,0,798.3985810331147,244.38698955368918,0.6819545215609548,-0.6650807139522295,0.9525724778454593,-0.7728721918009234,162,5.4
3,0,781.1492268126842,278.8572874603525,0.2561822042281706,-0.9695914634775293,1.0028643616220996,-1.3124826910376677,162,5.4
0,0,776.5024506150809,254.15764311368042,0.6520516806605782,-1.1986612877473486,1.3645366528592835,-1.0725842233514957,163,5.433333333333334
1,0,802.5967999776352,268.2929185710887,0.5832609122387427,-0.7145935227428128,0.9224083664470706,-0.8862469690603901,163,5.433333333333334
2,0,798.6406426849546,243.39425833405792,0.2420616518398988,-0.992731219631247,1.0218165773376373,-1.331629297870488,163,5.433333333333334
3,0,780.9524612132927,278.04731909789774,-0.19676559939148947,-0.8099683624547422,0.833525913983188,-1.809109865837101,163,5.433333333333334
0,0,776.6866553050721,252.9983607306802,0.1842046899912868,-1.1592823830002232,1.1738258011091178,-1.4132182341260213,164,5.466666666666667
1,0,802.7850065847912,267.2197396858612,0.18820660715595386,-1.0731788852275164,1.0895570873870402,-1.397188761074688,164,5.466666666666667
2,0,799.2247723517191,242.75679430462185,0.5841296667645399,-0.6374640294360732,0.8646200647795118,-0.8290301119723752,164,5.466666666666667
3,0,780.3608141066189,277.54642978775723,-0.5916471066737933,-0.5008893101405059,0.7752008770947714,-2.439074923085741,164,5.466666666666667
0,0,776.3506574696175,251.98684332209172,-0.33599783545456885,-1.0115174085884862,1.0658620986355232,-1.8915013839056884,165,5.5
1,0,803.1073964613777,266.46915640701155,0.3223898765864993,-0.7505832788496429,0.8168907460695948,-1.1651041713835095,165,5.5
2,0,799.3566912163466,241.85370421760058,0.13191886462742097,-0.9030900870212566,0.9126742530172792,-1.4257472241457403,165,5.5
3,0,780.1142029484444,276.6817004532778,-0.24661115817452794,-0.864729334479422,0.8992073649861895,-1.848610131493106,165,5.5
0,0,776.5656679702583,250.80947359630122,0.21501050064074786,-1.1773697257905014,1.1968412537148714,-1.390167400265877,166,5.533333333333333
1,0,803.2817732884553,265.9814771110171,0.17437682707763516,-0.48767929599445775,0.5179173424044743,-1.2273984479998272,166,5.533333333333333
2,0,800.006071233712,241.09877384443882,0.6493800173654282,-0.754930373161766,0.9957983105406873,-0.8604188043506269,166,5.533333333333333
3,0,780.3391366952401,275.6017230208143,0.22493374679570619,-1.0799774324635218,1.1031529563383564,-1.3654555608959094,166,5.533333333333333
0,0,777.297648029524,249.9045788170532,0.731980059265692,-0.9048947792480331,1.1638854620077324,-0.890644937247369,167,5.566666666666666
1,0,803.8350413687014,265.40576515924755,0.5532680802461338,-0.5757119517695367,0.7984671690367311,-0.805275322373198,167,5.566666666666666
2,0,800.1497366102473,240.11817425748697,0.14366537653533495,-0.980599586951851,0.9910677526512405,-1.4253235824487287,167,5.566666666666666
3,0,780.9875305278084,274.41009217028886,0.6483938325682916,-1.1916308505254307,1.3566129315455309,-1.072476351104324,167,5.566666666666666
0,0,777.5363332374465,248.92659543603938,0.2386852079224311,-0.9779833810138057,1.0066886917116775,-1.3314173845497919,168,5.6
1,0,804.1051707960032,264.42950769071194,0.2701294273018716,-0.9762574685356222,1.0129405473007873,-1.3008512923852809,168,5.6
2,0,800.8085396380804,239.34644216980124,0.6588030278332054,-0.7717320876857349,1.014688052874371,-0.8641766202367619,168,5.6
3,0,781.6822159023869,272.90969246073945,0.6946853745784748,-1.5003997095493906,1.6534167829283493,-1.137184173793447,168,5.6
0,0,778.0839178389356,247.75885867470507,0.5475846014890964,-1.1677367613343206,1.2897511541221975,-1.1323137460695698,169,5.633333333333334
1,0,804.8242911929962,263.7749728441468,0.719120396992985,-0.6545348465651316,0.9723939586090551,-0.7384154708619208,169,5.633333333333334
2,0,800.9461931964918,238.40556513993192,0.13765355841133337,-0.9408770298693258,0.9508933102504331,-1.4255235297227713,169,5.633333333333334
3,0,782.0237878956269,271.5564843575306,0.3415719932400202,-1.3532081032088166,1.3956516747225876,-1.3235446487212017,169,5.633333333333334
0,0,778.1611621039689,246.65603590628942,0.07724426503329568,-1.1028227684156604,1.1055246424284333,-1.5008682118356065,170,5.666666666666667
1,0,805.0542647495229,262.9033746821199,0.22997355652676726,-0.8715981620269511,0.9014273086335522,-1.3128228878848356,170,5.666666666666667
2,0,801.5853511043798,237.67728997928089,0.6391579078880574,-0.7282751606510314,0.968972414899993,-0.8504773300251363,170,5.666666666666667
3,0,781.9623274620598,270.3785520569447,-0.06146043356710665,-1.1779323005858824,1.1795346072319397,-1.6229255971623457,170,5.666666666666667
0,0,778.7426387366575,245.4743248435225,0.581476632688539,-1.1817110627668979,1.3170254782002029,-1.1135182215555355,171,5.7
1,0,805.7574733946667,262.2782465031456,0.7032086451438029,-0.6251281789742411,0.9408972519635891,-0.726685099177299,171,5.7
2,0,801.738188141193,236.69094732454826,0.15283703681313188,-0.9863426547326295,0.9981137171519234,-1.4170656436977749,171,5.7
3,0,782.4134083761722,269.0782851044108,0.45108091411246387,-1.30026695253397,1.3762878110804126,-1.23687329711123,171,5.7
0,0,778.8579683585626,244.35244984070212,0.11532962190515644,-1.1218750028203788,1.1277874106594785,-1.468355403708734,172,5.733333333333333
1,0,805.9790956283994,261.4425698588596,0.22162223373268441,-0.8356766442860007,0.8645645541483734,-1.3115628483543276,172,5.733333333333333
2,0,802.3485392292465,235.99449544034047,0.6103510880535177,-0.6964518842077869,0.9260527402392854,-0.8511896655539299,172,5.733333333333333
3,0,782.7044332076329,268.0390829910738,0.2910248314605871,-1.03920211333695,1.0791832489853825,-1.297744579006789,172,5.733333333333333
0,0,778.5163706297353,243.4387087496151,-0.34159772882730205,-0.913741091087023,0.9755059148364371,-1.9285541930580612,173,5.766666666666667
1,0,806.6585941109656,260.85985052795655,0.6794984825662707,-0.5827193309030363,0.8951424503496339,-0.7088739964822129,173,5.766666666666667
2,0,803.2410672276551,235.75349681435168,0.8925279984086095,-0.24099862598880273,0.9244925990356925,-0.2637286123009078,173,5.766666666666667
3,0,783.2796251522826,267.3622005792632,0.575191944649802,-0.6768824118106335,0.888265485431355,-0.866437882718895,173,5.766666666666667
0,0,778.722640125162,242.48032189936146,0.20626949542666007,-0.9583868502536401,0.980332830972554,-1.3588044341399563,174,5.8
1,0,806.8642230327862,260.1132724940174,0.20562892182057524,-0.7465780339391401,0.7743784696448657,-1.3020317195285338,174,5.8
2,0,803.7898562611042,235.12531940805945,0.548789033449109,-0.6281774062922308,0.8341320381150946,-0.8527478338825035,174,5.8
3,0,783.3655523129664,266.61681933519054,0.08592716068379486,-0.7453812440726124,0.7503177166763517,-1.4560234786954154,174,5.8
0,0,779.38765770357,241.45391771699553,0.6650175784079733,-1.0264041823659256,1.2230101901332913,-0.9958917233014112,175,5.833333333333333
1,0,807.5439643476559,259.5297289838287,0.6797413148697184,-0.5835435101886952,0.8958634290025224,-0.7093958973016669,175,5.833333333333333
2,0,803.8834499929889,234.25414742971745,0.09359373188469372,-0.8711719783420075,0.8761851416775059,-1.4637725503209693,175,5.833333333333333
3,0,783.8145170249328,265.69786819610084,0.4489647119663779,-0.9189511390896856,1.0227612177948884,-1.1163408234866912,175,5.833333333333333
0,0,779.5071206702361,240.32699602596392,0.11946296666611705,-1.1269216910316047,1.1332360293081936,-1.465182544696437,176,5.866666666666666
1,0,807.756664843479,258.72501917940133,0.21270049582311318,-0.8047098044273753,0.8323457035781123,-1.312386547876941,176,5.866666666666666
2,0,803.4608769386482,233.30274629063678,-0.4225730543406604,-0.9514011390806694,1.0410245499981208,-1.9887819856935407,176,5.866666666666666
3,0,783.7266309159342,264.7857598345051,-0.08788610899860566,-0.9121083615957792,0.916332707834797,-1.666854681049506,176,5.866666666666666
0,0,779.1330039535521,239.3881632962937,-0.374116716683931,-0.9388327296702158,1.0106286221963008,-1.950001462594406,177,5.9
1,0,808.3492721106985,258.2436159613571,0.5926072672195204,-0.48140321804422415,0.7635001188635945,-0.6822248783193187,177,5.9
2,0,802.9944698899099,232.69425231048623,-0.4664070487383084,-0.6084939801505413,0.7666814586203492,-2.224770360933543,177,5.9
3,0,783.8982082249712,263.60225419878174,0.1715773090370667,-1.1835056357233253,1.1958780718640483,-1.4268255659139715,177,5.9
0,0,778.5943740712876,238.82401914287982,-0.5386298822646096,-0.5641441534138821,0.7799876767612761,-2.333062171847171,178,5.933333333333334
1,0,808.5105883388218,257.5362631833145,0.16131622812325497,-0.707352778042629,0.7255142163049175,-1.3465748043878791,178,5.933333333333334
2,0,802.4392039904665,232.52253531779235,-0.5552658994433358,-0.1717169926938804,0.5812116177989277,-2.841669707163368,178,5.933333333333334
3,0,783.6711377590013,262.1844509248388,-0.22707046596990693,-1.4178032739429456,1.435871554185515,-1.7296042173178858,178,5.933333333333334
0,0,778.2111896471275,237.85630665174227,-0.3831844241600226,-0.9677124911375444,1.0408159147622984,-1.947823128207375,179,5.966666666666667
1,0,808.1872385177496,256.7630018738349,-0.32334982107219795,-0.7732613094795605,0.8381456672473271,-1.966862358828339,179,5.966666666666667
2,0,802.1709019714285,232.01294847864568,-0.268302019037976,-0.5095868391466751,0.5759033947211579,-2.0554254846642164,179,5.966666666666667
3,0,783.5681359618028,261.049259628508,-0.10300179719858008,-1.1351912963307969,1.1398546615649436,-1.6612837351368395,179,5.966666666666667
0,0,777.4720349129364,237.2888628653785,-0.7391547341912174,-0.5674437863637912,0.9318487923263973,-2.4868639631611473,180,6.0
1,0,808.3573545851558,256.03388481029407,0.17011606740621588,-0.7291170635408479,0.7486996518873139,-1.3415790231508316,180,6.0
2,0,801.7717615855946,231.23329265087148,-0.3991403858339392,-0.7796558277742159,0.8758859842387956,-2.043953682292466,180,6.0
3,0,783.5987997537223,260.2013412451412,0.03066379191950508,-0.8479183833668407,0.8484726589503749,-1.5346484668582683,180,6.0
0,0,777.1608043818213,236.39282930832846,-0.31123053111499815,-0.8960335570500212,0.9485465612492817,-1.9051016992953596,181,6.033333333333333
1,0,808.0373920965103,255.2342324324145,-0.319962488645537,-0.7996523778795755,0.8612896838977608,-1.951412162081565,181,6.033333333333333
2,0,801.1955288483176,230.20882598739394,-0.5762327372769455,-1.0244666634775306,1.1754046588670921,-2.083163719047941,181,6.033333333333333
3,0,783.2759749490576,259.6289911324184,-0.32282480466472624,-0.5723501127228094,0.6571152912850463,-2.0843501595354086,181,6.033333333333333
0,0,776.4146313965505,235.81849623317717,-0.7461729852708999,-0.574333075151295,0.9416117061511234,-2.4855991609045414,182,6.066666666666666
1,0,807.2249011214665,254.5905539975347,-0.8124909750438474,-0.6436784348798101,1.0365633179198577,-2.4716084818335164,182,6.066666666666666
2,0,800.3349826918824,229.6207580688273,-0.8605461564352643,-0.5880679185666229,1.0422876590475332,-2.5421179529942215,182,6.066666666666666
3,0,782.6811905718486,259.4276935384594,-0.5947843772090617,-0.20129759395899227,0.6279244992080264,-2.8152550181591116,182,6.066666666666666
0,0,775.4570106520408,235.74359090531692,-0.9576207445097,-0.07490532786025128,0.9605458336056453,-3.06353135470655,183,6.1
1,0,806.0463729938857,254.37509099557943,-1.1785281275807205,-0.21546300195525844,1.1980621238944542,-2.960765878713219,183,6.1
2,0,799.3028427966157,229.5714724737734,-1.0321398952667022,-0.049285595053909725,1.0333159406885084,-3.093878010473761,183,6.1
3,0,781.953574630958,259.66968415130384,-0.7276159408905394,0.24199061284443754,0.7668014176713885,2.820520124615878,183,6.1
0,0,774.7289535586541,235.18156681603372,-0.7280570933867694,-0.5620240892832117,0.9197489919349814,-2.484190548683748,184,6.133333333333334
1,0,805.1917210460874,254.01480712230395,-0.8546519477983219,-0.3602838732754649,0.9274882323877952,-2.742642502488184,184,6.133333333333334
2,0,798.2689931642366,230.09003226867296,-1.033849632379094,0.518559794899538,1.1566111374427614,2.6766806872287607,184,6.133333333333334
3,0,780.9396850636756,259.56170966375373,-1.013889567282378,-0.10797448755008446,1.0196227462183016,-3.0354972190178824,184,6.133333333333334
0,0,773.8103254226853,235.11886735395007,-0.9186281359687912,-0.06269946208365212,0.9207653744244921,-3.0734449792525926,185,6.166666666666667
1,0,804.5623630776942,253.8887226214539,-0.6293579683932409,-0.12608450085006118,0.6418635008587703,-2.9438718335227394,185,6.166666666666667
2,0,797.3792508120503,230.25315591135606,-0.8897423521862777,0.1631236426830935,0.9045721508404798,2.960268299776045,185,6.166666666666667
3,0,779.6250804772666,259.564272277972,-1.3146045864090323,0.0025626142182948106,1.3146070841126998,3.13964331384241,185,6.166666666666667
0,0,772.8905973135326,235.59562648551147,-0.9197281091527865,0.47675913156142136,1.0359532153012319,2.663357559384229,186,6.2
1,0,804.0325345986854,254.2086459621008,-0.5298284790088021,0.31992334064691513,0.618925812242035,2.5983658700096504,186,6.2
2,0,796.5272765980519,229.88457947320708,-0.8519742139983958,-0.3685764381489729,0.928282635880241,-2.733290135985551,186,6.2
3,0,778.5097397774691,260.09296831051256,-1.1153406997974706,0.5286960325405774,1.2343031926754702,2.6989425773452607,186,6.2
0,0,772.040433597429,236.31194433808042,-0.8501637161035639,0.7163178525689378,1.1117057209927435,2.4414310908798917,187,6.233333333333333
1,0,803.2211626819103,254.1731738744261,-0.8113719167750625,-0.03547208767469598,0.8121469425758125,-3.0979018216642262,187,6.233333333333333
2,0,795.5773840770219,230.0474050828551,-0.9498925210301027,0.16282560964802217,0.9637468446984271,2.97182778539907,187,6.233333333333333
3,0,777.8054163289314,260.9075882309271,-0.7043234485376539,0.8146199204145637,1.076883064634319,2.283707767782648,187,6.233333333333333
0,0,770.9313911663121,236.50185139020186,-1.109042431116888,0.1899070521214304,1.1251843415472458,2.97200228071276,188,6.266666666666667
1,0,802.1140854813848,254.0733089123825,-1.1070772005254943,-0.09986496204362759,1.1115722822054086,-3.0516301776938164,188,6.266666666666667
2,0,794.7003041797153,229.67042424063766,-0.8770798973065408,-0.3769808422174505,0.9546641826622755,-2.7356519437218196,188,6.266666666666667
3,0,776.9452073597226,261.24684577321125,-0.8602089692087596,0.33925754228415494,0.9246919220496531,2.7659320938704894,188,6.266666666666667
0,0,770.0880909080342,237.2132234765723,-0.8433002582779028,0.711372086370428,1.1032703978982639,2.4408508222539975,189,6.3
1,0,801.3157342488543,253.85214869088375,-0.7983512325305133,-0.22116022149874612,0.8284180913381625,-2.8713483159983126,189,6.3
2,0,793.7288379647425,229.83210297568425,-0.9714662149728166,0.16167873504660282,0.9848282186248931,2.9766766462772183,189,6.3
3,0,776.4663923873018,261.9391599800105,-0.47881497242082305,0.6923142067992551,0.8417616876233055,2.1758726589827906,189,6.3
0,0,768.8352930119732,237.6681004913947,-1.2527978960609611,0.45487701482241094,1.3328224439093599,2.7933052578790636,190,6.333333333333333
1,0,800.2885405354266,254.06982259920576,-1.0271937134277063,0.21767390832201736,1.0500042167865722,2.9327706367085327,190,6.333333333333333
2,0,792.8349462193004,230.53969509721375,-0.8938917454421923,0.7075921215294891,1.14005660518252,2.4720033458281243,190,6.333333333333333
3,0,775.7727844466289,262.1884854035682,-0.6936079406729367,0.24932542355768983,0.737058438793542,2.796513779284048,190,6.333333333333333
0,0,767.9614029573772,238.45908442497853,-0.8738900545960067,0.7909839335838196,1.178702426700456,2.4059506243865942,191,6.366666666666666
1,0,799.5987282627194,254.6909135091,-0.6898122727071785,0.6210909098942313,0.9282213582603489,2.4085694594878557,191,6.366666666666666
2,0,792.1387363316773,231.70612504387768,-0.696209887623108,1.166429946663936,1.3584060615657652,2.108912976711972,191,6.366666666666666
3,0,775.1968116232916,262.90738315504416,-0.5759728233371914,0.7188977514759265,0.9211724433026416,2.246261723868415,191,6.366666666666666
0,0,767.5873930835062,239.56944207132148,-0.3740098738710632,1.1103576463429512,1.1716558746258676,1.8956971310640631,192,6.4
1,0,799.3828282833599,255.54747145772262,-0.21589997935946548,0.8565579486226186,0.8833483573517336,1.8177084619863277,192,6.4
2,0,791.338569639544,232.48396139646695,-0.8001666921333274,0.7778363525892726,1.115928369837856,2.37034455741763,192,6.4
3,0,775.1010644772132,263.8718135186044,-0.09574714607845225,0.9644303635602655,0.9691715235907183,1.6697505167285576,192,6.4
0,0,766.6664657690011,240.44800663724484,-0.9209273145050549,0.878564565923367,1.2727854552506508,2.3797316485405284,193,6.433333333333334
1,0,799.2256646696239,256.10946480267705,-0.1571636137359929,0.5619933449544268,0.5835554140401935,1.843484034641956,193,6.433333333333334
2,0,790.4703959741585,232.80447233999342,-0.8681736653855252,0.3205109435264696,0.9254473395008306,2.7879356159974984,193,6.433333333333334
3,0,775.557476426625,264.84888245369564,0.45641194941181085,0.9770689350912222,1.078413451087376,1.1337940212691062,193,6.433333333333334
0,0,766.2535311494806,241.61887407974504,-0.4129346195204537,1.1708674425002088,1.2415496638900443,1.9098514272235327,194,6.466666666666667
1,0,799.2528652079217,256.9797877408965,0.027200538297692846,0.8703229382194202,0.8707478889291487,1.5395531111678797,194,6.466666666666667
2,0,789.8767229135134,233.59128463587078,-0.5936730606450762,0.7868122958773662,0.985657796539704,2.217189996247092,194,6.466666666666667
3,0,775.4811437404475,265.8100452004823,-0.0763326861775388,0.9611627467866598,0.9641890399654807,1.6500470183364377,194,6.466666666666667
0,0,765.3114047760492,242.50389066583585,-0.9421263734314314,0.8850165860908024,1.2926161306323232,2.3874406496550398,195,6.5
1,0,798.8283474531265,257.6296724479063,-0.42451775479515513,0.6498847070098034,0.7762508979328381,2.1494319099345955,195,6.5
2,0,789.3891943515514,234.75300789445564,-0.4875285619620212,1.1617232585848458,1.2598750050166678,1.9681351043417838,195,6.5
3,0,774.8925453919286,266.58016881010013,-0.5885983485189061,0.7701236096178132,0.9692978850538949,2.223380952903668,195,6.5
0,0,764.8755522555022,243.67496435711558,-0.4358525205470419,1.1710736912797275,1.2495523238643254,1.9270941147212606,196,6.533333333333333
1,0,798.8734659384014,258.45474481163274,0.04511848527485196,0.8250723637264752,0.8263050787080338,1.5161664614390278,196,6.533333333333333
2,0,788.973517945796,236.24555960847985,-0.4156764057554689,1.4925517140242257,1.549353895447531,1.8424140077259934,196,6.533333333333333
3,0,774.8091789552807,267.5674295606239,-0.08336643664796306,0.9872607505238005,0.9907743195522362,1.6550386432112818,196,6.533333333333333
0,0,765.0275019989654,244.97236205677999,0.15194974346315965,1.2973976996644045,1.30626548436105,1.4542085990593405,197,6.566666666666666
1,0,798.4790873147003,259.1172059149378,-0.39437862370111954,0.6624611033050654,0.7709664144595105,2.1077700853088515,197,6.566666666666666
2,0,788.4208627516817,237.4014078339981,-0.5526551941142197,1.1558482255182383,1.281176367255924,2.016802039699113,197,6.566666666666666
3,0,775.2781398012098,268.6024995911198,0.4689608459291592,1.035070030495905,1.136351285054664,1.1453909849206345,197,6.566666666666666
0,0,764.6129601444323,246.1563532057062,-0.41454185453299786,1.1839911489262178,1.2544640249506092,1.90758020833079,198,6.6
1,0,798.5561101809169,259.9481299201381,0.07702286621653653,0.830924005200285,0.8344862038034504,1.4783650199366059,198,6.6
2,0,787.7647428297346,238.1901874393582,-0.6561199219471576,0.7887796053601054,1.0259954277714827,2.2646387781024027,198,6.6
3,0,775.1637443158533,269.74131466256523,-0.11439548535654767,1.1388150714454617,1.1445462393548336,1.6709118178980193,198,6.6
0,0,763.6792285587488,247.03824703811938,-0.933731585683466,0.8818938324131583,1.284364202923504,2.384737643632837,199,6.633333333333334
1,0,798.1443780996842,260.64214476667576,-0.41173208123271654,0.6940148465376459,0.8069571946087949,2.1062460934336635,199,6.633333333333334
2,0,786.9343882407325,238.50005911608253,-0.8303545890020941,0.30987167672433286,0.8862895686584527,2.784418605305027,199,6.633333333333334
3,0,774.5208972923768,270.6397000724482,-0.6428470234763844,0.8983854098829379,1.1046939124857083,2.191887880488807,199,6.633333333333334
0,0,763.1602260566171,247.9540847404895,-0.5190025021317305,0.915837702370107,1.0526738784170306,2.0863683140232983,200,6.666666666666667
1,0,798.2260586435372,261.40705154958994,0.08168054385296136,0.7649067829142037,0.7692555477812768,1.4644144981046434,200,6.666666666666667
2,0,786.3185360811543,239.29492994433423,-0.6158521595781137,0.7948708282516929,1.0055314595091287,2.229970615960985,200,6.666666666666667
3,0,774.079630903504,271.3136329166007,-0.44126638887283004,0.6739328441524612,0.8055442286903266,2.1505126956476186,200,6.666666666666667
0,0,762.2193610461095,248.87109465919582,-0.9408650105076672,0.9170099187063298,1.3138242496633186,2.3690337726418917,201,6.7
1,0,797.8485715317353,262.0146435461669,-0.37748711180187566,0.6075919965769613,0.7153073142928849,2.1267189103385786,201,6.7
2,0,785.7890959981094,240.46253420105387,-0.5294400830449755,1.167604256719637,1.2820321766026337,1.9965084170439527,201,6.7
3,0,773.5887087512924,271.59994302371985,-0.4909221522116351,0.28631010711917254,0.5683115668105796,2.6136111447532944,201,6.7
0,0,761.7895745648342,250.04779472559343,-0.4297864812753345,1.1767000663976153,1.2527327990226749,1.9209893608257804,202,6.733333333333333
1,0,797.9187531851937,262.81310196565215,0.07018165345841518,0.7984584194852602,0.8015368438999275,1.483125198475136,202,6.733333333333333
2,0,785.5935326853453,241.96488485899965,-0.19556331276409583,1.5023506579457837,1.5150255802227885,1.700240025458533,202,6.733333333333333
3,0,773.4328637198442,272.17775114881755,-0.1558450314482058,0.5778081250976972,0.5984562667864781,1.8342449479409078,202,6.733333333333333
0,0,761.9502650208674,251.3389358411293,0.1606904560331636,1.2911411155358878,1.3011021492901327,1.44697684830708,203,6.766666666666667
1,0,797.964140257934,263.91313950706115,0.04538707274030664,1.1000375414089802,1.1009734687452954,1.529560148587914,203,6.766666666666667
2,0,785.4526194359817,243.17187788884115,-0.14091324936361796,1.2069930298414848,1.215190815440991,1.6870175623573036,203,6.766666666666667
3,0,773.6904184245597,272.9283781832915,0.2575547047153871,0.750627034473969,0.7935838776110659,1.240264311186301,203,6.766666666666667
0,0,761.78436494441,252.38818215839504,-0.16590007645745028,1.049246317265735,1.06228088077697,1.7276117025114879,204,6.8
1,0,798.1385225555152,264.71062099872523,0.17438229758124627,0.7974814916641081,0.8163246383985511,1.355518541545408,204,6.8
2,0,785.0870827120336,244.06419609506295,-0.36553672394802955,0.8923182062218071,0.964286719658402,1.9595925176211109,204,6.8
3,0,774.2773500393606,273.8323216019637,0.5869316148010155,0.9039434186722409,1.077776611647231,0.9949124577086669,204,6.8
0,0,761.3036566301263,253.10946142656013,-0.4807083142836436,0.7212792681650948,0.8667896319789462,2.1586601917258927,205,6.833333333333333
1,0,797.8647841708561,265.7115617094119,-0.27373838465913686,1.0009407106866783,1.0376969738539985,1.837749897617038,205,6.833333333333333
2,0,784.9345277462534,245.29098882367117,-0.15255496578029282,1.2267927286082263,1.2362416497393394,1.694513911159092,205,6.833333333333333
3,0,774.3159257448882,274.9150728176346,0.03857570552754963,1.0827512156708698,1.0834381754828906,1.5351839019111746,205,6.833333333333333
0,0,760.7278653870424,254.1225019994142,-0.575791243083879,1.0130405728540743,1.1652410728517038,2.087640703953632,206,6.866666666666666
1,0,798.1332567122108,266.6266803814003,0.2684725413547359,0.9151186719884138,0.9536874169681114,1.285428943014562,206,6.866666666666666
2,0,784.5654903658932,246.77270177732726,-0.36903738036019046,1.4817129536560751,1.5269780172403669,1.8148913290765756,206,6.866666666666666
3,0,774.9307352140916,275.91087318986933,0.614809469203339,0.9958003722347242,1.1703029799008915,1.0176791701874552,206,6.866666666666666
0,0,760.5057216584986,255.003953736447,-0.222143728543795,0.8814517370327928,0.9090132016915194,1.817675540163842,207,6.9
1,0,798.7395218716771,267.16700940011384,0.6062651594662559,0.5403290187135295,0.8121039909066883,0.7279553441494737,207,6.9
2,0,784.0845307622825,247.92619989205593,-0.48095960361073137,1.1534981147286814,1.249751991791977,1.9658351676273287,207,6.9
3,0,775.370243322159,276.6624165905581,0.4395081080674852,0.7515434006887727,0.8706232596111279,1.0416227959885775,207,6.9
0,0,759.7696362511801,255.8512977138041,-0.7360854073184675,0.847343977357107,1.1224141583348615,2.286045474164161,208,6.933333333333334
1,0,798.9183980876651,267.98285540591,0.1788762159879419,0.8158460057961678,0.8352253622943484,1.3549591954140514,208,6.933333333333334
2,0,783.409127792231,248.6995328213845,-0.675402970051523,0.7733329293285816,1.0267487480091433,2.2887003328660405,208,6.933333333333334
3,0,775.4029818493698,277.3143299448541,0.03273852721074033,0.6519133542959745,0.6527348869743038,1.5206193411680995,208,6.933333333333334
0,0,759.518316610419,257.03978030257974,-0.2513196407611624,1.1884825887756454,1.2147643498453433,1.7791889499203029,209,6.966666666666667
1,0,798.5815887643301,268.8478116119034,-0.3368093233348989,0.8649562059933906,0.9282185941747737,1.942126865432314,209,6.966666666666667
2,0,782.9908859831183,249.88441516992984,-0.41824180911259723,1.1848823485453366,1.2565318900784375,1.9101249931379713,209,6.966666666666667
3,0,774.970956708089,277.89753165157845,-0.43202514128077385,0.5832017067243638,0.7257891935161913,2.208371560388714,209,6.966666666666667
0,0,758.7203326083961,257.9823304943342,-0.7979840020229063,0.9425501917544199,1.234981510574465,2.2733261850913276,210,7.0
1,0,798.7682368996219,269.6868590453211,0.18664813529176622,0.8390474334177285,0.8595569335028198,1.3519080230045994,210,7.0
2,0,782.5433560002464,251.3736928779826,-0.4475299828719968,1.4892777080527577,1.5550662935297277,1.8627130248907022,210,7.0
3,0,774.7114933448078,278.3249410140341,-0.25946336328128394,0.4274093624556725,0.49999999999999994,2.1163912415330013,210,7.0
0,0,758.3996588009095,258.99147442492335,-0.32067380748659674,1.0091439305891765,1.0588688131458606,1.8784734311069762,211,7.033333333333333
1,0,798.4512445003173,270.43823182341737,-0.3169923993045853,0.7513727780962756,0.815503055102182,1.970025014700246,211,7.033333333333333
2,0,781.8060479028658,252.50697692183684,-0.7373080973806371,1.1332840438542413,1.3520192138123175,2.147589193592574,211,7.033333333333333
3,0,774.2158889021313,278.3910941424509,-0.49560444267648013,0.06615312841684433,0.49999999999999994,3.0088973217597075,211,7.033333333333333
0,0,757.5473473704973,259.7791877881456,-0.8523114304121652,0.7877133632222435,1.160571892219577,2.395562609247378,212,7.066666666666666
1,0,798.6316546611796,271.17778857604935,0.18041016086223144,0.7395567526319976,0.7612437300273297,1.3315258464286919,212,7.066666666666666
2,0,781.1435259380764,253.9988193769698,-0.6625219647893082,1.4918424551329699,1.6323385876604928,1.9887300403877586,212,7.066666666666666
3,0,773.9602996818339,278.82083144647254,-0.2555892202973743,0.4297373040216316,0.49999999999999994,2.107351676299894,212,7.066666666666666
0,0,757.1957162465343,260.89071672349377,-0.35163112396301316,1.111528935348167,1.1658220367859418,1.8771839512826172,213,7.1
1,0,798.3760278792596,272.12085046809494,-0.2556267819199579,0.9430618920455939,0.9770930272309638,1.8354962942430137,213,7.1
2,0,780.9179205968328,255.39895870350787,-0.2256053412435972,1.4001393265380808,1.4181988237606709,1.7305538090598749,213,7.1
3,0,773.9969808313563,279.54763753731265,0.03668114952230794,0.7268060908401413,0.7277311319523204,1.5203701487853223,213,7.1
0,0,756.362584327661,261.66755285150737,-0.8331319188733262,0.7768361280136211,1.139115079363251,2.3911472730344006,214,7.133333333333334
1,0,798.6516776118528,272.9863744395152,0.2756497325932995,0.8655239714202736,0.9083581453269851,1.2624752563848252,214,7.133333333333334
2,0,780.3470306529221,256.4830075649857,-0.5708899439107682,1.084048861477814,1.225184582881202,2.0555183203580785,214,7.133333333333334
3,0,773.6306751454817,280.4618062423341,-0.36630568587451345,0.9141687050214413,0.98482702884546,1.951904390733428,214,7.133333333333334
0,0,756.0389669667992,262.7390383702774,-0.3236173608618543,1.0714855187700412,1.1192896913601482,1.864111547708097,215,7.166666666666667
1,0,798.4674961442191,273.70855909021986,-0.18418146763372176,0.7221846507046386,0.7453009343433648,1.820507007338776,215,7.166666666666667
2,0,779.9138160706767,257.30050325185806,-0.43321458224539755,0.8174956868723326,0.9251886685022257,2.058099389320495,215,7.166666666666667
3,0,773.7930138559894,281.5484762659701,0.16233871050767001,1.0866700236360165,1.0987290827125646,1.4225020412481306,215,7.166666666666667
0,0,755.2051003845667,263.515653782326,-0.8338665822325868,0.7766154120485902,1.1395020733617192,2.391728617139317,216,7.2
1,0,798.7761927206047,274.46750445288063,0.3086965763856693,0.7589453626607737,0.819323891862386,1.1844895929845611,216,7.2
2,0,779.6589534911082,258.47097817221874,-0.25486257956859437,1.1704749203607032,1.1979008613644755,1.785192695716927,216,7.2
3,0,773.3693087928215,282.6611748219008,-0.4237050631679458,1.1126985559306546,1.19064018785035,1.9346339289523242,216,7.2
0,0,754.881362601924,264.5349210618604,-0.32373778264269054,1.0192672795344273,1.069444687227871,1.8783371712188044,217,7.233333333333333
1,0,798.5837627881764,275.22167215237323,-0.1924299324284,0.7541676994925944,0.778330391191524,1.820621178863162,217,7.233333333333333
2,0,779.4763881303589,259.35017890760895,-0.18256536074918642,0.8792007353902058,0.8979554799967309,1.7755359855383779,217,7.233333333333333
3,0,773.5352424156317,283.8932572167473,0.1659336228102936,1.232082394846533,1.2432059342159354,1.4369244627164302,217,7.233333333333333
0,0,755.1211509657965,265.6848468375905,0.23978836387241417,1.1499257757300696,1.1746606953231267,1.3652171745483646,218,7.266666666666667
1,0,798.8927243549454,275.9852877881895,0.30896156676900094,0.7636156358163037,0.8237512300467256,1.186327716807971,218,7.266666666666667
2,0,779.4883965769053,260.5324717134023,0.012008446546383889,1.1822928057933118,1.182353788600975,1.5606397618805,218,7.266666666666667
3,0,773.1483014270658,285.0001702732034,-0.3869409885659069,1.1069130564560938,1.1725953450297049,1.9070859213280673,218,7.266666666666667
0,0,754.797049400395,266.74943508348025,-0.32410156540143364,1.064588245889731,1.1128297075394036,1.8663200772618478,219,7.3
1,0,798.6967053664852,276.75924797565864,-0.19601898846020357,0.7739601874691141,0.7983970288172343,1.8188479442194943,219,7.3
2,0,779.2184022046919,261.96659198251126,-0.2699943722134613,1.4341202691089872,1.4593141907403542,1.756883004408278,219,7.3
3,0,773.3554657087498,286.20211835877546,0.2071642816839516,1.2019480855720441,1.2196705456867971,1.40011617610281,219,7.3
0,0,753.9775428074372,267.5023463646893,-0.819506592957797,0.7529112812090192,1.1128640767286466,2.3985213666289065,220,7.333333333333333
1,0,799.0061003853131,277.52681261124684,0.30939501882792925,0.7675646355882239,0.8275752216452699,1.187631923398266,220,7.333333333333333
2,0,779.0518567688081,263.1154553906926,-0.1665454358837401,1.1488634081813627,1.1608723068760842,1.7147588543188035,220,7.333333333333333
3,0,772.9646915409392,287.3738542769046,-0.3907741678105535,1.171735918129093,1.2351799512872037,1.892697057334143,220,7.333333333333333
0,0,753.6655496859933,268.53622425967586,-0.31199312144389735,1.0338778949865652,1.079927409398501,1.8638759953872988,221,7.366666666666666
1,0,798.904818999794,278.1457958768023,-0.10128138551903655,0.618983265555458,0.6272146379751945,1.7329844842486215,221,7.366666666666666
2,0,778.4153652281165,263.9747350304759,-0.6364915406915701,0.8592796397833032,1.0693376364451277,2.2083361855072896,221,7.366666666666666
3,0,772.8748931778216,288.33980156713193,-0.08979836311750822,0.9659472902273633,0.9701123200517401,1.663493939472755,221,7.366666666666666
0,0,753.9213935867223,269.6938597943726,0.2558439007290326,1.157635534696738,1.1855699611296036,1.35328707757615,222,7.4
1,0,799.2581856588115,278.84286351263916,0.35336665901752523,0.697067635836819,0.7815185760020935,1.1016176316984767,222,7.4
2,0,778.0253106925137,264.64445191917446,-0.39005453560271985,0.6697168886985458,0.7750246781569694,2.0981868518285802,222,7.4
3,0,772.7809836625315,289.6063025518375,-0.09390951529003506,1.2665009847055573,1.2699778507210886,1.644809672038944,222,7.4
0,0,753.615265456566,270.7699985422892,-0.30612813015622303,1.0761387479166131,1.118833784277397,1.8479443199199181,223,7.433333333333334
1,0,799.1195013730426,279.5920710520914,-0.1386842857689327,0.7492075394522156,0.7619352126600282,1.75383248677648,223,7.433333333333334
2,0,777.8115193441535,265.67102669651865,-0.21379134836029395,1.0265747773442142,1.0486002642156045,1.7761185240810462,223,7.433333333333334
3,0,772.2049383322088,290.6184109300315,-0.5760453303227364,1.012108378194002,1.1645563927080231,2.0882259336675926,223,7.433333333333334
0,0,752.7996945517359,271.5520493169926,-0.8155709048300805,0.7820507747033859,1.1299377482939148,2.3771726812008254,224,7.466666666666667
1,0,798.5040128787616,280.1945657279926,-0.6154884942809441,0.602494675901219,0.8612931679059916,2.366862392489607,224,7.466666666666667
2,0,777.2767925061195,266.8868303998568,-0.5347268380340074,1.2158037033381817,1.3281985681232624,1.985146910283368,224,7.466666666666667
3,0,772.1978802565277,291.82574385437124,-0.007058075681124598,1.2073329243397535,1.2073535549403502,1.5766422663326876,224,7.466666666666667
0,0,752.482197533247,272.506848733836,-0.3174970184888491,0.9547994168434122,1.006203897405406,1.8918214138908471,225,7.5
1,0,797.4897904889289,280.6889575104069,-1.0142223898327174,0.49439178241432813,1.12830416579786,2.6880281245916677,225,7.5
2,0,776.3498328882539,267.70749953067474,-0.9269596178656196,0.8206691308179126,1.2380435999717472,2.416939496374897,225,7.5
3,0,771.6169534908668,292.8790412182004,-0.5809267656608936,1.0532973638291607,1.202876237902589,2.0748146589979757,225,7.5
0,0,751.6572249799713,273.21862456350135,-0.8249725532757557,0.7117758296653183,1.0895891635630706,2.429721595821977,226,7.533333333333333
1,0,796.878498246894,281.3872224413049,-0.611292242034866,0.6982649308980057,0.928036701264562,2.289878062693089,226,7.533333333333333
2,0,775.1279240415312,268.0062892954717,-1.2219088467226966,0.29878976479693214,1.2579095966112177,2.901771598943241,226,7.533333333333333
3,0,770.7875246902023,293.50553657586875,-0.8294288006645012,0.626495357668314,1.0394462797815487,2.494686835344771,226,7.533333333333333
0,0,750.4391142867339,273.5350771941182,-1.2181106932373327,0.3164526306168416,1.2585451634341354,2.8874215743590463,227,7.566666666666666
1,0,795.8527675308133,281.7447114449493,-1.025730716080737,0.35748900364441605,1.0862420953167755,2.806235767595446,227,7.566666666666666
2,0,773.7600957786382,267.74581435384215,-1.3678282628930514,-0.2604749416295245,1.392408471672708,-2.953416141369595,227,7.566666666666666
3,0,769.7948137488702,293.59745626565154,-0.9927109413321709,0.09191968978279097,0.996957492780093,3.049261311281688,227,7.566666666666666
0,0,749.571800694706,274.1859034974309,-0.8673135920278778,0.6508263033127104,1.0843466899474485,2.4978398841063885,228,7.6
1,0,794.5616491342731,281.65956460490366,-1.2911183965401023,-0.0851468400456227,1.2939229877601062,-3.0757398840520267,228,7.6
2,0,772.4337889426345,268.073010240115,-1.3263068360037085,0.3271958862728911,1.366069899830924,2.899725126408986,228,7.6
3,0,768.8309274158046,293.1299003488986,-0.9638863330656192,-0.46755591675293884,1.0713007973306876,-2.6899572235322355,228,7.6
0,0,748.4152624329196,274.3304601636952,-1.1565382617864042,0.14455666626429425,1.1655373785243286,3.017246697343815,229,7.633333333333334
1,0,793.1259609058905,281.5008820934098,-1.435688228382637,-0.15868251149387,1.4444309705106984,-3.031512320436372,229,7.633333333333334
2,0,771.2831708792634,267.99330297269375,-1.1506180633711072,-0.07970726742125267,1.153375557325384,-3.0724297090599357,229,7.633333333333334
3,0,767.9278975648689,292.18837130920986,-0.9030298509356943,-0.9415290396887501,1.3045841652642278,-2.3353257611221623,229,7.633333333333334
0,0,747.56876757922,274.836943844162,-0.8464948536995669,0.5064836804668179,0.9864477968544838,2.6024016385357607,230,7.666666666666667
1,0,791.8624033390439,280.8010227476585,-1.2635575668465044,-0.6998593457512865,1.4444309705106981,-2.6357753884330073,230,7.666666666666667
2,0,770.4053445734453,267.4680237347975,-0.8778263058180411,-0.5252792378962322,1.0229845067013457,-2.602360539935313,230,7.666666666666667
3,0,766.9669445343823,291.67915810956686,-0.9609530304866664,-0.5092131996430187,1.087533360174385,-2.6543087440753896,230,7.666666666666667
0,0,746.5229104325937,274.82323542499853,-1.0458571466263038,-0.013708419163485752,1.0459469833147739,-3.1284860507991956,231,7.7
1,0,790.4240158910621,280.66902889151766,-1.4383874479817795,-0.13199385614088427,1.444430970510698,-3.0500837787272563,231,7.7
2,0,769.9741872225484,266.62785935463967,-0.4311573508968697,-0.8401643801578487,0.9443372527431227,-2.0449339451953943,231,7.7
3,0,766.1956316319648,290.6641738102474,-0.7713129024174051,-1.0149842993194769,1.2748006594368435,-2.220619832723589,231,7.7
0,0,745.6857526383673,275.32318687511855,-0.8371577942263894,0.49995145012004216,0.9750818554927205,2.603233802366848,232,7.733333333333333
1,0,789.2777793727046,280.6268571834945,-1.146236518357521,-0.04217170802316561,1.147012035235011,-3.104817786660795,232,7.733333333333333
2,0,769.0711487353215,266.06047927851137,-0.9030384872269068,-0.5673800761282787,1.066488940496052,-2.5806230336496814,232,7.733333333333333
3,0,765.3094007530018,290.07653660249196,-0.8862308789630734,-0.5876372077554755,1.063354437037018,-2.556080972571631,232,7.733333333333333
0,0,744.7501426376759,275.28944026688,-0.9356100006912896,-0.03374660823859682,0.9362184077239479,-3.1055391857186816,233,7.766666666666667
1,0,788.4228250720611,280.737354332595,-0.8549543006434754,0.11049714910049296,0.8620652389164701,3.013061806652926,233,7.766666666666667
2,0,768.4778347788027,265.00936102298886,-0.5933139565187622,-1.0511182555224883,1.2070091292498937,-2.0846732589084795,233,7.766666666666667
3,0,764.0750522697123,289.9096220154509,-1.2343484832895735,-0.16691458704103077,1.2455828585711783,-3.007183107929022,233,7.766666666666667
0,0,743.9060753352531,274.7190442799259,-0.8440673024227734,-0.5703959869540585,1.0187252784497653,-2.54731368420831,234,7.8
1,0,787.4115737058389,280.3670652812723,-1.011251366222121,-0.3702890513226717,1.076913788200128,-2.7905864870707418,234,7.8
2,0,767.4213047427146,264.3419308043626,-1.0565300360881869,-0.667430218626224,1.2496874864909044,-2.578176199901306,234,7.8
3,0,763.0171905277302,289.16769674683013,-1.057861741982029,-0.7419252686207782,1.2921008356035015,-2.529965065851805,234,7.8
0,0,743.2940976038577,273.6694154952231,-0.6119777313953775,-1.0496287847028227,1.2150050738167957,-2.0986534263586334,235,7.833333333333333
1,0,786.2663710466254,279.64357220800144,-1.1452026592135658,-0.7234930732708527,1.3545963818572402,-2.5781470759899494,235,7.833333333333333
2,0,766.0026623356673,264.05250956110325,-1.4186424070473302,-0.28942124325939145,1.4478642668160764,-2.9403416038165413,235,7.833333333333333
3,0,762.2747793736164,287.94492581526515,-0.7424111541137794,-1.222770931565008,1.4305044819338777,-2.1164600559043865,235,7.833333333333333
0,0,742.3291309896658,273.0602178570934,-0.9649666141918714,-0.609197638129706,1.1411758535860002,-2.578465290339153,236,7.866666666666666
1,0,784.8794374946218,279.2400921578166,-1.3869335520036037,-0.40348005018481947,1.4444309705106981,-2.8584912368562345,236,7.866666666666666
2,0,764.8858113925724,263.30228361545556,-1.1168509430949047,-0.7502259456476837,1.3454348734200923,-2.550090593242232,236,7.866666666666666
3,0,761.4370458021874,287.10815321735214,-0.8377335714290324,-0.8367725979130319,1.1840548624609277,-2.3567683748564314,236,7.866666666666666
0,0,741.2291132335835,273.0154241343933,-1.1000177560824225,-0.04479372270007714,1.1009293988671296,-3.100894230145246,237,7.9
1,0,783.8331601922612,278.69366218025596,-1.046277302360618,-0.5464299775606641,1.1803736331399308,-2.6602951439999574,237,7.9
2,0,764.1850390057742,262.4178563535655,-0.7007723867981065,-0.8844272618900271,1.1284030838636545,-2.240852728126579,237,7.9
3,0,760.5433656938708,286.7132343562456,-0.8936801083165765,-0.3949188611065556,0.9770491506871222,-2.7254935536867464,237,7.9
0,0,740.2866156154947,272.4077374000656,-0.9424976180887606,-0.6076867343276744,1.1214209411192662,-2.5689084364935817,238,7.933333333333334
1,0,783.1838478331125,277.9869802153028,-0.6493123591486883,-0.7066819649531544,0.9596905435260298,-2.3139115607086693,238,7.933333333333334
2,0,763.0336940447863,261.8998362569092,-1.151344960987878,-0.5180200966563233,1.2625133820011591,-2.7188002215822182,238,7.933333333333334
3,0,759.7146679737622,286.8198892775865,-0.8286977201085771,0.10665492134094054,0.8355328740147786,3.0135944464903552,238,7.933333333333334
0,0,739.7336323306758,271.35332009835923,-0.5529832848189009,-1.0544173017063985,1.1906243569770039,-2.0538077041075695,239,7.966666666666667
1,0,782.0998589021094,277.48990199597466,-1.0839889310031385,-0.49707821932817065,1.1925262087970192,-2.7116398300900486,239,7.966666666666667
2,0,761.537456788119,261.62891796236767,-1.4962372566673132,-0.2709182945415309,1.5205665557799892,-2.962466974167017,239,7.966666666666667
3,0,758.6256290707984,286.62077425453236,-1.0890389029638385,-0.19911502305415418,1.107091922368932,-2.9607545213450046,239,7.966666666666667
0,0,738.7992386779671,270.722388252608,-0.9343936527087388,-0.6309318457512102,1.12746019539734,-2.5476840994888974,240,8.0
1,0,780.7019383070885,277.12631041385686,-1.3979205950208848,-0.36359158211781023,1.444430970510698,-2.8871359977490862,240,8.0
2,0,760.3651728433575,261.06030136592227,-1.1722839447614954,-0.5686165964454197,1.3029100049116003,-2.689976229304998,240,8.0
3,0,757.2283844108589,286.5324441331768,-1.3972446599395094,-0.08833012135554655,1.4000338746145256,-3.078459305000613,240,8.0
0,0,737.6689272267073,270.6477869300636,-1.1303114512597343,-0.07460132254443991,1.1327706450002428,-3.0756875604792686,241,8.033333333333333
1,0,779.2687090843054,277.02522385959037,-1.4332292227830614,-0.10108655426647226,1.4367896493547017,-3.0711786329228628,241,8.033333333333333
2,0,759.5869326822715,260.30146998727673,-0.7782401610859897,-0.7588313786455573,1.0869603532531737,-2.368820936326371,241,8.033333333333333
3,0,755.8617893073342,286.29327236322024,-1.3665951035247084,-0.23917176995655096,1.3873663223971735,-2.968334472076416,241,8.033333333333333
0,0,736.764765985932,270.0405949794591,-0.9041612407753498,-0.6071919506044736,1.089123323687123,-2.5502150139547384,242,8.066666666666666
1,0,777.9881229576489,276.35703226971117,-1.2805861266565477,-0.6681915898791739,1.4444309705106984,-2.660668731224213,242,8.066666666666666
2,0,759.3234335540463,259.33115165072593,-0.26349912822518917,-0.9703183365507987,1.0054598275526196,-1.8359610944335674,242,8.066666666666666
3,0,754.8124873076721,285.6811584490048,-1.0493019996621706,-0.6121139142154537,1.2147913938084982,-2.6135032154363875,242,8.066666666666666
0,0,735.7264840894612,269.9880059385321,-1.038281896470771,-0.05258904092696842,1.03961286244667,-3.0909858395277117,243,8.1
1,0,777.0850463370359,275.57271013738307,-0.9030766206130078,-0.7843221323281102,1.1961223139618808,-2.4264558950273067,243,8.1
2,0,758.5474081382067,258.5920992348722,-0.7760254158395837,-0.7390524158537337,1.0716407604268507,-2.3805930144092966,243,8.1
3,0,753.8143879016196,285.5169543553257,-0.9980994060524668,-0.16420409367909072,1.011516390743748,-2.9785364908152583,243,8.1
0,0,734.8433624417313,269.38789694573813,-0.8831216477299719,-0.6001089927939649,1.067724050455682,-2.544736417589696,244,8.133333333333333
1,0,775.7661495947106,275.07361771677984,-1.3188967423253173,-0.499092420603254,1.4101708624205613,-2.7798299779835474,244,8.133333333333333
2,0,757.3532521334625,258.1981901875175,-1.1941560047441584,-0.39390904735468013,1.2574469775121344,-2.8229677640915836,244,8.133333333333333
3,0,752.9762561394903,285.86491052998525,-0.8381317621293296,0.3479561746595362,0.9074901377831678,2.748088661158184,244,8.133333333333333
0,0,734.34400135575,268.3545951228398,-0.49936108598127343,-1.033301822898326,1.1476385107678289,-2.020968474734834,245,8.166666666666666
1,0,774.676902022161,274.8042737913431,-1.0892475725495663,-0.2693439254367268,1.1220545550349983,-2.8991801355337654,245,8.166666666666666
2,0,756.1539355011231,257.32220589939374,-1.1993166323394038,-0.8759842881237998,1.4851629060967315,-2.5107521432731232,245,8.166666666666666
3,0,751.894793392556,285.74547087129235,-1.0814627469341844,-0.11943965869292518,1.0880383748173197,-3.0315957469378927,245,8.166666666666666
0,0,733.4444894159894,267.7326002577204,-0.8995119397606447,-0.6219948651193847,1.0936175483261228,-2.536607464252531,246,8.2
1,0,773.4706950337167,274.12915957174005,-1.2062069884444135,-0.6751142196030838,1.38228597203416,-2.6313326347414914,246,8.2
2,0,755.3753121777053,256.32294227147895,-0.7786233234178159,-0.9992636279148076,1.266799935997657,-2.2327232359817852,246,8.2
3,0,750.5491212410835,285.4339762489591,-1.3456721514725276,-0.3114946223332899,1.381253937185795,-2.9141201847086817,246,8.2
0,0,732.3154336256878,267.6477310038976,-1.1290557903017102,-0.08486925382276805,1.132241037879414,-3.0665654058124554,247,8.233333333333333
1,0,772.0397396246286,273.9323158627418,-1.4309554090880272,-0.19684370899826645,1.4444309705106981,-3.0048895878301973,247,8.233333333333333
2,0,754.2018642755327,255.77612861959082,-1.1734479021725976,-0.5468136518881169,1.2945984508736632,-2.705522230213396,247,8.233333333333333
3,0,749.1239865753673,285.716095185852,-1.425134665716226,0.2821189368929352,1.4527903874887456,2.9461598867095913,247,8.233333333333333
0,0,731.4841536408345,267.2157431242882,-0.8312799848532402,-0.4319878796093989,0.9368243919470861,-2.662336368424887,248,8.266666666666667
1,0,770.7668855945171,273.2495102926126,-1.2728540301114815,-0.6828055701291821,1.4444309705106984,-2.6492223531674255,248,8.266666666666667
2,0,752.8162610296977,255.78568423487062,-1.3856032458349674,0.009555615279791263,1.3856361949125653,3.1346964054572264,248,8.266666666666667
3,0,747.764887950048,285.4279607702976,-1.3590986253193822,-0.28813441555437236,1.3893057671988172,-2.9326818289475947,248,8.266666666666667
0,0,730.3763211645603,267.2432421613102,-1.1078324762741658,0.02749903702196857,1.1081737194704113,3.1167753713295347,249,8.3
1,0,769.3269099583102,273.1361480603607,-1.4399756362068583,-0.11336223225188904,1.4444309705106984,-3.0630295837776713,249,8.3
2,0,751.5803759683189,255.2265243074525,-1.2358850613787602,-0.5591599274181005,1.3564924287917708,-2.716714101270564,249,8.3
3,0,746.384090511722,285.73992376310554,-1.3807974383259836,0.3119629928079215,1.415599687259528,2.919393594783201,249,8.3
0,0,729.4232327439091,266.7099533655838,-0.9530884206511953,-0.5332887957264544,1.0921421506501623,-2.631456420197306,250,8.333333333333334
1,0,768.0405354065568,272.47916911003455,-1.2863745517534149,-0.6569789503261719,1.4444309705106984,-2.6694047966699475,250,8.333333333333334
2,0,750.7418830754857,254.41421991159314,-0.8384928928331807,-0.8123043958593681,1.167436834635694,-2.37205731024948,250,8.333333333333334
3,0,745.061892635932,285.4841602637533,-1.3221978757899635,-0.25576349935218745,1.3467079083247295,-2.950514461308718,250,8.333333333333334
0,0,728.3416468567225,266.74063441766015,-1.0815858871866344,0.030681052076385718,1.082020960202626,3.113233531097488,251,8.366666666666667
1,0,766.5999635393445,272.3736535947456,-1.440571867212385,-0.10551551528898272,1.444430970510698,-3.0684776435962644,251,8.366666666666667
2,0,749.5277006014818,254.06395451637053,-1.21418247400387,-0.3502653952226126,1.2636949502425858,-2.8607393796387646,251,8.366666666666667
3,0,743.9720829722926,284.67724333011665,-1.0898096636394945,-0.8069169336366624,1.356023613640862,-2.5042509538232474,251,8.366666666666667
0,0,727.3300187136913,266.1931560185225,-1.011628143031186,-0.5474783991376995,1.1502713146449857,-2.645542054915336,252,8.4
1,0,765.3143688121828,271.71514996828273,-1.2855947271616195,-0.658503626462845,1.444430970510698,-2.6682191868956995,252,8.4
2,0,748.4853828097242,253.15407616750537,-1.0423177917576179,-0.9098783488651586,1.3835841097483246,-2.4239319567367583,252,8.4
3,0,742.9104540292424,284.2934013168908,-1.0616289430502546,-0.3838420132258076,1.1288891459480164,-2.794657196341269,252,8.4
0,0,726.259579824977,266.2018855444264,-1.0704388887143523,0.008729525903911184,1.0704744831589985,3.1334377439698486,253,8.433333333333334
1,0,763.879015388134,271.55346701728934,-1.4353534240487773,-0.1616829509933829,1.4444309705106984,-3.0294221811974364,253,8.433333333333334
2,0,747.2041650380143,252.77372398221692,-1.2812177717099913,-0.3803521852884314,1.3364829828318805,-2.8530119916846934,253,8.433333333333334
3,0,741.9139377676336,284.43363233931007,-0.9965162616088546,0.1402310224192312,1.0063346358441758,3.001789388719421,253,8.433333333333334
0,0,725.2982035786254,265.642754613095,-0.9613762463516095,-0.5591309313313948,1.1121473308067702,-2.6148167149973034,254,8.466666666666667
1,0,762.6048941507229,270.8730289959028,-1.2741212374111264,-0.6804380213865314,1.4444309705106984,-2.651081458821832,254,8.466666666666667
2,0,746.2175865948378,251.87569212108406,-0.9865784431764215,-0.8980318611328764,1.334090794567667,-2.403143990846074,254,8.466666666666667
3,0,740.6881418866045,284.17863969305336,-1.2257958810290401,-0.25499264625669377,1.2520370567969432,-2.936495559686073,254,8.466666666666667
0,0,724.7231433893446,264.63848346315854,-0.5750601892807526,-1.0042711499364825,1.157261752539312,-2.0908359671907544,255,8.5
1,0,761.4219749573932,270.1370980352203,-1.182919193329686,-0.7359309606825502,1.3931590709028516,-2.5850589416342533,255,8.5
2,0,745.7098005664146,250.80943823536106,-0.5077860284231542,-1.0662538857229986,1.1809928024679717,-2.0152507666969335,255,8.5
3,0,739.6887576867189,283.3668030101913,-0.9993841998855956,-0.8118366828620642,1.2875743002333697,-2.45937433825491,255,8.5
0,0,724.467389569099,263.37854863202483,-0.2557538202455366,-1.259934831133704,1.285630504956265,-1.7710649589049532,256,8.533333333333333
1,0,760.4542609302285,269.6210357032987,-0.9677140271646814,-0.5160623319216093,1.0967181811202251,-2.6516770152666305,256,8.533333333333333
2,0,745.7245756853099,249.75953619185788,0.014775118895253847,-1.0499020435031912,1.0500060024069127,-1.556724401016763,256,8.533333333333333
3,0,738.5428889224477,283.07981231013787,-1.145868764271196,-0.28699070005343097,1.1812615658056247,-2.896184044762063,256,8.533333333333333
0,0,723.6927481511971,262.3916308432009,-0.7746414179019452,-0.9869177888238893,1.254621874600539,-2.236267942499237,257,8.566666666666666
1,0,759.6789556863981,269.3747596801783,-0.7753052438303785,-0.2462760231204049,0.8134802398797926,-2.834022507546911,257,8.566666666666666
2,0,745.1840546243495,248.8409733436234,-0.5405210609603184,-0.9185628482344702,1.0657958169829203,-2.102674030317646,257,8.566666666666666
3,0,737.6340201099006,282.2399367767785,-0.9088688125471532,-0.8398755333593764,1.2375109817519072,-2.3956270783565055,257,8.566666666666666
0,0,723.4628275999831,261.1762842564627,-0.22992055121389277,-1.215346586738228,1.236903709173338,-1.7577677449811353,258,8.6
1,0,758.8770276598848,268.67506244346697,-0.8019280265133713,-0.6996972367113004,1.0642672515722071,-2.424169694756212,258,8.6
2,0,745.1915226942951,247.74427565668182,0.007468069945600619,-1.096697686941574,1.0967231139224298,-1.5639868344391423,258,8.6
3,0,737.1251032403358,280.9756088530912,-0.5089168695647589,-1.26432792368727,1.3629091968076805,-1.9534729516437987,258,8.6
0,0,722.6712119031173,260.17558277964656,-0.7916156968658122,-1.00070147681613,1.2759540968335534,-2.2400627109531484,259,8.633333333333333
1,0,758.5747568741656,267.7551818811069,-0.30227078571924687,-0.9198805623600484,0.9682705597647642,-1.8882789192656695,259,8.633333333333333
2,0,744.6240683707828,246.7566534969065,-0.5674543235123581,-0.9876221597753211,1.1390355305047064,-2.0923045425209432,259,8.633333333333333
3,0,736.8770071029319,279.3751177712614,-0.24809613740390357,-1.6004910818298268,1.6196059386194983,-1.7245848419114123,259,8.633333333333333
0,0,722.4222796236539,258.93752536412035,-0.2489322794633868,-1.2380574155262072,1.2628354777635404,-1.7692174736156625,260,8.666666666666666
1,0,758.8176858921579,266.8319933733419,0.24292901799231753,-0.9231885077649913,0.9546159063477117,-1.3134881380008558,260,8.666666666666666
2,0,743.564606064398,246.09853892340718,-1.0594623063846726,-0.6581145734993217,1.2472269923723283,-2.585746535176628,260,8.666666666666666
3,0,736.7797277942808,277.46968588757744,-0.0972793086510361,-1.9054318836839534,1.9079135009876633,-1.6218057187426498,260,8.666666666666666
0,0,721.7597065175866,258.02137580653124,-0.6625731060674064,-0.9161495575890918,1.1306339517078456,-2.1969335167058097,261,8.7
1,0,758.9935788510913,266.2013688189819,0.17589295893338958,-0.630624554359998,0.6546950905300032,-1.2987906264324052,261,8.7
2,0,742.9127872923797,245.30633968241926,-0.6518187720184205,-0.7921992409879149,1.0258885655749508,-2.259283840116542,261,8.7
3,0,736.582140177383,275.86607854649975,-0.19758761689770754,-1.603607341077665,1.615734313155939,-1.6933928692144717,261,8.7
0,0,720.932914898332,257.55096732049657,-0.8267916192545693,-0.47040848603469193,0.9512457754981326,-2.6243120669466915,262,8.733333333333333
1,0,759.2877714432714,265.2934422931013,0.2941925921799704,-0.9079265258806084,0.9544002607350867,-1.2574448403290595,262,8.733333333333333
2,0,742.3247060264011,244.84581966893796,-0.5880812659785389,-0.4605200134813063,0.7469392600551558,-2.477248647354867,262,8.733333333333333
3,0,736.6053738958018,274.52862912836,0.02323371841874043,-1.3374494181397085,1.3376512070617685,-1.5534264125303108,262,8.733333333333333
0,0,720.5358322337821,256.7743402981407,-0.397082664549926,-0.776627022355862,0.8722523570271402,-2.0434361441376967,263,8.766666666666667
1,0,759.6605819139609,264.72282530296735,0.37281047068947704,-0.5706169901339562,0.6816094163707284,-0.9920723293259911,263,8.766666666666667
2,0,742.1744464046427,244.2197526260433,-0.15025962175848356,-0.6260670428946701,0.6438461742760294,-1.8063466410110225,263,8.766666666666667
3,0,736.959727402485,273.4692425844051,0.35435350668323295,-1.0593865439549153,1.117079342397595,-1.2480057267916338,263,8.766666666666667
0,0,720.5380037979944,255.68501577765053,0.002171564212344379,-1.0893245204901785,1.089326684990451,-1.5688028333089004,264,8.8
1,0,760.0684466404431,263.83452232078696,0.4078647264822233,-0.8883029821804062,0.9774639754277504,-1.1403589808512877,264,8.8
2,0,742.4906302227482,243.59682253317567,0.3161838181054785,-0.6229300928676256,0.6985800651549019,-1.101107000346303,264,8.8
3,0,737.7105632304508,272.78343399723786,0.7508358279658258,-0.6858085871672048,1.016901105707632,-0.7401657550718557,264,8.8
0,0,720.6029719431367,254.8952487426952,0.06496814514235426,-0.7897670349553187,0.7924347477145066,-1.4887187195004419,265,8.833333333333334
1,0,760.9071023733534,263.29150237927223,0.8386557329102405,-0.543019941514707,0.9991066485745396,-0.5746076394913006,265,8.833333333333334
2,0,743.2509196083074,243.13833554304037,0.7602893855592372,-0.4584869901352989,0.8878345960354148,-0.5426538020929607,265,8.833333333333334
3,0,738.7509998539396,272.5818632278432,1.0404366234888,-0.20157076939468904,1.0597825921249802,-0.1913659770194397,265,8.833333333333334
0,0,721.1545496033583,254.2446392935075,0.5515776602216254,-0.6506094491876893,0.8529540260927732,-0.8675889392248773,266,8.866666666666667
1,0,761.309817319784,262.4127871266531,0.40271494643054745,-0.878715252619164,0.9666022052861869,-1.1410618334120195,266,8.866666666666667
2,0,744.373577268484,242.848735078503,1.1226576601766627,-0.2896004645373607,1.1594087506197261,-0.2524560279276275,266,8.866666666666667
3,0,739.4704893573837,272.28286474198086,0.7194895034441134,-0.2989984858623605,0.7791439148926474,-0.39385659418853114,266,8.866666666666667
0,0,722.1452475518237,253.83754155466775,0.9906979484653384,-0.40709773883976225,1.071079359366932,-0.38988469949338894,267,8.9
1,0,762.1293428132047,261.88903444870556,0.8195254934207854,-0.523752677947511,0.9725939039618596,-0.568669196801157,267,8.9
2,0,745.8105150929304,242.62757171012439,1.436937824446356,-0.2211633683786298,1.4538581591191102,-0.15271459908807003,267,8.9
3,0,739.848498630479,271.94322755927425,0.37800927309519256,-0.33963718270659377,0.5081775540328676,-0.7319796807427267,267,8.9
0,0,723.4730455799153,253.6280655561692,1.3277980280916304,-0.209475998498562,1.34422014467534,-0.15647231184156582,268,8.933333333333334
1,0,762.5643348911133,261.30487041133597,0.43499207790852035,-0.5841640373695951,0.7283307836410032,-0.9307342666983445,268,8.933333333333334
2,0,746.9276351751408,242.17629768578868,1.1171200822105094,-0.45127402433571545,1.2048259306298845,-0.38391719170414373,268,8.933333333333334
3,0,740.5581007754863,271.8684743929495,0.709602145007346,-0.07475316632472981,0.7135287240711471,-0.10495806214904023,268,8.933333333333334
0,0,724.4856165826095,253.06040911193418,1.0125710026942736,-0.567656444235013,1.1608332671744142,-0.5109518332780026,269,8.966666666666667
1,0,763.3136496327677,261.09471803584574,0.7493147416544153,-0.2101523754902116,0.7782265756094442,-0.2734346693690974,269,8.966666666666667
2,0,748.3115679423295,242.20021381782766,1.3839327671886563,0.02391613203897741,1.3841394024700537,0.017279561724183906,269,8.966666666666667
3,0,741.5128299700524,272.114846327473,0.9547291945661327,0.24637193452346914,0.9860055603685677,0.2525446587501903,269,8.966666666666667
0,0,725.8287746796562,252.9129609737121,1.3431580970467332,-0.14744813822208216,1.351227081998936,-0.10933938742932213,270,9.0
1,0,764.1431884933644,261.3812333814315,0.8295388605967269,0.2865153455857969,0.8776250705718612,0.33256301577286884,270,9.0
2,0,749.4478979210558,241.81718918704814,1.1363299787262329,-0.383024630779521,1.199147067017115,-0.3251112655461033,270,9.0
3,0,742.7148916384082,272.5599642369015,1.2020616683558194,0.4451179094285074,1.2818276825784272,0.3546397257839308,270,9.0
0,0,727.420973183724,253.1176610866434,1.592198504067667,0.20470011293129586,1.6053031528622255,0.12786304603079146,271,9.033333333333333
1,0,764.9846962499824,261.1452093767051,0.8415077566180297,-0.23602400472641322,0.8739809124090772,-0.2734514480095534,271,9.033333333333333
2,0,750.2093599353665,241.1406509456304,0.7614620143107083,-0.6765382414177382,1.0185913760378726,-0.726409822640774,271,9.033333333333333
3,0,744.0420912026457,272.4169835221651,1.3271995642374697,-0.14298071473643836,1.3348790836995956,-0.1073172371409497,271,9.033333333333333
0,0,729.2551270742958,252.93319736390245,1.8341538905719355,-0.1844637227409472,1.8434064552636287,-0.10023452392758693,272,9.066666666666666
1,0,765.8240968941848,261.4330331516741,0.8394006442023059,0.2878237749689913,0.8873758881807904,0.3303285550352018,272,9.066666666666666
2,0,751.330527197976,240.89794796555256,1.1211672626095555,-0.24270298007784838,1.147135897479489,-0.2131841114183235,272,9.066666666666666
3,0,745.1410908750318,272.65710678740135,1.0989996723860704,0.2401232652362661,1.124926425332971,0.21511201446260017,272,9.066666666666666
0,0,731.1028235650621,253.32936868242444,1.8476964907662325,0.39617131852198595,1.889691518637182,0.2112156334372755,273,9.1
1,0,766.6777322725918,261.195471717722,0.853635378407042,-0.23756143395212806,0.8860749371071981,-0.27142584518110885,273,9.1
2,0,752.7028720030698,241.05689496402042,1.3723448050937557,0.15894699846786112,1.3815188787670476,0.11530770303240728,273,9.1
3,0,745.9022714228413,273.28756139760895,0.7611805478095168,0.6304546102076217,0.9883667547503003,0.6917360818218868,273,9.1
0,0,732.6577916900327,253.65983592684734,1.5549681249706,0.33046724442289466,1.5896963450014736,0.20940786282617777,274,9.133333333333333
1,0,767.5427228121677,261.4862031396895,0.864990539575831,0.29073142196750235,0.912542269308624,0.32424689974512894,274,9.133333333333333
2,0,753.8825536600258,240.75669272851226,1.179681656955986,-0.30020223550815894,1.2172798338765483,-0.2491881589896255,274,9.133333333333333
3,0,746.1795851357671,274.1493858846446,0.2773137129258312,0.861824487035592,0.9053421131433529,1.2594839437033651,274,9.133333333333333
0,0,733.9145961879624,253.95075934423014,1.256804497929667,0.2909234173827992,1.2900364261515753,0.22747229970688077,275,9.166666666666666
1,0,768.335658452602,261.26725975413,0.792935640434346,-0.21894338555948373,0.8226075224256554,-0.26940481987297255,275,9.166666666666666
2,0,755.1851457697134,241.03215930827778,1.3025921096875426,0.27546657976551453,1.3314007814283246,0.20840514541408772,275,9.166666666666666
3,0,746.9574362113924,274.82248512398496,0.7778510756253352,0.673099239340405,1.0286471124015868,0.7133278742857547,275,9.166666666666666
0,0,734.8746878093641,254.19355177145437,0.9600916214017239,0.2427924272242284,0.9903151438826043,0.2476917733804355,276,9.2
1,0,769.0480376900601,261.5400285625542,0.7123792374580957,0.2727688084242064,0.7628151812926506,0.3656771746225114,276,9.2
2,0,756.2950182783364,240.91286398766778,1.109872508623107,-0.1192953206100207,1.1162653622310406,-0.10707452051001226,276,9.2
3,0,748.144595742661,275.26830601628484,1.187159531268533,0.44582089229989535,1.2681104134470302,0.3592403211088338,276,9.2
0,0,735.6957378325054,253.93970430475125,0.8210500231413486,-0.2538474667031226,0.8593961117273,-0.29985207647187656,277,9.233333333333333
1,0,769.4677051337811,262.2134001942721,0.4196674437209426,0.6733716317178788,0.7934419435104684,1.013468649278598,277,9.233333333333333
2,0,757.6387475043856,241.16829423988867,1.3437292260492113,0.2554302522209031,1.3677912292043863,0.18784935776300585,277,9.233333333333333
3,0,749.0838831605793,276.25491034068756,0.9392874179182735,0.9866043244026957,1.3622220620697922,0.8099620515422341,277,9.233333333333333
0,0,736.7388361441307,254.14370490193087,1.0430983116253039,0.2040005971796362,1.062859506880005,0.1931340561410046,278,9.266666666666667
1,0,770.2314545995755,262.5183400962784,0.7637494657943732,0.30493990200633886,0.8223755774199681,0.37987425769925326,278,9.266666666666667
2,0,758.7764812085314,241.04745300122815,1.1377337041458733,-0.12084123866053036,1.1441331157302024,-0.10581552120036145,278,9.266666666666667
3,0,750.2627694726075,276.73709664074863,1.1788863120282826,0.4821863000610537,1.2736862112208853,0.3882566803188816,278,9.266666666666667
0,0,738.0592711721188,254.47574786372508,1.3204350279880914,0.3320429617941989,1.3615436796573863,0.24635684503889513,279,9.3
1,0,771.1222628392111,262.32452682819223,0.8908082396355956,-0.1938132680861555,0.9116484534561032,-0.21423143696732708,279,9.3
2,0,759.6256564523795,240.4886375501667,0.8491752438481008,-0.5588154510614578,1.0165497051839139,-0.582026358620514,279,9.3
3,0,751.5367629000808,276.6300012291671,1.2739934274733815,-0.10709541158153454,1.2784868714332551,-0.08386559028875624,279,9.3
0,0,739.6698360536309,254.47493859856536,1.6105648815121703,-0.0008092651597080003,1.6105650848290514,-0.0005024728285647852,280,9.333333333333334
1,0,771.9197351443255,262.64572140425327,0.7974723051143797,0.3211945760610386,0.8597255568583922,0.38288841666171064,280,9.333333333333334
2,0,760.8071770390175,240.37616360073176,1.1815205866379161,-0.11247394943493097,1.186861948985937,-0.0949082410574608,280,9.333333333333334
3,0,752.5223265676274,276.6494017339499,0.9855636675466071,0.019400504782808248,0.9857545954109201,0.019682137432712018,280,9.333333333333334
0,0,741.4749516183721,254.88439434664926,1.8051155647412243,0.40945574808391383,1.8509716939245684,0.2230563080374293,281,9.366666666666667
1,0,772.7972722941779,262.45054065011004,0.8775371498524398,-0.19518075414319713,0.8989810766412442,-0.2188562589626444,281,9.366666666666667
2,0,762.199019692556,239.93611593391287,1.3918426535386148,-0.44004766681887686,1.459749266580446,-0.30621752182837986,281,9.366666666666667
3,0,753.2496565353929,277.1275827542213,0.7273299677655596,0.47818102027142007,0.870440101418625,0.5815926789880576,281,9.366666666666667
0,0,743.3615987180451,254.77717141577742,1.8866470996730018,-0.10722293087185475,1.8896915186371823,-0.05677146139560729,282,9.4
1,0,773.639228980865,262.7838236046717,0.8419566866871787,0.3332829545616302,0.9055211704088324,0.37691792923316186,282,9.4
2,0,763.5072471105242,240.00253430776849,1.308227417968113,0.06641837385559779,1.3099123548959823,0.05072619263126274,282,9.4
3,0,753.5612706594632,277.9141721916826,0.3116141240703224,0.7865894374612912,0.846065189832193,1.1936059324425237,282,9.4
0,0,744.98940412708,254.97119798838926,1.6278054090348624,0.19402657261185438,1.6393281430399036,0.11863546393569661,283,9.433333333333334
1,0,774.1284827542106,263.50662107293306,0.48925377334562614,0.7227974682613749,0.8728146623756882,0.9757499604132174,283,9.433333333333334
2,0,764.5204531540944,239.98280304379625,1.0132060435701664,-0.019731263972246015,1.0133981495468858,-0.019471627088333724,283,9.433333333333334
3,0,754.3649180779472,278.56966539200636,0.8036474184840179,0.6554932003237546,1.037073048973265,0.68420968637087,283,9.433333333333334
0,0,746.3145095800016,255.48918359621024,1.3251054529216542,0.5179856078209885,1.422748590325213,0.37263825276256174,284,9.466666666666667
1,0,774.8303211434496,263.78114192875785,0.7018383892390396,0.27452085582476166,0.753617160693949,0.3728498706631761,284,9.466666666666667
2,0,765.8299843889263,239.895240328221,1.3095312348318915,-0.0875627155752445,1.3124554408280875,-0.06676630840246578,284,9.466666666666667
3,0,755.4952166670334,279.26979133229577,1.1302985890862727,0.7001259402894143,1.3295680624761395,0.5545743550969574,284,9.466666666666667
0,0,747.2562527309934,256.2979871811946,0.9417431509917291,0.8088035849843849,1.2413876918688311,0.7096019088602807,285,9.5
1,0,775.5644680098978,263.565026254097,0.7341468664482637,-0.21611567466086679,0.7652957639696736,-0.2862897810014594,285,9.5
2,0,766.8447653211108,239.88612364952996,1.014780932184559,-0.009116678691037952,1.0148218829704638,-0.00898364675958105,285,9.5
3,0,756.1961044267329,280.1763265829023,0.7008877596993693,0.9065352506065162,1.1458838563696672,0.9126430714992606,285,9.5
0,0,748.6137313128003,256.83066021656475,1.3574785818068307,0.5326730353700966,1.4582484914014746,0.37393653637158303,286,9.533333333333333
1,0,776.0565023691823,263.47613199509516,0.49203435928450734,-0.08889425900182941,0.49999999999999994,-0.17873870884651705,286,9.533333333333333
2,0,768.1463418802165,239.73681817066148,1.3015765591057256,-0.14930547886847448,1.3101120811723113,-0.11421203995262495,286,9.533333333333333
3,0,757.3040724658638,280.6437367243002,1.1079680391308941,0.46741014139793635,1.2025246010029056,0.3992101385832127,286,9.533333333333333
0,0,750.3083798259934,257.12604461718024,1.6946485131930953,0.29538440061547866,1.7201992696762007,0.17257048951930593,287,9.566666666666666
1,0,776.3382977546537,263.06310492488416,0.2817953854713029,-0.4130270702109969,0.49999999999999994,-0.97207004465205,287,9.566666666666666
2,0,769.1484104366023,239.20943923365024,1.0020685563857552,-0.5273789370112423,1.1323735845118161,-0.4844579496512234,287,9.566666666666666
3,0,758.0131236042579,281.4082111020477,0.7090511383941105,0.7644743777475119,1.0426766474273939,0.8229931184273869,287,9.566666666666666
0,0,752.1978011028996,257.09408723957256,1.8894212769061698,-0.03195737760766017,1.889691518637182,-0.016912231848739447,288,9.6
1,0,776.8359950820432,263.01517403391153,0.49769732738941946,-0.047930890972618656,0.5,-0.09600921243479511,288,9.6
2,0,770.3840196602437,239.22809101938768,1.2356092236414549,0.018651785737435644,1.2357499919720956,0.015094067667050397,288,9.6
3,0,759.107622550466,281.75060494617867,1.0944989462081163,0.3423938441309654,1.1468049039611998,0.30318692774182404,288,9.6
0,0,754.013552061955,257.617520607155,1.8157509590554057,0.5234333675824212,1.889691518637182,0.280664368055692,289,9.633333333333333
1,0,777.4004226227834,263.389097986127,0.5644275407402,0.3739239522154587,0.6770506412274186,0.5851009951009861,289,9.633333333333333
2,0,771.4345622014815,238.70660412000336,1.050542541237882,-0.5214868993843187,1.1728547297854144,-0.46076161711636565,289,9.633333333333333
3,0,759.8913391796217,282.6008781700605,0.7837166291556891,0.8502732238818678,1.1563633987919284,0.8261082218237435,289,9.633333333333333
0,0,755.5390954139068,258.0646554315788,1.5255433519517871,0.4471348244238335,1.589720752175308,0.28511339343224174,290,9.666666666666666
1,0,778.2620318314105,263.3998428748834,0.8616092086271092,0.0107448887564153,0.8616762042817598,0.01247007540042681,290,9.666666666666666
2,0,772.5446227137194,238.7522618759268,1.1100605122378633,0.04565775592341603,1.110999087085921,0.041107700324226774,290,9.666666666666666
3,0,760.797016801458,282.9841014610031,0.9056776218363267,0.38322329094255697,0.9834185504737788,0.4002893448805684,290,9.666666666666666
0,0,756.7785449102571,258.421320092821,1.2394494963503175,0.3566646612422167,1.2897459961488855,0.2801904583661928,291,9.7
1,0,778.9689095459199,263.90703125726554,0.706877714509428,0.5071883823821401,0.8700092864409462,0.6223780131341944,291,9.7
2,0,773.4574786510449,239.34486810219653,0.9128559373255436,0.5926062262697454,1.0883419047910292,0.5757973284318925,291,9.7
3,0,761.4629410614046,283.8678941063585,0.665924259946644,0.8837926453554392,1.1065914150985676,0.9250687207180787,291,9.7
0,0,757.6972875790311,258.819326155983,0.9187426687739804,0.3980060631619692,1.001247680516477,0.40880174509468736,292,9.733333333333333
1,0,779.8625916184266,263.92474285221596,0.893682072506652,0.0177115949504264,0.89385756545183,0.019816081268832428,292,9.733333333333333
2,0,774.0137029164364,240.39923853672997,0.5562242653914582,1.0543704345334395,1.192091626775602,1.0853589752121757,292,9.733333333333333
3,0,762.4506792007103,284.272452973065,0.9877381393055974,0.4045588667065167,1.06737739739501,0.3887385557936663,292,9.733333333333333
0,0,758.2073225091069,259.4923297983794,0.5100349300758016,0.6730036423964176,0.8444344453989742,0.9222909500169669,293,9.766666666666667
1,0,780.5790069419417,264.4372935497574,0.7164153235150629,0.5125506975414122,0.8808854257605698,0.6210120252787187,293,9.766666666666667
2,0,774.7253713234734,241.0573189907028,0.7116684070370083,0.6580804539728418,0.9692996468975392,0.7462956390744874,293,9.766666666666667
3,0,763.5507345283996,284.1104330815,1.1000553276893603,-0.16201989156500254,1.1119227352835632,-0.14623207554055997,293,9.766666666666667
0,0,758.2287093583805,260.2326738802018,0.021386849273577813,0.7403440818223971,0.7406529260127843,1.5419166427856428,294,9.8
1,0,780.8787471394475,265.26815014112435,0.29974019750574904,0.8308565913669576,0.8832705482572737,1.2245677068239047,294,9.8
2,0,775.3000681971113,241.42388263853613,0.5746968736379441,0.3665636478333186,0.6816490332143781,0.5677780941148033,294,9.8
3,0,764.528482096038,284.50672192048546,0.977747567638396,0.39628883898547723,1.0550048103810983,0.3850737839275006,294,9.8
0,0,757.9810803002339,260.6808115972796,-0.2476290581465478,0.4481377170778217,0.5120034803653859,2.075613259686758,295,9.833333333333334
1,0,781.6270157921098,265.8181599661541,0.748268652662293,0.550009825029736,0.9286639780815686,0.6338598709574106,295,9.833333333333334
2,0,775.7665440064986,242.22663363184327,0.46647580938732136,0.8027509933071326,0.9284443106611966,1.0443924201699644,295,9.833333333333334
3,0,765.2240833923787,285.4044967441972,0.6956012963406764,0.8977748237117547,1.13572038705022,0.911607489012338,295,9.833333333333334
0,0,757.4907368638156,260.7786037971812,-0.4903434364182081,0.09779219990153996,0.5,2.9447393301344063,296,9.866666666666667
1,0,781.958394122977,266.71036332280767,0.33137833086720614,0.8922033566535471,0.9517554453703915,1.2151717568529101,296,9.866666666666667
2,0,775.9799726817066,243.3903007109773,0.21342867520795508,1.1636670791340413,1.183077711082993,1.3894019672397104,296,9.866666666666667
3,0,765.6844764893189,286.10584486818243,0.4603930969400972,0.7013481239852162,0.8389582794917015,0.9899070453874984,296,9.866666666666667
0,0,757.2634552613713,261.2239610393928,-0.2272816024443286,0.44535724221161843,0.5,2.0426780921808554,297,9.9
1,0,781.7601093719096,267.7437877629184,-0.19828475106737892,1.0334244401107262,1.0522751141807072,1.7603639945067697,297,9.9
2,0,775.8919399262338,244.8347276281302,-0.08803275547277259,1.44442691715289,1.4471070744875552,1.6316675264506584,297,9.9
3,0,765.6515975318001,286.95090073515433,-0.032878957518729324,0.8450558669719128,0.8456952430699665,1.6096841486045728,297,9.9
0,0,757.0344077154942,261.9871094802986,-0.22904754587706666,0.7631484409058225,0.7967799703364126,1.8623769561366363,298,9.933333333333334
1,0,781.9451772751745,268.7372388730098,0.18506790326486988,0.9934511100914374,1.0105420510601053,1.3866195850421281,298,9.933333333333334
2,0,775.6753529978085,245.9756376023797,-0.21658692842529484,1.140909974249491,1.1612861262008938,1.758400949275819,298,9.933333333333334
3,0,765.1032695039705,287.79448087230344,-0.5483280278296414,0.843580137149097,1.0061267683030968,2.147172329626019,298,9.933333333333334
0,0,756.6729994916866,263.0220954140221,-0.36140822380769133,1.034985933723473,1.0962717670547206,1.9067506398391696,299,9.966666666666667
1,0,781.5668807960176,269.73845885481046,-0.37829647915691467,1.0012199818006602,1.0703035448411036,1.932050617861625,299,9.966666666666667
2,0,775.2480646011466,246.785129368489,-0.42728839666198953,0.8094917661093193,0.9153427190515904,2.0564731359735555,299,9.966666666666667
3,0,764.1029376552272,288.542847846012,-1.000331848743346,0.7483669737086052,1.2492865703864973,2.4992966571215938,299,9.966666666666667
0,0,755.9253454646612,264.164621691439,-0.747654027025437,1.142526277416881,1.3654130652353627,2.150249181151573,300,10.0
1,0,781.5374470795125,270.56292703268383,-0.02943371650504767,0.8244681778733771,0.8249934060301004,1.6064814173178548,300,10.0
2,0,774.5693601112447,247.16180948964018,-0.6787044899018361,0.37668012115117533,0.7762265766407226,2.634919758452923,300,10.0
3,0,763.287202857518,289.03969748557233,-0.8157347977092001,0.496849639560325,0.9551349771235972,2.594521730131597,300,10.0
0,0,755.7146693011784,265.40484760627334,-0.2106761634826978,1.2402259148343306,1.2579923551780594,1.739059339081305,301,10.033333333333333
1,0,781.0054846983527,271.4279516438635,-0.5319623811598182,0.8650246111796622,1.015505565182067,2.122149010860449,301,10.033333333333333
2,0,774.0082499824323,248.00130095432337,-0.5611101288123851,0.8394914646832052,1.0097477387604314,2.159993058227465,301,10.033333333333333
3,0,762.8080285195645,289.9706168746041,-0.479174337953454,0.9309193890317704,1.0470047540619936,2.0461602442546476,301,10.033333333333333
0,0,756.095218051092,266.59452504712897,0.38054874991360144,1.189677440855645,1.24905955195965,1.2612062579368666,302,10.066666666666666
1,0,780.9906307999138,272.52085525070737,-0.014853898438913438,1.0929036068438667,1.0930045435180802,1.5843867146720605,302,10.066666666666666
2,0,773.7298922997437,249.21776465855925,-0.2783576826885985,1.2164637042358912,1.2479050217204322,1.7957487566880745,302,10.066666666666666
3,0,762.8760280615854,291.07099808685325,0.06799954202095912,1.1003812122491685,1.1024802719259923,1.50907845990944,302,10.066666666666666
0,0,755.8866081665591,267.89747163572514,-0.2086098845329626,1.3029465885961493,1.3195407900702423,1.7295551793826234,303,10.1
1,0,780.5139864806575,273.36373788131465,-0.4766443192562436,0.8428826306072915,0.9683186128845793,2.0854565759630446,303,10.1
2,0,773.4777807722212,250.74256436894908,-0.25211152752256405,1.5247997103898148,1.5455013358501581,1.7346546462768302,303,10.1
3,0,762.3583116898993,292.18044073510197,-0.5177163716861248,1.109442648248729,1.224292951570415,2.0074060698281295,303,10.1
0,0,755.1020746582643,269.1071929527337,-0.7845335082947881,1.2097213170086139,1.4418455154635614,2.1461333545382466,304,10.133333333333333
1,0,780.5313665042055,274.4515735599527,0.017380023548005025,1.0878356786380414,1.0879745074846274,1.5548209866430147,304,10.133333333333333
2,0,773.0710564710976,251.9482246773289,-0.40672430112367963,1.2056603083798323,1.272415591042132,1.896153639451663,304,10.133333333333333
3,0,762.4212154624493,293.37564293513304,0.06290377254995105,1.195202200031076,1.1968563754937935,1.5182146055108046,304,10.133333333333333
0,0,754.8743095859802,270.53257445365097,-0.22776507228408183,1.4253815009172588,1.443464357478116,1.7292491242000694,305,10.166666666666666
1,0,780.0186851310874,275.3379273510751,-0.5126813731180355,0.8863537911223948,1.0239459133075517,2.0951941657836994,305,10.166666666666666
2,0,772.5403912951386,252.80681536594415,-0.5306651759589116,0.8585906886152233,1.0093480566941544,2.1243933967010546,305,10.166666666666666
3,0,763.0462229034836,294.3839908383617,0.6250074410342918,1.008347903228628,1.1863388197702225,1.0159211415369618,305,10.166666666666666
0,0,755.2401769968956,271.92023608661293,0.3658674109154042,1.3876616329619933,1.4350831926981402,1.313005412512978,306,10.2
1,0,780.0470066064042,276.385834403023,0.028321475316843536,1.0479070519479232,1.0482897001718132,1.5437761988690037,306,10.2
2,0,772.0192885934251,253.32298380586695,-0.5211027017135335,0.5161684399228161,0.7334697567763089,2.360951418612025,306,10.2
3,0,763.1035572151175,295.57828844435767,0.057334311633838786,1.1942976059959893,1.1956730301291727,1.5228264346437226,306,10.2
0,0,755.5772893690432,273.0057714548476,0.3371123721477069,1.0855353682346474,1.1366757616591399,1.2696894905370835,307,10.233333333333333
1,0,780.5181096604764,277.1695012878065,0.4711030540721892,0.7836668847834917,0.9143696593076601,1.0295300679481731,307,10.233333333333333
2,0,771.7898274803399,254.22161165341083,-0.2294611130852237,0.8986278475438694,0.9274612718597136,1.8208002465155486,307,10.233333333333333
3,0,763.7516573971066,296.6656211773472,0.64810018198909,1.087332732989502,1.2658302880420862,1.0332893495528845,307,10.233333333333333
0,0,755.3710225934276,274.2727087749932,-0.20626677561568674,1.2669373201455658,1.2836183840614468,1.7321877118061442,308,10.266666666666667
1,0,780.4971303737125,278.172334019252,-0.02097928676396965,1.0028327314455012,1.0030521510527604,1.5917133016790697,308,10.266666666666667
2,0,771.7709316495313,255.42895768962737,-0.01889583080851706,1.2073460362165318,1.2074938938105297,1.586445765858573,308,10.266666666666667
3,0,763.8317438980044,297.8986929667437,0.08008650089789254,1.2330717893965009,1.2356698124626808,1.5059386478137764,308,10.266666666666667
0,0,755.0708239792845,275.827014945861,-0.3001986141431886,1.5543061708678123,1.5830309159113893,1.76158706606446,309,10.3
1,0,780.1280259460551,279.154061311773,-0.3691044276573085,0.9817272925209848,1.0488215078824483,1.9304210791341638,309,10.3
2,0,771.6009901705285,256.9210134087764,-0.16994147900291579,1.4920557191490238,1.5017024922836777,1.6842051495733024,309,10.3
3,0,763.322675946526,299.033246709076,-0.5090679514783673,1.1345537423323255,1.2435281956846278,1.9925640145086818,309,10.3
0,0,754.7791888427992,277.0780165233365,-0.2916351364852833,1.2510015774755205,1.284545055527065,1.7998271823009149,310,10.333333333333334
1,0,780.3246559088522,280.22150061964976,0.19662996279702782,1.067439307876808,1.0853985527307835,1.3886312726828896,310,10.333333333333334
2,0,771.2554232510741,258.1018469470102,-0.3455669194543283,1.1808335382337922,1.2303594356280165,1.8554933039696482,310,10.333333333333334
3,0,763.3931404942421,300.2388882312578,0.07046454771606273,1.205641522181816,1.2076989411660985,1.5124170513494397,310,10.333333333333334
0,0,754.5465337589713,278.03474066684186,-0.23265508382782008,0.9567241435053453,0.9846062536856885,1.8093448590537757,311,10.366666666666667
1,0,779.9433800913547,281.24855015748204,-0.38127581749749073,1.0270495378322868,1.0955373120847567,1.926261311045655,311,10.366666666666667
2,0,770.7511904979212,258.93672473545155,-0.5042327531529486,0.834877788441359,0.9753315287557031,2.1141224738780897,311,10.366666666666667
3,0,763.9781130012913,301.2113946139316,0.5849725070491856,0.9725063826737723,1.134883914039068,1.029267126437749,311,10.366666666666667
0,0,754.8588242691527,279.0981241427738,0.3122905101813681,1.0633834759319485,1.1082913784896335,1.2851511541166634,312,10.4
1,0,780.1391991672274,282.3072368696732,0.19581907587265582,1.0586867121911703,1.0766441682588406,1.387899235346378,312,10.4
2,0,770.6619307183995,260.1059500336888,-0.08925977952174413,1.1692252982372573,1.1726274371164414,1.6469894977894846,312,10.4
3,0,764.0025320652163,302.3829524036042,0.0244190639250646,1.1715577896725962,1.171812248282768,1.5499561012001195,312,10.4
0,0,754.6314315120835,280.34012705634046,-0.22739275706925166,1.2420029135666313,1.2626474976316853,1.7518763418319392,313,10.433333333333334
1,0,779.7593044605267,283.32616731760953,-0.3798947067006706,1.0189304479363268,1.0874462036859167,1.927669093001103,313,10.433333333333334
2,0,770.3319686346505,260.9692078237092,-0.3299620837490575,0.863257790020378,0.9241693506835676,1.9358895603716126,313,10.433333333333334
3,0,763.4311242259024,303.50303156262004,-0.5714078393138902,1.12007915901586,1.2574117230609252,2.0425305404612044,313,10.433333333333334
0,0,754.0229126710202,281.2598122461648,-0.6085188410632868,0.9196851898243716,1.1027765087774115,2.15532471582932,314,10.466666666666667
1,0,779.9444864122346,284.3295686732662,0.18518195170791343,1.0034013556566235,1.0203463312875203,1.388295625700501,314,10.466666666666667
2,0,770.0669293109156,262.1566791584135,-0.2650393237348457,1.187471334704313,1.2166897771701162,1.7903934124208492,314,10.466666666666667
3,0,763.4276984082725,304.7013370330258,-0.003425817629920447,1.1983054704057818,1.1983103674052293,1.5736552040855771,314,10.466666666666667
0,0,753.8502758442692,282.52259673127793,-0.17263682675106024,1.2627844851131362,1.274530552710732,1.706665278106376,315,10.5
1,0,779.5636616786447,285.34796174640604,-0.3808247335898517,1.0183930731398692,1.087268103612466,1.9286432402937774,315,10.5
2,0,769.8810871915123,263.65619191798197,-0.1858421194033034,1.4995127595684683,1.5109850460719174,1.6941025725169538,315,10.5
3,0,764.0115733855582,305.77650004612093,0.5838749772857204,1.0751630130951186,1.223472718873688,1.0732991300041368,315,10.5
0,0,753.4638073181605,284.0399271302291,-0.3864685261086577,1.5173303989511502,1.5657743966657058,1.820196372734317,316,10.533333333333333
1,0,779.7593563765429,286.42554674873924,0.19569469789813437,1.0775850023331888,1.0952104145043822,1.3911493083421211,316,10.533333333333333
2,0,769.5643679632576,264.84396803126066,-0.3167192282546602,1.1877761132786737,1.2292774970777023,1.8313821582159588,316,10.533333333333333
3,0,764.0187554467668,306.99708796350626,0.007182061208623025,1.2205879173853187,1.2206090471851476,1.564912294829019,316,10.533333333333333
0,0,753.6466198356728,285.52128070637536,0.18281251751229813,1.481353576146279,1.4925913151698806,1.448008058430455,317,10.566666666666666
1,0,779.3858281557848,287.4193920993395,-0.3735282207580328,0.9938453506002587,1.0617212028646752,1.9303044523415516,317,10.566666666666666
2,0,769.079512382237,265.68952497018785,-0.4848555810205847,0.8455569389271829,0.9747058384018823,2.09143910970745,317,10.566666666666666
3,0,763.450652241617,308.07043881621115,-0.5681032051498052,1.0733508527048758,1.2144230336681554,2.057592681989672,317,10.566666666666666
0,0,753.7468368744641,286.7110387117357,0.10021703879126859,1.1897580053603023,1.19397134227879,1.4867615721303993,318,10.6
1,0,779.5821754826911,288.4691988546835,0.19634732690635304,1.0498067553439872,1.0680105319467315,1.385900640550349,318,10.6
2,0,768.8798486359916,266.89348355233443,-0.1996637462454301,1.203958582146581,1.2204023431185165,1.7351399699779066,318,10.6
3,0,763.4541115018623,309.240298018609,0.0034592602452088173,1.1698592023978633,1.16986431688312,1.567839346881559,318,10.6
0,0,753.436079485497,287.67080423486016,-0.31075738896705185,0.9597655231244855,1.008821101175048,1.883928633382352,319,10.633333333333333
1,0,779.2067563878755,289.47131239543603,-0.37541909481555047,1.002113540752552,1.0701266491923953,1.9292402105066129,319,10.633333333333333
2,0,768.4428564603063,267.77142746974494,-0.4369921756852658,0.877943917410521,0.980687352691098,2.0326382912926637,319,10.633333333333333
3,0,764.0268715222633,310.24792032882925,0.5727600204009504,1.0076223102202342,1.1590326833283258,1.0539156410775523,319,10.633333333333333
0,0,752.7454543976997,288.2531989506329,-0.6906250877972095,0.5823947157727274,0.9034083333990778,2.4410091394955336,320,10.666666666666666
1,0,779.4032010583859,290.52315802370066,0.1964446705103014,1.051845628264626,1.0700325856119086,1.386161520576989,320,10.666666666666666
2,0,768.3210917310603,268.98893652013203,-0.12176472924597925,1.2175090503870833,1.223582828035276,1.6704762213532443,320,10.666666666666666
3,0,764.0253809479543,311.4262044389054,-0.0014905743089027035,1.1782841100761376,1.1782850528924171,1.5720613642345296,320,10.666666666666666
0,0,752.3999968131828,289.2410585994064,-0.34545758451691855,0.9878596487734796,1.046521680795542,1.9072066254974644,321,10.7
1,0,779.0351169839566,291.49816892956125,-0.36808407442929764,0.9750109058606039,1.0421766416474647,1.9317726459032916,321,10.7
2,0,767.947359772028,269.8962760858595,-0.37373195903228407,0.9073395657274715,0.9812954013632315,1.961517907121453,321,10.7
3,0,763.4363411094246,312.4803577536848,-0.58903983852972,1.054153314779383,1.2075624797232976,2.0803554558947797,321,10.7
0,0,752.0330192297505,290.5349204774583,-0.36697758343232423,1.2938618780518738,1.3448981768958386,1.8471676157447938,322,10.733333333333333
1,0,779.230911981299,292.5105735696435,0.19579499734232464,1.0124046400822562,1.03116382609378,1.3797587659584807,322,10.733333333333333
2,0,767.7071146431076,271.1384014536755,-0.24024512892040456,1.2421253678160378,1.2651455059960925,1.761851786360384,322,10.733333333333333
3,0,763.4165395258578,313.643123085112,-0.019801583566715575,1.1627653314272044,1.1629339270486376,1.5878244141771942,322,10.733333333333333
0,0,752.2540256722947,291.93920516611234,0.22100644254414384,1.4042846886540696,1.4215693210091005,1.414696623647429,323,10.766666666666667
1,0,778.858283640277,293.5262489754084,-0.3726283410219328,1.0156754057649235,1.0818726405675023,1.9224268575818633,323,10.766666666666667
2,0,767.6492897055098,272.6864545583719,-0.057824937597896364,1.548053104696431,1.5491327052155537,1.6081322980809638,323,10.766666666666667
3,0,763.991078195453,314.7119867394617,0.5745386695951828,1.0688636543497017,1.213492560525198,1.077582918734919,323,10.766666666666667
0,0,751.8767948340641,293.32102621635084,-0.37723083823067016,1.3818210502385093,1.4323870008466535,1.8372979558260851,324,10.8
1,0,779.0612264728187,294.60267277217577,0.20294283254167772,1.0764237967673569,1.0953875951128402,1.3844493685665231,324,10.8
2,0,767.4290116067526,273.93556759863037,-0.22027809875714432,1.2491130402584838,1.2683870971181688,1.7453492587682862,324,10.8
3,0,764.0629197000147,315.7685469766851,0.0718415045616575,1.0565602372234524,1.0589998756654133,1.502905173402412,324,10.8
0,0,752.0866974484634,294.70456567395905,0.20990261439935115,1.3835394576082092,1.3993714797331338,1.420230300113276,325,10.833333333333334
1,0,778.798655559074,295.5044346039759,-0.2625709137447236,0.9017618318000926,0.9392113106411132,1.854137677695481,325,10.833333333333334
2,0,767.0110936971028,274.8586568003754,-0.41791790964985387,0.9230892017450405,1.013286264381591,1.995925156730446,325,10.833333333333334
3,0,764.7051015538489,316.7504787467954,0.6421818538341486,0.9819317701102867,1.1732806716833721,0.9916153799523645,325,10.833333333333334
0,0,751.6960953506808,296.07707439423217,-0.3906020977825099,1.3725087202731303,1.4270074232525503,1.8480561363156733,326,10.866666666666667
1,0,779.064245035367,296.5345691970653,0.26558947629299334,1.0301345930894348,1.063820966985104,1.3184711536067757,326,10.866666666666667
2,0,766.4530918799951,275.40228152847845,-0.5580018171076175,0.5436247281030606,0.7790339356539802,2.369244532333323,326,10.866666666666667
3,0,764.7828120232919,317.918828393024,0.07771046944298216,1.168349646228574,1.1709311734271501,1.5043811262310975,326,10.866666666666667
0,0,751.886731381717,297.44336269210027,0.19063603103619137,1.3662882978680737,1.3795237617455054,1.4321629417377288,327,10.9
1,0,778.7573722075648,297.55460163770607,-0.30687282780221353,1.020032440640766,1.0651934624296586,1.8630292204266268,327,10.9
2,0,766.175207024483,276.34658246283317,-0.2778848555121066,0.9443009343547316,0.9843394981134321,1.8569932674986431,327,10.9
3,0,764.2617997025416,319.05178804650114,-0.5210123207502411,1.1329596534771467,1.247017006612423,2.0018264290918344,327,10.9
0,0,751.9684944777017,298.5229161282647,0.08176309598467384,1.0795534361644188,1.0826452906651387,1.4952027601518376,328,10.933333333333334
1,0,779.0206774587047,298.56879470261117,0.2633052511398997,1.0141930649051178,1.0478154552112133,1.316783826229098,328,10.933333333333334
2,0,766.1042499218999,277.60715711161924,-0.07095710258314321,1.2605746487860838,1.2625701388711652,1.627026477164915,328,10.933333333333334
3,0,764.3138860578505,320.24468438332775,0.05208635530890654,1.1928963368265837,1.1940329387515438,1.5271602704160936,328,10.933333333333334
0,0,752.0238402184574,299.30361312193014,0.05534574075564287,0.7806969936654862,0.7826563402529356,1.5000220042281127,329,10.966666666666667
1,0,778.7230706054748,299.53771128494026,-0.297606853229862,0.9689165823291122,1.0135922171177656,1.868803667769224,329,10.966666666666667
2,0,766.069246183971,279.1685830280049,-0.03500373792885308,1.56142591638567,1.5618182205461113,1.5932103750873818,329,10.966666666666667
3,0,764.9366898099674,321.2663231796268,0.6228037521169698,1.0216387962990352,1.196507561093668,1.0233387959539235,329,10.966666666666667
0,0,751.9218746847299,300.3745215924198,-0.10196553372749584,1.0709084704896805,1.07575179397242,1.665724204975284,330,11.0
1,0,778.9862428202003,300.559661581922,0.26317221472554425,1.0219502969817207,1.0552923879686498,1.3187530260120137,330,11.0
2,0,765.8763026606258,280.4330064080232,-0.19294352334525272,1.2644233800182794,1.2790596886532428,1.7222223021635834,330,11.0
3,0,765.0712336949789,322.2851595336944,0.13454388501147563,1.018836354067631,1.0276816498136983,1.4394996095147048,330,11.0
0,0,751.813183737054,301.74585363880544,-0.10869094767588824,1.3713320463856649,1.3756326920915256,1.6498903735621053,331,11.033333333333333
1,0,778.6796234253281,301.5680842333826,-0.30661939487216044,1.0084226514605898,1.0540074465062266,1.8659722680043151,331,11.033333333333333
2,0,765.4604394787913,281.3757427849484,-0.41586318183451226,0.9427363769252046,1.0303853950748652,1.9862440918959354,331,11.033333333333333
3,0,764.6686941962222,323.42301361520157,-0.4025394987566963,1.1378540815071718,1.2069589714906725,1.9108264368407204,331,11.033333333333333
0,0,751.1204076675542,302.9753139911862,-0.6927760694998273,1.2294603523807706,1.4112092121821902,2.083929772144749,332,11.066666666666666
1,0,778.9380734916556,302.559976392659,0.25845006632742923,0.9918921592763865,1.0250104840530292,1.3159013014136427,332,11.066666666666666
2,0,765.2561396222965,282.65953278457505,-0.20429985649481497,1.2837899996266713,1.2999443043858652,1.728611055980005,332,11.066666666666666
3,0,764.8434819260477,324.5675136281314,0.17478772982549456,1.1445000129298302,1.1577698519541488,1.4192475663092785,332,11.066666666666666
0,0,750.9980997834133,304.3697111201399,-0.12230788414090571,1.3943971289536945,1.3997508963231033,1.6582862207639033,333,11.1
1,0,778.6376934392111,303.5219282312551,-0.3003800524444303,0.9619518385960931,1.0077596517448606,1.873463452579763,333,11.1
2,0,764.8221155734321,283.62033571985995,-0.43402404886428614,0.9608029352849201,1.0542860880447331,1.9950884564170692,333,11.1
3,0,765.5633438101993,325.47381706191607,0.7198618841516045,0.9063034337846598,1.1574053077224777,0.8995507741612765,333,11.1
0,0,750.8147980441264,305.56215695792986,-0.18330173928692464,1.1924458377899108,1.2064520726858958,1.7233215680157845,334,11.133333333333333
1,0,778.8962519991004,304.54152538452894,0.258558559889283,1.0195971532738208,1.0518701839372095,1.3224427019436844,334,11.133333333333333
2,0,764.8236334744164,284.875546530422,0.0015179009843045987,1.2552108105620856,1.255211728345193,1.5695870476589713,334,11.133333333333333
3,0,765.7419159330929,326.63677736457936,0.17857212289357888,1.1629603026632653,1.1765902722041148,1.4184366801839408,334,11.133333333333333
0,0,750.9984825110595,307.0059364955948,0.18368446693306983,1.443779537664987,1.455417238036093,1.4442514285296626,335,11.166666666666666
1,0,778.7175552290316,305.39239337206766,-0.17869677006873763,0.850867987538726,0.869430197227587,1.777804834362803,335,11.166666666666666
2,0,764.5641798109513,285.84528586036464,-0.2594536634651086,0.9697393299426444,1.0038478826610508,1.8322231351196396,335,11.166666666666666
3,0,765.3236403645028,327.8296047317895,-0.418275568590015,1.192827367210143,1.264037807680127,1.908058045822074,335,11.166666666666666
0,0,751.6721139417493,308.18749321214534,0.6736314306897979,1.1815567165505407,1.3600939595626762,1.0526357511940179,336,11.2
1,0,779.0375136122084,306.38632824420284,0.3199583831767946,0.9939348721351629,1.0441646886442058,1.259361023543072,336,11.2
2,0,764.6513990214047,287.0967946628904,0.08721921045346004,1.2515088025257446,1.2545443290181293,1.501217578153571,336,11.2
3,0,765.4800053130101,329.0267360578241,0.15636494850725366,1.1971313260346217,1.2073000492400752,1.4409152438790445,336,11.2
0,0,751.9174940823324,309.3008623249851,0.24538014058309715,1.1133691128397607,1.140088678488729,1.3538700123049676,337,11.233333333333333
1,0,778.8247477092534,307.3008470683243,-0.21276590295492354,0.914518824121429,0.9389430276287615,1.7993833257482121,337,11.233333333333333
2,0,764.459079113706,288.08125430217575,-0.19231990769866059,0.9844596392853708,1.0030691542855377,1.763722354784679,337,11.233333333333333
3,0,766.19392550655,330.0100139030612,0.7139201935399195,0.9832778452370441,1.2151203083143993,0.942792700814119,337,11.233333333333333
0,0,751.7361630998963,310.65389647884024,-0.18133098243604967,1.3530341538551505,1.365130889947827,1.7040205432576998,338,11.266666666666667
1,0,779.1524942523514,308.28452246489707,0.3277465430980311,0.9836753965727963,1.0368389857327691,1.249178678003994,338,11.266666666666667
2,0,764.0328590903184,288.7275209470578,-0.4262200233875528,0.6462666448820791,0.7741602447966606,2.1538287001021175,338,11.266666666666667
3,0,766.3878053477617,331.0810408767019,0.19387984121171054,1.0710269736407123,1.0884338156701403,1.391713280503092,338,11.266666666666667
0,0,752.1434111430048,311.94047090448765,0.4072480431084134,1.2865744256474376,1.3494905414065212,1.2642381192907752,339,11.3
1,0,778.9152663649008,309.3412254927408,-0.23722788745052328,1.0567030278437521,1.0830043211540716,1.7916330611331983,339,11.3
2,0,763.9300359429606,289.72655590998573,-0.10282314735782627,0.9990349629279209,1.0043124298668027,1.6733576702030692,339,11.3
3,0,767.1426144753823,331.9898522172472,0.7548091276205272,0.9088113405452946,1.1813868425892498,0.8777056137783882,339,11.3
0,0,753.1012199453901,312.9910325077689,0.9578088023853737,1.0505616032812504,1.4216460122744252,0.8315484857492238,340,11.333333333333334
1,0,779.2529464932039,310.36041166207923,0.3376801283031134,1.0191861693384365,1.0736704880090369,1.2508558889688803,340,11.333333333333334
2,0,764.2689322802485,290.9162517450883,0.3388963372879087,1.1896958351025575,1.2370234062003562,1.2932869824281124,340,11.333333333333334
3,0,767.3633414591334,333.1703591018596,0.22072698375112365,1.180506884612421,1.2009649894868677,1.385954196018096,340,11.333333333333334
0,0,753.6462174857469,314.0439121119373,0.5449975403568585,1.0528796041683932,1.1855706557893622,1.0931477909519576,341,11.366666666666667
1,0,779.2571810292856,311.18517121333565,0.004234536081591772,0.8247595512564057,0.8247704218050583,1.5656621045027366,341,11.366666666666667
2,0,764.6269129756909,292.4098462308287,0.3579806954423476,1.493594485740414,1.535895395573396,1.3355564920783993,341,11.366666666666667
3,0,767.2092453310008,334.2047424062222,-0.15409612813260432,1.0343833043625545,1.045798468658975,1.718682615349885,341,11.366666666666667
0,0,753.7167690995365,315.04767830648257,0.07055161378952174,1.0037661945453018,1.0062425669391364,1.5006248301756142,342,11.4
1,0,779.6833548594685,312.1732877370287,0.42617383018292887,0.9881165236930571,1.0761033397996866,1.1636023525084298,342,11.4
2,0,764.7275556814881,293.66618538161197,0.10064270579716414,1.2563391507832706,1.2603638427140809,1.4908591165133729,342,11.4
3,0,767.6268261325391,335.2159519676381,0.4175808015382654,1.0112095614159167,1.094037706348511,1.1791747128227619,342,11.4
0,0,753.306858679668,315.8352299934754,-0.4099104198683688,0.7875516869928504,0.8878424477360536,2.050698891153413,343,11.433333333333334
1,0,779.5440016051964,313.18493097660814,-0.1393532542721519,1.0116432395794326,1.0211960505520026,1.7076842581737286,343,11.433333333333334
2,0,764.7839141213894,294.62518784249795,0.05635843990138999,0.9590024608859846,0.9606570635421847,1.512096067397275,343,11.433333333333334
3,0,768.5471929725188,335.9270688610889,0.9203668399797251,0.7111168934508276,1.163083125268964,0.657837127903333,343,11.433333333333334
0,0,753.3213638320491,316.9195484613034,0.014505152381008829,1.0843184678279612,1.0844154826994925,1.55741991785828,344,11.466666666666667
1,0,779.9690663046293,314.16221116256094,0.4250646994329752,0.9772801859527649,1.0657187999467383,1.1605310704041218,344,11.466666666666667
2,0,764.6028316930298,295.3032227176219,-0.18108242835967342,0.678034875123978,0.7017992146939356,1.8317747607675097,344,11.466666666666667
3,0,768.991158021046,336.98855010304834,0.4439650485271746,1.0614812419594237,1.1505856731879887,1.17465643723244,344,11.466666666666667
0,0,753.4861807673745,318.2885582386419,0.1648169353254141,1.369009777338451,1.3788953523086287,1.4509816240477251,345,11.5
1,0,779.8269432016357,315.2280693618671,-0.1421231029936905,1.065858199306141,1.0752919033605173,1.703355857207336,345,11.5
2,0,764.6828977370635,296.2773869474054,0.08006604403372151,0.9741642297834514,0.9774489848563939,1.4887911742451636,345,11.5
3,0,768.857718002591,338.2111234780905,-0.13344001845495831,1.2225733750421568,1.229834092830098,1.6795128137188258,345,11.5
0,0,753.0527658292918,319.67536429343573,-0.4334149380826981,1.3868060547938712,1.4529554508539382,1.873706188439055,346,11.533333333333333
1,0,780.2515235638641,316.20380598779764,0.4245803622284049,0.9757366259305793,1.0641101668400668,1.1603698949886763,346,11.533333333333333
2,0,764.7643910975731,297.55210462360463,0.08149336050960518,1.2747176761992782,1.277319976287084,1.5069526935264652,346,11.533333333333333
3,0,769.3035161523658,339.331384085903,0.4457981497747464,1.120260607812524,1.2057030396242157,1.1920658057414217,346,11.533333333333333
0,0,753.1869900125849,321.0465984210659,0.13422418329307545,1.3712341276301714,1.3777877790713526,1.4732214969499133,347,11.566666666666666
1,0,780.1093960501016,317.24280359664147,-0.14212751376244168,1.0389976088438515,1.0486735723529672,1.7067454604943557,347,11.566666666666666
2,0,764.5635904545272,298.55932681078383,-0.2008006430459064,1.0072221871792142,1.0270430529406882,1.7675772168158597,347,11.566666666666666
3,0,769.1579986436241,340.55456546142966,-0.14551750874170244,1.2231813755266965,1.2318068122825805,1.6892062204258018,347,11.566666666666666
0,0,753.8637216768282,322.2013209897315,0.6767316642432477,1.1547225686656641,1.338413223177082,1.0406931400914539,348,11.6
1,0,780.5359858176377,318.2284350295043,0.42658976753607475,0.9856314328628294,1.0739870349374412,1.162330353816194,348,11.6
2,0,764.7310064735019,299.82436046153026,0.16741601897469804,1.265033650746446,1.2760635802851743,1.4392197651112573,348,11.6
3,0,769.588728871899,341.6747297857675,0.4307302282749277,1.1201643243378772,1.2001235949139173,1.2037019779619844,348,11.6
0,0,753.9801865836398,323.57414851836734,0.11646490681160321,1.3728275286357912,1.3777588678353296,1.4861631874283,349,11.633333333333333
1,0,780.3941607641133,319.26385175911986,-0.1418250535243357,1.0354167296155679,1.045084757220666,1.7069231013605888,349,11.633333333333333
2,0,764.6118256148781,300.8381649311658,-0.1191808586238351,1.0138044696355257,1.020785765827132,1.6878172593460048,349,11.633333333333333
3,0,769.4282609029951,342.90533858178446,-0.16046796890379136,1.2306087960169527,1.2410269851531843,1.700461931928546,349,11.633333333333333
0,0,753.9891017598911,324.65645503406,0.008915176251358722,1.0823065156926472,1.0823432331189358,1.5625593121466979,350,11.666666666666666
1,0,780.8185852925922,320.2382606648427,0.42442452847884726,0.9744089057228209,1.062830605471275,1.160005896247438,350,11.666666666666666
2,0,764.7412787877932,302.1317002295015,0.12945317291523523,1.2935352983356943,1.2999968046184711,1.471051405983883,350,11.666666666666666
3,0,769.8420363866575,344.035173354348,0.41377548366237565,1.1298347725635485,1.2032193333610286,1.2197395514422182,350,11.666666666666666
0,0,754.2458894779699,325.99828250178166,0.25678771807870426,1.3418274677216417,1.366177472105415,1.3817108685168296,351,11.7
1,0,780.6997648158992,321.19434689971155,-0.1188204766929315,0.9560862348688638,0.9634413288764685,1.694440357320744,351,11.7
2,0,764.5886962761325,303.16612750899486,-0.15258251166069883,1.0344272794933231,1.0456200167482663,1.7172446406693833,351,11.7
3,0,770.7321920679739,344.817111533777,0.8901556813163629,0.7819381794289947,1.1848225409016022,0.7207685465616948,351,11.7
0,0,755.0590262958151,327.11705005265844,0.813136817845242,1.1187675508767674,1.3830518129955531,0.9422996124116391,352,11.733333333333333
1,0,781.1317722648677,322.1285082455823,0.4320074489684207,0.9341613458707451,1.0292171083319808,1.1376333495504252,352,11.733333333333333
2,0,764.9137173202831,304.38165568343663,0.3250210441506167,1.2155281744417676,1.2582318633711727,1.3095180041670103,352,11.733333333333333
3,0,771.1346506719875,345.9452183999385,0.40245860401366657,1.1281068661614908,1.197747064043711,1.228115750789306,352,11.733333333333333
0,0,755.4475443834215,328.2065253826082,0.3885180876064093,1.0894753299498006,1.1566774826919421,1.2282448089903206,353,11.766666666666667
1,0,781.0080209288416,323.12158857570273,-0.12375133602611407,0.9930803301204514,1.0007611779242802,1.6947708687048397,353,11.766666666666667
2,0,764.9255393688445,305.38350389079716,0.011822048561420218,1.0018482073605408,1.0019179564334186,1.5589966351874507,353,11.766666666666667
3,0,770.9428939337906,347.1646428268051,-0.1917567381968298,1.2194244268666508,1.234409405133867,1.7267708855837645,353,11.766666666666667
0,0,755.3272984810706,329.216771843328,-0.12024590235097277,1.0102464607197492,1.017377505368081,1.6892652687177936,354,11.8
1,0,781.4407175920185,324.0594266999861,0.4326966631768804,0.937838124283333,1.0328440103344199,1.138521910320086,354,11.8
2,0,764.550820911129,306.11674560599937,-0.37471845771553697,0.7332417152022147,0.823442369243529,2.0432397026701543,354,11.8
3,0,771.3242551640809,348.29263723020506,0.3813612302903153,1.1279944033999414,1.1907173308850982,1.2447728061917156,354,11.8
0,0,754.7516377376862,329.93612949202833,-0.5756607433843581,0.7193576487003397,0.9213363762587002,2.2456852700853207,355,11.833333333333334
1,0,781.3159626277795,325.0809748341556,-0.12475496423895469,1.021548134169522,1.0291376931817697,1.6923180128467257,355,11.833333333333334
2,0,764.4656343773811,307.1906101110816,-0.08518653374790655,1.0738645050821962,1.077238005645648,1.6499576345140223,355,11.833333333333334
3,0,772.0354456628762,349.04405055079394,0.7111904987953537,0.7514133205888929,1.0346080919532818,0.8128920655348494,355,11.833333333333334
0,0,754.599161007859,330.9867128225516,-0.1524767298271856,1.050583330523305,1.061590546073312,1.714925262627136,356,11.866666666666667
1,0,781.7549043063215,326.0457289508209,0.4389416785418996,0.9647541166652946,1.0599152337728774,1.1438106015198752,356,11.866666666666667
2,0,764.7581094102399,308.48853380177843,0.2924750328587175,1.2979236906968399,1.3304689217406824,1.3491576250624762,356,11.866666666666667
3,0,772.2386420843474,350.0334069947867,0.20319642147118339,0.9893564439927075,1.0100074054028467,1.3682307598457593,356,11.866666666666667
0,0,754.8778671682693,332.24974258324687,0.2787061604103081,1.2630297606952265,1.2934145894694777,1.353612038324072,357,11.9
1,0,781.6318852873056,327.05111247127456,-0.12301901901585718,1.0053835204536874,1.0128818797073398,1.692551383328155,357,11.9
2,0,765.0338567593038,310.09354560353745,0.2757473490639585,1.605011801759031,1.6285267834154806,1.4006534247226383,357,11.9
3,0,772.3020482726637,351.3318159306378,0.06340618831630881,1.2984089358511344,1.2999561951907759,1.5220013314564274,357,11.9
0,0,754.6157691527446,333.6737085348282,-0.262098015524654,1.4239659515813687,1.4478861837192158,1.7528209780537103,358,11.933333333333334
1,0,782.0705757990365,328.01395915897723,0.43869051173091395,0.962846687702647,1.0580751906659043,1.1432801050494654,358,11.933333333333334
2,0,765.0362082752013,311.45495602949444,0.002351515897486306,1.3614104259570152,1.3614124568004649,1.5690690640135059,358,11.933333333333334
3,0,772.886017247641,352.40897429942186,0.5839689749773569,1.0771583687840482,1.225271363893573,1.0740088794406661,358,11.933333333333334
0,0,754.9406044188974,335.054375698333,0.3248352661526821,1.3806671635047871,1.4183651738945222,1.3397245984965038,359,11.966666666666667
1,0,781.9654422397025,328.96758068133715,-0.10513355933407068,0.9536215223599347,0.959399329375589,1.6805995286922928,359,11.966666666666667
2,0,764.7874952717281,312.5310833595646,-0.24871300347319675,1.0761273300701775,1.1044945398781414,1.7979268200022038,359,11.966666666666667
3,0,773.7575587763253,353.056618737632,0.8715415286842344,0.6476444382101496,1.0858305367624326,0.6390718887588076,359,11.966666666666667
0,0,754.6763270302326,336.4208378253424,-0.2642773886647093,1.3664621270094328,1.3917834898828845,1.7618403022801146,360,12.0
1,0,782.410539844995,329.9259151077548,0.4450976052925468,0.9583344264176286,1.0566535624765407,1.1359916709926419,360,12.0
2,0,764.3190158962848,313.2642146792385,-0.46847937544330853,0.7331313196738983,0.8700312966224515,2.1394079705480924,360,12.0
3,0,774.1463098939541,353.99931073539125,0.38875111762887976,0.942691997759255,1.0197036991680664,1.1796598649014793,360,12.0
0,0,754.9780851552216,337.7104623741468,0.30175812498899857,1.289624548804375,1.32445816954548,1.340942549008727,361,12.033333333333333
1,0,782.2957542616543,330.922297672156,-0.11478558334071298,0.996382564401174,1.0029725543530728,1.685493028527725,361,12.033333333333333
2,0,764.244284551765,314.3273733016555,-0.07473134451980024,1.0631586224169864,1.0657818868198696,1.6409727102144365,361,12.033333333333333
3,0,773.9858310882138,355.0793291974227,-0.16047880574036802,1.080018462031429,1.091876057719276,1.7183059863789094,361,12.033333333333333
0,0,755.7780819165847,338.70425861730115,0.7999967613631066,0.99379624315434,1.275784382683508,0.8930196575093591,362,12.066666666666666
1,0,782.7405739891296,331.8782658227523,0.44481972747535337,0.9559681505963492,1.0543906747054679,1.1352853557943154,362,12.066666666666666
2,0,764.5520806886833,315.6093706385221,0.3077961369183445,1.2819973368665913,1.3184292296649407,1.3351652196702937,362,12.066666666666666
3,0,774.4103475945852,356.1652353981971,0.4245165063714456,1.0859062007744573,1.165935907784915,1.1981307331336284,362,12.066666666666666
0,0,756.0662812453223,340.01229761616406,0.28819932873765813,1.308038998862894,1.3394121380781492,1.3539319372958651,363,12.1
1,0,782.7449086444582,332.73479255893375,0.004334655328545711,0.8565267361814414,0.856537704383438,1.565735634418355,363,12.1
2,0,764.5402258032436,316.67504275979644,-0.011854885439709195,1.0656721212743627,1.0657380580471867,1.5819201952181583,363,12.1
3,0,774.2513155767672,357.3924908658879,-0.15903201781807363,1.22725546769077,1.2375165314726826,1.6996616980073076,363,12.1
0,0,755.7829524477858,341.4431923065353,-0.2833287975366121,1.4308946903712574,1.4586757084582573,1.7662759059864677,364,12.133333333333333
1,0,783.256441531855,333.6526529952317,0.5115328873967887,0.9178604362979336,1.0507776526980048,1.0623580877648362,364,12.133333333333333
2,0,764.716516814356,318.0197960379457,0.17629101111246398,1.3447532781492406,1.3562595251986929,1.440444247729893,364,12.133333333333333
3,0,774.6422720215752,358.4892052034424,0.39095644480800545,1.096714337554478,1.164314940183485,1.2283606113993466,364,12.133333333333333
0,0,756.053827983685,342.7876701820223,0.2708755358991982,1.3444778754869882,1.3714934610207528,1.3719851481290986,365,12.166666666666666
1,0,783.2141823861958,334.69841386233765,-0.042259145659159836,1.0457608671059873,1.0466143638237098,1.6111843035705375,365,12.166666666666666
2,0,764.5866459247777,319.11933223209314,-0.12987088957831847,1.099536194147446,1.107179429993221,1.6883658564912478,365,12.166666666666666
3,0,775.5104907011728,359.2392240819232,0.8682186795975865,0.7500188784808134,1.147315123965423,0.7124853421658645,365,12.166666666666666
0,0,756.8618090427615,343.880249108304,0.8079810590764533,1.0925789262816752,1.358882666745413,0.9340379472750266,366,12.2
1,0,783.7319358403638,335.63517020852277,0.5177534541679267,0.9367563461851268,1.0703182196996035,1.0658758199024694,366,12.2
2,0,764.9684649449484,320.3636125060087,0.38181902017073377,1.2442802739155314,1.3015449144072782,1.273058503043676,366,12.2
3,0,775.9091451626448,360.3603059341632,0.3986544614720153,1.1210818522399941,1.1898528896772906,1.2291431582022798,366,12.2
0,0,757.128054972286,345.228974106745,0.26624592952453174,1.3487249984410348,1.374753074704018,1.3758965781642378,367,12.233333333333333
1,0,783.7413844155915,336.5623392698649,0.009448575227634204,0.9271690613421331,0.9272172042643969,1.5606059003046981,367,12.233333333333333
2,0,765.0012478052265,321.41923996348334,0.03278286027807195,1.055627457474676,1.0561363760909197,1.5397509734589432,367,12.233333333333333
3,0,776.7804438396059,361.1328771163939,0.8712986769611498,0.7725711822307056,1.1644859879309843,0.7254122415446379,367,12.233333333333333
0,0,757.9378715726691,346.33463259958893,0.8098166003831324,1.1056584928439444,1.3705048810763267,0.9386356727111785,368,12.266666666666667
1,0,784.2874285733456,337.4127904363487,0.5460441577540845,0.8504511664838076,1.0106588983386218,1.0000201958401171,368,12.266666666666667
2,0,765.4905245677637,322.61308773991067,0.4892767625371581,1.1938477764273379,1.290218688300298,1.181843113536437,368,12.266666666666667
3,0,777.1736873362995,362.27025075262117,0.39324349669352415,1.1373736362272657,1.2034364279331842,1.237915404790995,368,12.266666666666667
0,0,758.3070433007816,347.4298997050797,0.36917172811252663,1.095267105490763,1.1558104503800368,1.2456947126639248,369,12.3
1,0,784.3162230059796,338.4870376186925,0.028794432634102862,1.0742471823437838,1.0746330202093544,1.543998453735207,369,12.3
2,0,765.6217129620145,323.6467799854531,0.13118839425083076,1.0336922455424278,1.0419837106599403,1.444558770061694,369,12.3
3,0,776.9801610783474,363.4319085079499,-0.19352625795220613,1.161657755328743,1.1776676751241828,1.7358751766790277,369,12.3
0,0,758.1519419415721,348.4519411069441,-0.1551013592095009,1.0220414018644082,1.0337432267026465,1.7214036147093208,370,12.333333333333334
1,0,784.8790716877921,339.36246667313515,0.5628486818124944,0.8754290544426541,1.0407567765719432,0.9993999579010315,370,12.333333333333334
2,0,765.3298141951335,324.4627838305414,-0.2918987668809464,0.8160038450882903,0.8666413129464182,1.9143297162038997,370,12.333333333333334
3,0,777.3501683278962,364.4898716816412,0.3700072495488998,1.057963173691306,1.1207994653842954,1.234357186834763,370,12.333333333333334
0,0,758.5628431869277,349.43166447427035,0.4109012453555848,0.979723367326254,1.0624018589591533,1.173673904930053,371,12.366666666666667
1,0,784.8979962263682,340.38684724865215,0.018924538576072514,1.0243805755170012,1.024555367784904,1.55232429937769,371,12.366666666666667
2,0,765.4406921382925,325.55547883128907,0.1108779431590041,1.0926950007476617,1.0983060971050391,1.469670465554926,371,12.366666666666667
3,0,778.2371768097543,365.2592643796413,0.8870084818580704,0.7693926980000982,1.1742015034158444,0.7145103196613606,371,12.366666666666667
0,0,758.7451804764298,350.7484814759316,0.18233728950209152,1.3168170016612644,1.3293810225090217,1.4332030469840622,372,12.4
1,0,785.4623533907447,341.26621995527995,0.5643571643766183,0.8793727066278072,1.0448901215654844,1.0002267436683214,372,12.4
2,0,765.9300396043118,326.82512194185057,0.4893474660192516,1.269643110561495,1.3606816566323408,1.2029206443780696,372,12.4
3,0,779.0029169000017,365.8344791201569,0.7657400902474178,0.5752147405156012,0.9577211929985439,0.6442609732918277,372,12.4
0,0,759.5090561578749,351.9186251819752,0.7638756814450428,1.1701437060436022,1.3974055780254295,0.9924517407877184,373,12.433333333333334
1,0,785.9725868679202,341.9281526604613,0.5102334771754845,0.6619327051813515,0.835759000800642,0.9141006504376692,373,12.433333333333334
2,0,766.7728064855366,328.228369795908,0.84276688122482,1.4032478540574203,1.6368752414298913,1.0299482208777107,373,12.433333333333334
3,0,779.4346488047231,366.84265649146084,0.4317319047214654,1.0081773713039035,1.0967287949003954,1.1661929330716874,373,12.433333333333334
0,0,759.8519560016501,353.036969205751,0.34289984377531246,1.1183440237758235,1.1697323020145394,1.273282816347017,374,12.466666666666667
1,0,786.3413431136651,342.97060658625367,0.36875624574480964,1.0424539257923389,1.1057537502426413,1.230794750751973,374,12.466666666666667
2,0,767.2954079026151,329.4859306732363,0.5226014170784732,1.2575608773283005,1.3618265680031187,1.1769421491809424,374,12.466666666666667
3,0,779.507736043294,368.1692040096912,0.0730872385708603,1.326547518230367,1.328559393691174,1.5157561426843786,374,12.466666666666667
0,0,759.6910066177549,354.0533164221603,-0.16094938389532995,1.016347216409319,1.0290123266896551,1.7278527302145286,375,12.5
1,0,786.8986324742641,343.6456664096713,0.5572893605989985,0.6750598234176282,0.8753726044545145,0.8806746406323783,375,12.5
2,0,767.4438113016373,330.5954593528537,0.1484033990221801,1.1095286796173995,1.1194094245336987,1.437831941234696,375,12.5
3,0,780.0894298645269,369.2653415610918,0.5816938212328704,1.0961375514005938,1.2409211228966117,1.0829101908162002,375,12.5
0,0,760.0339414244602,355.23204203473927,0.34293480670538046,1.1787256125789651,1.2275986116804276,1.2876748781283454,376,12.533333333333333
1,0,787.1919656441695,344.7191400284575,0.29333316990533914,1.0734736187861604,1.1128297079052885,1.3040521662718685,376,12.533333333333333
2,0,767.2218962996883,331.47452763312674,-0.22191500194904168,0.8790682802730424,0.9066461875904224,1.8180733526878408,376,12.533333333333333
3,0,781.0169910985607,369.93388409707137,0.9275612340337794,0.6685425359795603,1.143380498913747,0.6245187883296085,376,12.533333333333333
0,0,760.137977256526,356.72621947573793,0.10403583206584448,1.4941774409986734,1.49779493908311,1.5012810235454146,377,12.566666666666666
1,0,787.9091516732369,345.4433295229284,0.7171860290674305,0.7241894944709172,1.0192184379177762,0.7902570014835052,377,12.566666666666666
2,0,766.7056457602287,331.9904076327734,-0.5162505394596897,0.5158799996466207,0.7298265503034389,2.356553494972371,377,12.566666666666666
3,0,781.4693885381066,370.91901336071663,0.45239743954595096,0.9851292636452688,1.084040178867002,1.1402962058687975,377,12.566666666666666
0,0,760.7721401925943,358.00636129962066,0.6341629360682826,1.280141823882748,1.4286097153304653,1.110847605081244,378,12.6
1,0,788.1223473358094,346.3967767779252,0.21319566257245837,0.953447254996769,0.976992353399239,1.3508099725236251,378,12.6
2,0,766.5531928585915,332.8339002726653,-0.15245290163718547,0.8434926398919049,0.8571590988663728,1.74960599698685,378,12.6
3,0,782.3997743936584,371.5714158353962,0.9303858555517316,0.6524024746795726,1.1363304225350819,0.6115423453296401,378,12.6
0,0,761.8706870247482,358.9132694132736,1.0985468321538907,0.9069081136529549,1.4245306135864226,0.690128718571602,379,12.633333333333333
1,0,787.8064445191617,347.2531656390602,-0.3159028166476927,0.8563888611350302,0.9127959635329792,1.9241887924953023,379,12.633333333333333
2,0,766.8684074363466,333.8624236757712,0.3152145777551285,1.0285234031059065,1.0757418931908802,1.2734116974830885,379,12.633333333333333
3,0,782.8991070686535,372.6344085492532,0.49933267499513145,1.0629927138570185,1.1744303427751273,1.131646509041824,379,12.633333333333333
0,0,762.9725578326379,359.39027753274456,1.1018708078896564,0.477008119470955,1.2006898114503266,0.4085492474129791,380,12.666666666666666
1,0,788.0222877630181,348.1421293597177,0.21584324385634293,0.8889637206575144,0.9147922182461327,1.3326024994876866,380,12.666666666666666
2,0,767.5316620082305,335.0416095473652,0.663254571883888,1.1791858715940016,1.352917568402371,1.0584310123934353,380,12.666666666666666
3,0,783.8800300241996,373.33807554581995,0.9809229555461809,0.7036669965667857,1.207210456703708,0.6222768893189546,380,12.666666666666666
0,0,763.7349726535834,360.3633741236128,0.7624148209455194,0.973096590868244,1.2362011706663227,0.9062016965799421,381,12.7
1,0,788.7506677559537,348.8674153588112,0.7283799929356007,0.7252859990934448,1.0278994087895188,0.7832697589447883,381,12.7
2,0,768.52522371027,336.34368607134445,0.9935617020395773,1.3020765239792174,1.6378547341133716,0.9189894730728392,381,12.7
3,0,784.4067509076883,374.4278174011388,0.5267208834887356,1.089741855318834,1.2103603597015595,1.1205615660112285,381,12.7
0,0,764.0563397260928,361.70362869361685,0.3213670725093547,1.3402545700040756,1.3782449374875434,1.3354587877862591,382,12.733333333333333
1,0,789.0109044252171,349.9135583305029,0.26023666926332817,1.0461429716917352,1.0780251579853253,1.3269867336528514,382,12.733333333333333
2,0,769.1757568380558,337.54476802465206,0.6505331277857781,1.201081953307622,1.3659396798204524,1.074407646013757,382,12.733333333333333
3,0,784.3984477169855,375.52123302676347,-0.008303190702748542,1.0934156256247145,1.0934471515972466,1.5783899910062757,382,12.733333333333333
0,0,763.9423185536525,362.88124178759733,-0.11402117244025958,1.1776130939804703,1.1831202081271825,1.66731941429515,383,12.766666666666667
1,0,789.7524088209012,350.65206600589835,0.7415043956841287,0.7385076753954678,1.0465287169671469,0.7833733716731657,383,12.766666666666667
2,0,769.4376351871988,338.63794326674326,0.26187834914301233,1.0931752420912346,1.1241051461812186,1.3356697699775228,383,12.766666666666667
3,0,784.9435143096327,376.44895961055926,0.5450665926472251,0.9277265837957643,1.0759991657531225,1.0395968921139873,383,12.766666666666667
0,0,764.4116738955412,364.10104435080046,0.4693553418886318,1.2198025632031513,1.3069861246992533,1.203479304751855,384,12.8
1,0,790.0028230794236,351.67794278449156,0.25041425852239,1.0258767785932073,1.0559973796028543,1.331380349030154,384,12.8
2,0,769.3051910084115,339.54083257201876,-0.1324441787872725,0.9028893052755157,0.9125516741946936,1.716446840829522,384,12.8
3,0,785.9314700067466,377.00150452898083,0.9879556971138376,0.5525449184215728,1.1319727674874478,0.5099408559275617,384,12.8
0,0,765.3791939227624,364.9907340545412,0.9675200272212583,0.889689703740736,1.3143982547221003,0.7435155434253683,385,12.833333333333334
1,0,790.7617109881851,352.44048869594326,0.758887908761448,0.7625459114517025,1.0758192808906297,0.7878024714869958,385,12.833333333333334
2,0,769.6866605580675,340.5654760416781,0.38146954965601126,1.024643469659349,1.09334955857233,1.2143993477080868,385,12.833333333333334
3,0,787.1457006598478,377.5324547117038,1.2142306531011142,0.530950182722969,1.325241176338825,0.4122198270558902,385,12.833333333333334
0,0,765.8727889671145,366.25037382666756,0.49359504435209767,1.2596397721263772,1.3528963091573356,1.1973319174892714,386,12.866666666666667
1,0,791.0042147933327,353.3984043983959,0.24250380514758474,0.9579157024526478,0.9881349040067391,1.3228478581324186,386,12.866666666666667
2,0,769.7008822441616,341.42198963444633,0.014221686094095853,0.8565135927682587,0.8566316541852452,1.5541936955387001,386,12.866666666666667
3,0,787.9673831459872,378.4649808491542,0.8216824861394619,0.9325261374503673,1.242886601849271,0.8485015383034324,386,12.866666666666667
0,0,766.8580333072335,367.1736640051834,0.9852443401190141,0.9232901785158301,1.3502485561852473,0.7529479178398008,387,12.9
1,0,791.7610612089957,354.1402857050813,0.7568464156629184,0.7418813066853929,1.059813365697486,0.7754132866104432,387,12.9
2,0,770.1772356918256,342.40649977284244,0.4763534476639967,0.9845101383960797,1.0936968591460998,1.12015345806767,387,12.9
3,0,788.2572321820959,379.61875529135426,0.28984903610866014,1.153774442200089,1.1896251204506594,1.3246715350765157,387,12.9
0,0,767.4000425450732,368.181443785159,0.5420092378397319,1.0077797799755903,1.1442875944583408,1.0773484925091164,388,12.933333333333334
1,0,792.0244482016535,355.1711505724677,0.26338699265781346,1.0308648673863998,1.0639807717778111,1.3206470014873473,388,12.933333333333334
2,0,770.7503810062758,343.67650682699673,0.5731453144502291,1.270007054154279,1.3933461411572796,1.1468676475203972,388,12.933333333333334
3,0,789.081991312611,380.5025274086921,0.8247591305150668,0.8837721173378436,1.2088344711960295,0.8199246233043688,388,12.933333333333334
0,0,767.4369327692763,369.17558112063057,0.03689022420300697,0.9941373354715656,0.9948215570745601,1.5337055704066604,389,12.966666666666667
1,0,792.794703900229,355.9314444775621,0.7702556985754849,0.7602939050943719,1.08228492704632,0.7788896171912953,389,12.966666666666667
2,0,771.6140487080546,345.12045654369996,0.8636677017788442,1.4439497167032322,1.6825316292608872,1.031753951652244,389,12.966666666666667
3,0,789.395075318051,381.70081368422734,0.313084005440051,1.1982862755352097,1.2385118459661297,1.3152329980408546,389,12.966666666666667
0,0,767.9388156734965,370.29564445596475,0.501882904220256,1.1200633353341884,1.2273664182747162,1.1495365591411575,390,13.0
1,0,793.0543515732123,356.9506033617868,0.25964767298332264,1.0191588842247514,1.051713718356804,1.3213364808905692,390,13.0
2,0,772.1324393349104,346.438111076829,0.5183906268557457,1.3176545331290161,1.4159598548996148,1.1959758720653169,390,13.0
3,0,790.1931980346322,382.58400189712654,0.7981227165812983,0.8831882128992216,1.1903870337529858,0.8359498024524197,390,13.0
0,0,768.0976813314398,371.7460512102127,0.15886565794333582,1.4504067542479928,1.459081234901596,1.4616994291602916,391,13.033333333333333
1,0,793.8233922650501,357.70893477428643,0.7690406918377545,0.7583314124996072,1.0800417199747154,0.7783867063884586,391,13.033333333333333
2,0,772.2997978330251,347.5897086841181,0.16735849811472756,1.1515976072890775,1.1636949411272464,1.426479421717197,391,13.033333333333333
3,0,791.2576781817476,382.9619150379737,1.0644801471153498,0.3779131408471434,1.1295735149283865,0.34114112809631564,391,13.033333333333333
0,0,768.7866532819918,372.96748086674916,0.6889719505519132,1.2214296565364047,1.402345447639043,1.0572149485247804,392,13.066666666666666
1,0,794.0761666224596,358.6757148814714,0.25277435740950605,0.9667801071849591,0.9992790658331384,1.3150611721706518,392,13.066666666666666
2,0,772.1503371250051,348.4993143988097,-0.14946070802000988,0.9096057146916477,0.9218031565586798,1.7336547908051034,392,13.066666666666666
3,0,791.9868397482055,383.82495377859027,0.7291615664579084,0.8630387406165452,1.1298285081393296,0.8692839675864077,392,13.066666666666666
0,0,768.9062150640636,374.37093194873484,0.11956178207182461,1.4034510819856578,1.408534685145845,1.4858102559269757,393,13.1
1,0,794.8306766760869,359.3946856482335,0.7545100536272915,0.718970766762121,1.0422112955073797,0.7612835653354849,393,13.1
2,0,772.4792513765552,349.58843964088186,0.3289142515501819,1.089125242072165,1.1377075097719838,1.2775070037969818,393,13.1
3,0,792.2200526652598,385.01650642071337,0.23321291705431,1.1915526421231173,1.2141606004279508,1.3775177126939109,393,13.1
0,0,769.554954829013,375.5511491057268,0.6487397649493583,1.1802171569919706,1.346764946189482,1.068200133077995,394,13.133333333333333
1,0,795.0850237797839,360.3671594248731,0.2543471036969957,0.9724737766395691,1.0051854035006063,1.314980246969414,394,13.133333333333333
2,0,773.0770968875206,350.8844505947993,0.5978455109653984,1.2960109539174571,1.4272573866179552,1.1385879169177238,394,13.133333333333333
3,0,793.0066509443103,385.97557287645975,0.7865982790505115,0.959066455746403,1.24038111850479,0.8838765713808862,394,13.133333333333333
0,0,769.6528942164188,376.9668133757572,0.09793938740570457,1.4156642700304245,1.4190480784829596,1.5017237486756618,395,13.166666666666666
1,0,795.8517243114428,361.10851622634925,0.7667005316588508,0.7413568014761556,1.0665081398380982,0.7685941970515585,395,13.166666666666666
2,0,773.3171639030189,352.03353702480854,0.24006701549829676,1.149086430009198,1.17389599009518,1.3648388419039408,395,13.166666666666666
3,0,793.4641393750965,386.8250776678789,0.4574884307861192,0.8495047914191451,0.964859603749287,1.0767976743321723,395,13.166666666666666
0,0,770.2648222626103,378.15393083899113,0.611928046191566,1.1871174632338781,1.3355537447930224,1.0948463833151973,396,13.2
1,0,796.1045818910802,362.07282911987556,0.25285757963739486,0.9643128935262929,0.9969133925277225,1.3143543765896535,396,13.2
2,0,773.1508039213085,352.98998106952604,-0.1663599817104611,0.9564440447175093,0.970804230620311,1.7430093531153545,396,13.2
3,0,793.7485697720949,388.0293898856659,0.2844303969984142,1.2043122177870575,1.237444369920465,1.338869610867939,396,13.2
0,0,771.2873924406838,378.9329200833881,1.0225701780734153,0.7789892443970204,1.285485905006872,0.6510075149337666,397,13.233333333333333
1,0,796.852036235577,362.778615415827,0.7474543444967803,0.7057862959514635,1.0280186246659144,0.7567335125425974,397,13.233333333333333
2,0,773.5111047008548,354.08029054185766,0.36030077954642536,1.0903094723316404,1.1482993499945309,1.2516363862478783,397,13.233333333333333
3,0,794.5118959948386,388.9224617788281,0.7633262227436807,0.8930718931622073,1.1748380010386386,0.863568553952546,397,13.233333333333333
0,0,771.8840232914595,380.1359506374026,0.596630850775674,1.2030305540144628,1.3428517736480263,1.1104020711622011,398,13.266666666666667
1,0,797.1034320014304,363.73808610379797,0.25139576585339224,0.9594706879709364,0.9918587763207197,1.314541732991765,398,13.266666666666667
2,0,774.2096407720768,355.3252736890465,0.6985360712219667,1.244983147188869,1.4275628461060907,1.0594856490324784,398,13.266666666666667
3,0,795.593387838323,389.3208498175118,1.081491843484405,0.3983880386836989,1.1525353083049306,0.3529445307506408,398,13.266666666666667
0,0,772.1921820621263,381.3405359910121,0.3081587706668923,1.2045853536095215,1.2433775380267678,1.3203462020202312,399,13.3
1,0,797.8592034669708,364.458446214468,0.7557714655403749,0.7203601106700406,1.0440829455410137,0.7614134693026701,399,13.3
2,0,775.3061034459596,356.61733101299944,1.0964626738827965,1.2920573239529118,1.6945921407815427,0.8671053248102728,399,13.3
3,0,796.3399588945608,390.21358875236956,0.7465710562377885,0.8927389348577282,1.1637659334346053,0.8743272609160597,399,13.3
0,0,773.0624566885955,382.4079875846502,0.8702746264692022,1.0674515936381064,1.3772548167411296,0.8868059930351411,400,13.333333333333334
1,0,798.543881556645,364.8272883061951,0.6846780896742247,0.36884209172710436,0.7777072554049957,0.494133010504422,400,13.333333333333334
2,0,776.0669187015052,357.8137876209452,0.7608152555455382,1.196456607945767,1.4178675071274867,1.0044040236180731,400,13.333333333333334
3,0,797.4547717923775,390.6323275652815,1.1148128978166751,0.4187388129119365,1.1908610290782506,0.35930845504712006,400,13.333333333333334
0,0,773.3977764845322,383.6725350933733,0.33531979593665706,1.264547508723137,1.3082506515820636,1.3115919551262543,401,13.366666666666667
1,0,799.1453231496017,365.6553935991222,0.6014415929567273,0.8281052929271105,1.0234697679522444,0.9426454695228371,401,13.366666666666667
2,0,776.4513159466907,358.91425339598396,0.384397245185461,1.1004657750387308,1.1656698349608974,1.2347415665150043,401,13.366666666666667
3,0,798.2258953284417,391.1332200879512,0.771123536064102,0.5008925226696833,0.9195242395600041,0.5760672287710081,401,13.366666666666667
0,0,774.2892160955995,384.7097856235388,0.8914396110673515,1.0372505301654549,1.367681703653459,0.8608556306448947,402,13.4
1,0,800.1318420313687,366.068475204299,0.9865188817669525,0.4130816051767804,1.0695119992866577,0.39654496529289673,402,13.4
2,0,776.4864160582009,359.833703664402,0.03510011151024364,0.9194502684180019,0.9201199997402335,1.532639749226802,402,13.4
3,0,799.365363309126,391.3315871178996,1.139467980684361,0.19836702994838784,1.1566057053185583,0.1723600573962553,402,13.4
0,0,774.6548539105903,385.9357369495641,0.3656378149908519,1.225951326025301,1.279315311224906,1.2809474331526252,403,13.433333333333334
1,0,800.7527664198793,366.92116742624404,0.6209243885105724,0.8526922219450447,1.0548133112607205,0.9413984866560104,403,13.433333333333334
2,0,777.0162606865566,360.8446165258558,0.5298446283556865,1.0109128614538183,1.141350140688703,1.0880355688142311,403,13.433333333333334
3,0,800.195459818268,391.9735459388522,0.8300965091419672,0.6419588209526462,1.0493671151168174,0.6582811754936894,403,13.433333333333334
0,0,775.5253466927363,386.85285534269127,0.8704927821459628,0.9171183931271865,1.2644618739924156,0.8114748867615581,404,13.466666666666667
1,0,801.7201448543012,367.3225353083518,0.9673784344218795,0.40136788210776925,1.0473381555983734,0.3932871168413765,404,13.466666666666667
2,0,777.956062385208,361.89030796451567,0.9398016986514011,1.0456914386598193,1.4059508589116838,0.8386793941198865,404,13.466666666666667
3,0,800.5655876526102,392.9480905509588,0.3701278343422171,0.9745446121065593,1.042464299024568,1.207827867308045,404,13.466666666666667
0,0,776.7893004352642,387.3201163613931,1.2639537425278853,0.4672610187018367,1.347557762342129,0.3541002318001055,405,13.5
1,0,802.3316754120813,368.16563316828666,0.6115305577799864,0.8430978599348689,1.0415294640697674,0.9432668996012344,405,13.5
2,0,779.1081783173685,363.14834340306925,1.152115932160457,1.2580354385535653,1.7058793292008143,0.829317145839709,405,13.5
3,0,801.4541773936203,393.682967957072,0.8885897410100003,0.7348774061131872,1.153098664401215,0.690998059670823,405,13.5
0,0,777.7094201371686,388.2638537529195,0.9201197019044706,0.9437373915264076,1.3180517933669524,0.7980688910903387,406,13.533333333333333
1,0,803.3083646762659,368.57303533116755,0.9766892641846459,0.407402162880884,1.0582525412648756,0.39518215866946427,406,13.533333333333333
2,0,779.9179684322696,364.3273656553419,0.8097901149011845,1.1790222522726757,1.4303333532941915,0.9689627799632065,406,13.533333333333333
3,0,802.625130106331,393.888944672291,1.170952712710702,0.20597671521903077,1.1889308905975038,0.1741238697815934,406,13.533333333333333
0,0,778.1141437729663,389.49353169572913,0.4047236357976336,1.2296779428096363,1.2945690651354969,1.2528337254912623,407,13.566666666666666
1,0,803.9153457210083,369.41077277057656,0.6069810447423609,0.8377374394090181,1.0345192149322826,0.9437844243956479,407,13.566666666666666
2,0,780.338521534218,365.4329905649489,0.42055310194837897,1.1056249096069752,1.1829080066944495,1.20732086358659,407,13.566666666666666
3,0,803.5283109312778,394.6156934308645,0.903180824946812,0.7267487585734945,1.1592667340348033,0.6775727787391764,407,13.566666666666666
0,0,779.0519438082159,390.4449597667258,0.9378000352497211,0.9514280709966544,1.3359207612709643,0.7926115852864158,408,13.6
1,0,804.8727833643237,369.8055995768074,0.9574376433154491,0.3948268062308438,1.0356519916245464,0.39113183793961037,408,13.6
2,0,780.374584296189,366.3841533797627,0.0360627619710914,0.9511628148138136,0.9518462181915315,1.5329000842068496,408,13.6
3,0,803.9764212283385,395.73607541130286,0.44811029706067596,1.1203819804383937,1.2066725406765766,1.1903226476367283,408,13.6
0,0,779.5015541952735,391.7473895629149,0.4496103870575714,1.3024297961891398,1.3778508170884625,1.2383960872680106,409,13.633333333333333
1,0,805.441583734446,370.59469178524404,0.5688003701223423,0.7890922084366212,0.9727283148272685,0.9462276669042691,409,13.633333333333333
2,0,780.8635261752405,367.469654034204,0.4889418790514385,1.0855006544412826,1.1905359431293137,1.1475850082629695,409,13.633333333333333
3,0,804.8319333724179,396.4706240579011,0.855512144079358,0.7345486465982456,1.127591567406645,0.7094696506831428,409,13.633333333333333
0,0,780.3818211938677,392.6920276055945,0.8802669985943142,0.944638042679548,1.2912052588537928,0.8206571851481148,410,13.666666666666666
1,0,806.3831900517953,370.9758577604914,0.9416063173493234,0.3811659752473915,1.015829689248375,0.3846408578487306,410,13.666666666666666
2,0,781.8263137636287,368.51794702181786,0.9627875883881751,1.048292987613868,1.4233334564446687,0.8278897140305338,410,13.666666666666666
3,0,805.9853869920908,396.6918176464384,1.1534536196728888,0.22119358853726906,1.1744708835669295,0.18946619764506117,410,13.666666666666666
0,0,780.7488819368459,393.945263617422,0.3670607429782242,1.2532360118274757,1.3058844092709594,1.2858748358299485,411,13.7
1,0,806.9675676437721,371.7844689741553,0.5843775919768176,0.8086112136638832,0.9976719224612879,0.9450020185256738,411,13.7
2,0,783.0272419682229,369.7529802641894,1.200928204594171,1.2350332423714951,1.7226536687194054,0.7993978963077973,411,13.7
3,0,806.8232016658768,397.3526563341999,0.8378146737860722,0.6608386877615199,1.0670713185413758,0.6678525401663167,411,13.7
0,0,781.6305330596325,394.9006242492871,0.8816511227865768,0.9553606318651362,1.3000087073664484,0.8255013308760185,412,13.733333333333333
1,0,807.9184251543638,372.17213744943416,0.9508575105916826,0.38766847527885484,1.0268480180502098,0.38713012154985954,412,13.733333333333333
2,0,784.512412790261,370.96852566419096,1.4851708220380901,1.2155454000015762,1.919188107012517,0.685893093278713,412,13.733333333333333
3,0,807.4522239297136,397.7941830996771,0.629022263836728,0.4415267654772381,0.7685147318269665,0.6120170759327084,412,13.733333333333333
0,0,781.9870612438606,396.1072346369194,0.3565281842280382,1.2066103876322833,1.2581816139536737,1.2834922653343939,413,13.766666666666667
1,0,808.5028954091052,372.98086378257176,0.5844702547413706,0.8087263331376127,0.9978195030102646,0.9449943289861878,413,13.766666666666667
2,0,785.6193525910907,372.20252055386663,1.106939800829705,1.2339948896756543,1.657727091654877,0.8396203290690023,413,13.766666666666667
3,0,807.7388964192082,398.6009527893336,0.2866724894946831,0.8067696896564351,0.8561883253008183,1.2293777726166688,413,13.766666666666667
0,0,782.8949049940612,397.07739202169387,0.9078437502005963,0.9701573847744678,1.328678149895872,0.8185668234590976,414,13.8
1,0,809.4370373453437,373.3571623337457,0.9341419362384445,0.3762985511739049,1.0070857742292312,0.38294194968854456,414,13.8
2,0,786.3317445097523,373.4165029097052,0.7123919186615983,1.2139823558385594,1.4075707463789136,1.0401226640591759,414,13.8
3,0,808.4582280982224,399.1178295913158,0.7193316790141756,0.5168768019822322,0.8857763221382318,0.6230683824835794,414,13.8
0,0,783.2803863585075,398.28934882509884,0.3854813644462205,1.2119568034049515,1.271784248862545,1.2628493855461762,415,13.833333333333334
1,0,809.9806291569819,374.10974996531684,0.5435918116381645,0.7525876315711582,0.9283750324486043,0.9452621240978974,415,13.833333333333334
2,0,786.5861254971029,374.5965788791509,0.2543809873506485,1.1800759694457228,1.207182248208096,1.3584818843450857,415,13.833333333333334
3,0,808.75347825824,399.73111667811185,0.29525016001749405,0.613287086796067,0.6806568208878557,1.1221209215845704,415,13.833333333333334
0,0,783.6869474076294,399.4054702908917,0.40656104912195534,1.116121465792822,1.1878632131127989,1.2214725392366192,416,13.866666666666667
1,0,810.8599889740542,374.4419198138099,0.8793598170722979,0.3321698484930273,0.9400055830309233,0.36117116436932106,416,13.866666666666667
2,0,786.7310522364635,375.4937546118132,0.1449267393605348,0.8971757326622717,0.9088058401329518,1.410643156077665,416,13.866666666666667
3,0,808.6713990560853,400.22433367353443,-0.08207920215463878,0.49321699542256037,0.5,1.7357011076252373,416,13.866666666666667
0,0,783.5754484985858,400.45552665375135,-0.11149890904354204,1.0500563628596353,1.0559594556136642,1.6765836689393137,417,13.9
1,0,811.35536562342,375.1250896012217,0.49537664936580295,0.6831697874118456,0.8438714257333495,0.9434127702802428,417,13.9
2,0,786.3404408299747,376.36686659827643,-0.3906114064888099,0.8731119864632715,0.9565049983063372,1.9914679553825128,417,13.9
3,0,808.1649694322621,400.6620713972324,-0.5064296238232847,0.43773772369796804,0.6693917228604431,2.4288204767087866,417,13.9
0,0,782.9160777785424,401.3329730825794,-0.659370720043428,0.8774464288280104,1.0975800571774332,2.215234696503067,418,13.933333333333334
1,0,811.3666672508799,375.98856326085985,0.011301627459983199,0.8634736596381593,0.8635476174897132,1.5577085133590447,418,13.933333333333334
2,0,786.3397507367541,377.5477280345814,-0.0006900932205013144,1.1808614363049446,1.1808616379495227,1.5713807248628868,418,13.933333333333334
3,0,807.7582431931712,401.506788433747,-0.40672623909085726,0.844717036514568,0.9375356555048705,2.0195298855340575,418,13.933333333333334
0,0,782.8045234583118,402.3628691867078,-0.11155432023067152,1.0298961041284636,1.0359200508056179,1.6786917733488762,419,13.966666666666667
1,0,810.8813411245574,376.9504494179461,-0.4853261263225316,0.9618861570862874,1.077388707981228,2.038082665007704,419,13.966666666666667
2,0,785.7664485877356,378.57282641808854,-0.5733021490185843,1.025098383507179,1.174522051703738,2.0807253150440936,419,13.966666666666667
3,0,807.8771814188822,402.4916100700591,0.11893822571093277,0.9848216363121334,0.991977800600282,1.4506070828913067,419,13.966666666666667
0,0,783.1198156577067,403.59595378548136,0.3152921993948751,1.2330845987735508,1.2727555926931873,1.3204659282172926,420,14.0
1,0,810.4308589326898,378.24317943236514,-0.450482191867509,1.2927300144190217,1.3689722770639146,1.906110615556077,420,14.0
2,0,784.8108664160432,379.16631919262295,-0.9555821716924638,0.5934927745343975,1.124887087791936,2.585817333734559,420,14.0
3,0,808.5456336244114,403.38393838248663,0.6684522055292245,0.8923283124275343,1.1149341542156899,0.927864958434359,420,14.0
0,0,782.8388320972031,404.8397568173435,-0.2809835605036136,1.243803031862183,1.2751461654817642,1.7929737049168777,421,14.033333333333333
1,0,809.4931781721475,379.20477456625946,-0.9376807605423407,0.9615951338943408,1.3430973197131093,2.3436038446002665,421,14.033333333333333
2,0,784.222743688437,380.2259379509785,-0.5881227276061401,1.0596187583555325,1.2118911897467555,2.077494961819996,421,14.033333333333333
3,0,808.6705019998553,404.4962251671744,0.12486837544390073,1.1122867846877276,1.1192738729091116,1.4590016534136343,421,14.033333333333333
0,0,783.1513924674366,406.06764639921647,0.3125603702335746,1.22788958187296,1.2670464909831454,1.321539092685648,422,14.066666666666666
1,0,809.0704422459196,380.4511125541785,-0.4227359262279124,1.2463379879190377,1.3160790414917511,1.8978017835855603,422,14.066666666666666
2,0,783.3366194099302,380.8512170758984,-0.8861242785068105,0.6252791249198748,1.0845230384919353,2.5270957025396203,422,14.066666666666666
3,0,808.2302079292413,405.68757822658415,-0.44029407061410664,1.1913530594097765,1.2701106175380845,1.924802196144966,422,14.066666666666666
0,0,783.4554323885377,406.98901326440057,0.3040399211010765,0.9213668651840728,0.9702356280214999,1.2520596740861443,423,14.1
1,0,808.0958575978765,381.4902831015762,-0.9745846480430576,1.0391705473976962,1.4246721246588767,2.324133111523686,423,14.1
2,0,782.695479107954,381.95370162116524,-0.6411403019761361,1.1024845452668548,1.2753560519989366,2.0975326754866592,423,14.1
3,0,808.3248856090038,406.83690035516,0.094677679762521,1.1493221285758777,1.1532151656475043,1.4886049329797246,423,14.1
0,0,783.2588449599756,407.8019447953006,-0.19658742856213843,0.8129315309000017,0.8363637312796952,1.8080665000344998,424,14.133333333333333
1,0,807.6382502093144,382.81432090474664,-0.45760738856214134,1.3240378031704392,1.4008856578218885,1.903559401529971,424,14.133333333333333
2,0,781.7539349813193,382.61748164154733,-0.9415441266348229,0.6637800203821032,1.1520022820545959,2.527524954602256,424,14.133333333333333
3,0,807.8329730338804,408.011460167321,-0.49191257512336095,1.1745598121609764,1.2734083138994046,1.9674088368662612,424,14.133333333333333
0,0,782.6372148880166,408.33378891749487,-0.6216300719589605,0.5318441221942622,0.8180966426262166,2.4338774317840604,425,14.166666666666666
1,0,806.6511583936898,383.8541559176464,-0.987091815624586,1.039835012899741,1.4337388557632265,2.3301790972738097,425,14.166666666666666
2,0,780.5390564466978,382.81734072467646,-1.2148785346214614,0.19985908312910663,1.2312081493367386,2.978543554114272,425,14.166666666666666
3,0,806.8173167408609,408.8942716485052,-1.0156562930195825,0.8828114811841784,1.345701979214151,2.426055366976267,425,14.166666666666666
0,0,781.704581093386,408.4582430486201,-0.9326337946306055,0.12445413112523546,0.9409009648423259,3.0089326557376794,426,14.2
1,0,805.3239353299953,384.4030882218385,-1.3272230636945888,0.5489323041921226,1.4362617224546936,2.749421997159841,426,14.2
2,0,779.5284330677049,383.5826113097718,-1.0106233789929013,0.7652705850953394,1.267674517602682,2.4934827423927954,426,14.2
3,0,806.2961553841193,410.06274275048173,-0.5211613567415609,1.1684711019765612,1.2794271671005832,1.9903354682121377,426,14.2
0,0,780.918185632617,409.1083449790858,-0.7863954607689334,0.6501019304657185,1.020318744664253,2.450790382146972,427,14.233333333333333
1,0,804.344252693905,385.4324606322839,-0.9796826360903279,1.0293724104453676,1.4210508881961266,2.33146662316087,427,14.233333333333333
2,0,778.4131886891453,383.82862979349756,-1.1152443785595862,0.24601848372579932,1.1420574058441628,2.9244739047037047,427,14.233333333333333
3,0,805.288542546728,410.88100345588214,-1.0076128373912763,0.8182607054003892,1.2980116378823578,2.45953005252957,427,14.233333333333333
0,0,779.8762171200893,409.25531039795493,-1.0419685125276652,0.14696541886910525,1.0522819087309667,3.001471034987212,428,14.266666666666667
1,0,803.0392063458607,385.9650123764238,-1.3050463480442747,0.5325517441398641,1.4095237957303557,2.7541478241072452,428,14.266666666666667
2,0,777.3888029150379,384.6312260716785,-1.0243857741073663,0.8025962781809193,1.3013558314094618,2.477000009033536,428,14.266666666666667
3,0,803.949642993585,411.20110471677515,-1.3388995531428909,0.32010126089298646,1.376632423935857,2.9069197578756873,428,14.266666666666667
0,0,779.024029467779,409.94351483971116,-0.8521876523103382,0.6882044417562252,1.0953762588276248,2.4622505573381575,429,14.3
1,0,802.0568165419241,387.0032643943397,-0.9823898039366352,1.0382520179158992,1.4293554420035266,2.328555752701802,429,14.3
2,0,776.1604920302875,384.89049522568587,-1.228310884750357,0.259269154007362,1.2553756903078448,2.933568410962035,429,14.3
3,0,802.953070340409,411.79003130497813,-0.9965726531759904,0.5889265882029877,1.157580053106758,2.607852669229014,429,14.3
0,0,777.9332090165251,410.1013839904962,-1.0908204512538988,0.15786915078500607,1.1021850686900718,2.997865435032218,430,14.333333333333334
1,0,801.0277480176471,387.6211751852596,-1.0290685242770787,0.6179107909199163,1.2003315263680618,2.6008376258842003,430,14.333333333333334
2,0,775.2493970763217,385.5932860915945,-0.9110949539659116,0.7027908659086246,1.1506559070142302,2.4845547472554195,430,14.333333333333334
3,0,802.3202257410352,412.85494810915304,-0.6328445993737809,1.0649168041749304,1.2387655495575862,2.106989503383335,430,14.333333333333334
0,0,777.0614425284435,410.80098527157725,-0.8717664880815261,0.6996012810810786,1.1177740210938363,2.465323126565291,431,14.366666666666667
1,0,800.1920987810257,388.73467265606774,-0.8356492366214056,1.113497470808186,1.3921875822467908,2.2145997704344276,431,14.366666666666667
2,0,774.7854687067386,386.69539033030685,-0.46392836958304673,1.1021042387123419,1.1957689095689412,1.969229735451331,431,14.366666666666667
3,0,802.1121580581575,414.25857285576103,-0.20806768287763,1.4036247466080138,1.4189625047718764,1.7179606217474515,431,14.366666666666667
0,0,776.6749798839168,411.82334838113877,-0.38646264452673545,1.0223631095614962,1.0929682993604388,1.9322025720086902,432,14.4
1,0,799.9025212393481,390.0577469724058,-0.2895775416777029,1.3230743163380942,1.354393147943985,1.7862658505032467,432,14.4
2,0,774.8477940505643,388.0304272782055,0.06232534382569563,1.3350369478986408,1.3364909654530064,1.5241458388476392,432,14.4
3,0,801.5039215161188,415.35949061654486,-0.6082365420387033,1.1009177607838476,1.2577645276761944,2.0755426164676543,432,14.4
0,0,776.8539023140497,412.9962262084962,0.1789224301329255,1.1728778273574063,1.1864466418306814,1.4194134980738053,433,14.433333333333334
1,0,799.0661999874366,391.13734655365084,-0.8363212519114729,1.0795995812450312,1.3656384925093537,2.229893156026771,433,14.433333333333334
2,0,774.4104556293668,389.16775530791364,-0.43733842119750255,1.1373280297081492,1.2185154663833138,1.9378970592608014,433,14.433333333333334
3,0,801.4453953283837,416.52245723596263,-0.05852618773511903,1.1629666194177923,1.1644383506784954,1.621078814671157,433,14.433333333333334
0,0,776.4584587703611,414.07445905663445,-0.3954435436886725,1.0782328481382761,1.1484605657354692,1.9223159223156092,434,14.466666666666667
1,0,798.6717368416874,392.2195911692836,-0.3944631457491272,1.0822446156327403,1.151891740321266,1.9203176442138676,434,14.466666666666667
2,0,773.8141244481544,389.9397534220949,-0.5963311812123375,0.7719981141812813,0.9754957539556778,2.2285123036538113,434,14.466666666666667
3,0,800.8334342025238,417.7091403405818,-0.6119611258598892,1.1866831046191912,1.3351828377987585,2.0469173471185536,434,14.466666666666667
0,0,775.5851182210166,414.803687979696,-0.8733405493444442,0.7292289230615454,1.1377603163051333,2.4458786171479,435,14.5
1,0,798.7240408430961,393.17925978263247,0.05230400140866595,0.9596686133488698,0.9610928966599952,1.5163480481007305,435,14.5
2,0,773.3251096428522,390.4167615007849,-0.48901480530224584,0.4770080786900028,0.6831340914786213,2.368622879414848,435,14.5
3,0,800.7942250475123,419.00148650844267,-0.03920915501151151,1.2923461678608223,1.2929408244081666,1.6011265371765018,435,14.5
0,0,775.2059301738204,415.847454334828,-0.3791880471962216,1.0437663551319811,1.1105096934480063,1.919259833436983,436,14.533333333333333
1,0,798.2327844376742,394.18235810908465,-0.49125640542184623,1.0030983264521693,1.1169329023711032,2.026201518841353,436,14.533333333333333
2,0,773.1587044959292,391.2421958769146,-0.1664051469229628,0.825434376129704,0.8420407247984426,1.7697270526065745,436,14.533333333333333
3,0,800.1620400362148,420.22695053857285,-0.6321850112975167,1.2254640301302053,1.3789198590390255,2.0470623272137107,436,14.533333333333333
0,0,775.4002154086286,417.02905762890504,0.19428523480809923,1.1816032940770496,1.1974694555762886,1.407829426876558,437,14.566666666666666
1,0,797.4619619260277,395.3618337110164,-0.7708225116465763,1.1794756019317725,1.4090174023103665,2.1496489865516373,437,14.566666666666666
2,0,772.5004846450155,391.89932179530314,-0.6582198509136812,0.6571259183885555,0.9300902347379157,2.3570261591712867,437,14.566666666666666
3,0,799.9118598364863,421.3337069325308,-0.2501801997283928,1.106756393957915,1.1346805047690147,1.7931081585552837,437,14.566666666666666
0,0,775.1836124936008,418.00671000168256,-0.21660291502785514,0.9776523727775419,1.0013595681852359,1.7888285243626798,438,14.6
1,0,796.633601682227,396.29746289175955,-0.8283602438006682,0.9356291807431474,1.2496330090741024,2.295458861890205,438,14.6
2,0,771.4263786799123,392.2293520347445,-1.0741059651032003,0.3300302394414054,1.123665245175817,2.8434883140768825,438,14.6
3,0,799.9818062414072,422.21813533193796,0.06994640492087052,0.8844283994071973,0.8871899983877926,1.4918740320082486,438,14.6
0,0,775.0866152306605,418.70394584406665,-0.09699726294022705,0.6972358423840659,0.7039504875507322,1.7090260028749538,439,14.633333333333333
1,0,795.831317525939,397.4985960905097,-0.8022841562880025,1.2011331987501324,1.4444309705106981,2.159679517600034,439,14.633333333333333
2,0,770.6954717601951,393.0254061925088,-0.7309069197171487,0.796054157764267,1.080706781409364,2.31355571335831,439,14.633333333333333
3,0,799.5407501339009,422.9820825734749,-0.4410561075062972,0.7639472415368995,0.8821257721098756,2.094386229311869,439,14.633333333333333
0,0,774.5896885260883,419.1513949133609,-0.496926704572322,0.44744906929425055,0.6686903762799333,2.408538525794989,440,14.666666666666666
1,0,794.6373805475992,398.2599585952644,-1.193936978339798,0.7613625047546901,1.4160361478060872,2.573919448321629,440,14.666666666666666
2,0,769.5928380299024,393.3734896846639,-1.1026337302926976,0.34808349215512313,1.1562712746972896,2.835809970165001,440,14.666666666666666
3,0,798.6701228644945,423.43539759421856,-0.8706272694064763,0.45331502074368213,0.9815734054394618,2.661541124943521,440,14.666666666666666
0,0,773.788402373949,419.23640497266615,-0.8012861521392927,0.08501005930525443,0.8057829780984931,3.0358960159453696,441,14.7
1,0,793.4560779393977,398.55868367355805,-1.181302608201419,0.29872507829365363,1.2184878023784336,2.8939074127730833,441,14.7
2,0,768.3424620828533,393.1506188714941,-1.2503759470490363,-0.22287081316980614,1.2700832288955497,-2.965202053688824,441,14.7
3,0,797.5103760874722,423.4256380169885,-1.15974677702224,-0.00975957723008436,1.1597878410128222,-3.1331775865657723,441,14.7
0,0,772.8142564351751,418.8697617629758,-0.974145938773838,-0.36664320969030206,1.0408590458085902,-2.7816179195539683,442,14.733333333333333
1,0,792.1447583096597,398.55422119821924,-1.3113196297380512,-0.004462475338811944,1.3113272227108264,-3.138189625059184,442,14.733333333333333
2,0,767.1942439232113,393.4835681837969,-1.1482181596420242,0.33294931230280195,1.1955167028087168,2.8593625088554977,442,14.733333333333333
3,0,796.1433915547412,423.04570729623293,-1.366984532730979,-0.379930720755544,1.418800220362106,-2.8705012925666398,442,14.733333333333333
0,0,771.5842125912034,418.33855398009035,-1.2300438439717976,-0.5312077828854673,1.3398468444904477,-2.7339251843243546,443,14.766666666666667
1,0,791.067461431778,398.0821339562946,-1.0772968778816605,-0.4720872419245973,1.1761951058738285,-2.72858255726156,443,14.766666666666667
2,0,766.0175476672932,393.2195638308525,-1.1766962559180305,-0.264004352944366,1.2059487456210918,-2.9208868239973755,443,14.766666666666667
3,0,794.6809510728687,422.2397800482195,-1.462440481872583,-0.8059272480134775,1.6698056450109067,-2.6379177366071374,443,14.766666666666667
0,0,770.7035090253016,417.32302048751734,-0.8807035659017358,-1.0155334925730226,1.3442273042642732,-2.2852100160649402,444,14.8
1,0,790.3825179813375,397.18733792440315,-0.6849434504405665,-0.8947960318914925,1.1268573418983387,-2.224127712423654,444,14.8
2,0,765.1261292998081,392.44071476394396,-0.8914183674850797,-0.7788490669085497,1.1837366999945906,-2.423488699002928,444,14.8
3,0,793.5637242858262,421.4100609218156,-1.1172267870424994,-0.8297191264038835,1.3916283707965031,-2.5028060185336827,444,14.8
0,0,769.42914410826,416.7619087315683,-1.274364917041687,-0.5611117559490064,1.3924267824380725,-2.7268286277212734,445,14.833333333333334
1,0,789.9269907137003,396.4940502891173,-0.455527267637168,-0.6932876352858716,0.82954977958002,-2.1521143025467566,445,14.833333333333334
2,0,764.7347367880116,391.3640000118947,-0.39139251179653184,-1.0767147520492597,1.1456451263680638,-1.9194523830498154,445,14.833333333333334
3,0,792.8215072807737,420.55556234598504,-0.742217005052456,-0.854498575830552,1.1318365158826955,-2.2859897250182897,445,14.833333333333334
0,0,768.5322281707306,415.75896674433557,-0.8969159375293061,-1.0029419872327674,1.345492782867484,-2.3004449616522837,446,14.866666666666667
1,0,789.4019762000188,395.49689906494814,-0.5250145136815709,-0.9971512241691614,1.1269209393024666,-2.0554297987053913,446,14.866666666666667
2,0,764.9348887300844,390.20595513902896,0.20015194207276032,-1.1580448728657171,1.1752143325734554,-1.399651043322086,446,14.866666666666667
3,0,792.5482693135415,419.64593442017207,-0.27323796723231625,-0.9096279258129585,0.9497799482806707,-1.8626056724174753,446,14.866666666666667
0,0,767.9297915084319,414.8904558839053,-0.6024366622986758,-0.8685108604302757,1.056996237820602,-2.177243237085112,447,14.9
1,0,789.3604876097534,394.5403569347869,-0.04148859026541374,-0.9565421301612078,0.9574414602969481,-1.614142669129399,447,14.9
2,0,764.5650648564211,389.1408274039177,-0.36982387366322467,-1.0651277351112505,1.1275046738858756,-1.9049841950421575,447,14.9
3,0,791.9502434180254,418.5685536469741,-0.5980258955161335,-1.077380773197929,1.2322273743771646,-2.077526661451275,447,14.9
0,0,766.8716253901687,414.1462730243484,-1.0581661182631994,-0.7441828595569538,1.2936474258075776,-2.528671398140931,448,14.933333333333334
1,0,788.7741645496995,393.65529131566944,-0.5863230600538296,-0.8850656191174591,1.0616571390494474,-2.1558829208557295,448,14.933333333333334
2,0,763.7542469888474,388.4405031474666,-0.8108178675737318,-0.700324256451111,1.0713914683954764,-2.4291838690665686,448,14.933333333333334
3,0,790.9184622272422,417.49888609893026,-1.0317811907831727,-1.0696675480438698,1.4861901254523682,-2.338167758165575,448,14.933333333333334
0,0,766.2662545444472,413.1608824182589,-0.6053708457215011,-0.985390606089467,1.1564897351117875,-2.1216976800155742,449,14.966666666666667
1,0,788.666579675855,392.55216026982384,-0.10758487384452148,-1.1031310458455832,1.1083648358679157,-1.6680157011456989,449,14.966666666666667
2,0,763.4134972915144,387.4065945526353,-0.34074969733299537,-1.0339085948312772,1.088612575115001,-1.8891599410926638,449,14.966666666666667
3,0,790.0737173234173,416.0006749525192,-0.8447449038248958,-1.4982111464110335,1.7199507527160176,-2.084199850857046,449,14.966666666666667
0,0,765.1838896221341,412.5328693140575,-1.082364922313106,-0.6280131042013899,1.2513649683855312,-2.6158419533829806,450,15.0
1,0,788.0014476194494,391.63273575675373,-0.6651320564055485,-0.919424513070112,1.1347872433599553,-2.197069510356324,450,15.0
2,0,762.6208991764025,386.7233465026531,-0.7925981151119186,-0.6832480499821942,1.0464414316546518,-2.4301524820247504,450,15.0
3,0,789.1491905450365,414.8719039578677,-0.9245267783807919,-1.1287709946515028,1.4590660445331831,-2.2570493219635175,450,15.0
0,0,764.4919756911078,411.4478171998436,-0.6919139310262781,-1.085052114213914,1.2868888757419275,-2.138460550251222,451,15.033333333333333
1,0,787.842366706988,390.6555069842738,-0.15908091246145317,-0.977228772479895,0.9900923242163485,-1.732168604870486,451,15.033333333333333
2,0,762.2929201904744,385.7099271836222,-0.32797898592811564,-1.0134193190308873,1.0651708461066058,-1.8837940503069956,451,15.033333333333333
3,0,788.4565094107949,413.9401731652689,-0.6926811342415852,-0.9317307925987651,1.1610036277337517,-2.2100824766174414,451,15.033333333333333
0,0,763.4182442355543,410.80536623554724,-1.073731455553461,-0.6424509642963809,1.2512563606912468,-2.6023984176069246,452,15.066666666666666
1,0,787.1413732673867,389.8104049106802,-0.7009934396011915,-0.8451020735936102,1.0979933138030165,-2.2632549091031526,452,15.066666666666666
2,0,762.028980573974,384.99097896449223,-0.2639396165004112,-0.7189482191299505,0.7658659562537765,-1.9226398691987072,452,15.066666666666666
3,0,787.6371675324557,413.44126976786924,-0.8193418783392286,-0.49890339739963746,0.959283958761615,-2.594649266861605,452,15.066666666666666
0,0,762.7233092161985,409.6961109683126,-0.6949350193558144,-1.1092552672346478,1.3089621572126813,-2.130464887906295,453,15.1
1,0,786.9696677700964,388.72424787658576,-0.17170549729031204,-1.0861570340943854,1.0996453430594908,-1.7275841591270409,453,15.1
2,0,762.1387855552083,383.98722660233364,0.10980498123438096,-1.0037523621586013,1.0097405302565876,-1.4618351068105009,453,15.1
3,0,786.8805599530366,413.38227319129146,-0.7566075794190513,-0.05899657657776436,0.758904226686248,-3.0637749793980644,453,15.1
0,0,761.6397415882772,409.0246130361263,-1.083567627921296,-0.671497932186296,1.274765969584008,-2.5868062721311293,454,15.133333333333333
1,0,786.2763262247507,387.8907211024913,-0.6933415453457268,-0.8335267740944617,1.0841998808498,-2.2646389116514536,454,15.133333333333333
2,0,761.7436796232188,383.1674029281283,-0.3951059319894864,-0.8198236742053534,0.9100656867945556,-2.0198919405845204,454,15.133333333333333
3,0,786.0419517732289,412.85585961488346,-0.8386081798076596,-0.5264135764079756,0.9901388451459479,-2.581037678323418,454,15.133333333333333
0,0,760.9612115941217,407.9094238132346,-0.6785299941555503,-1.1151892228917373,1.3053926443115145,-2.117401398680045,455,15.166666666666666
1,0,786.0583559571643,387.0080367365568,-0.21797026758646254,-0.8826843659344947,0.9091989482048992,-1.8128931259688235,455,15.166666666666666
2,0,760.888498510315,382.39114271470777,-0.8551811129037525,-0.7762602134205049,1.1549522305303144,-2.4045317626519735,455,15.166666666666666
3,0,785.2083249490189,411.91676804522723,-0.8336268242100217,-0.939091569656237,1.2557175869764272,-2.2967713011983326,455,15.166666666666666
0,0,759.8591874498337,407.21304168917493,-1.1020241442879368,-0.6963821240596643,1.303612395347409,-2.5780384465432102,456,15.2
1,0,785.3202291814506,386.2346990711016,-0.7381267757136282,-0.77333766545516,1.0690567252662666,-2.3329028260084157,456,15.2
2,0,760.5343865340691,381.39654667654554,-0.3541119762458741,-0.9945960381622333,1.0557540295204983,-1.9128382594246252,456,15.2
3,0,784.1654226554667,410.7624470315611,-1.0429022935521848,-1.1543210136660775,1.5556677654587718,-2.3055290132265696,456,15.2
0,0,759.2071329330433,406.1890736415347,-0.6520545167903888,-1.023968047640222,1.2139545524668027,-2.1378302790845285,457,15.233333333333333
1,0,785.0866671297076,385.1870610887911,-0.2335620517430133,-1.0476379823105004,1.0733576170102965,-1.790150659884295,457,15.233333333333333
2,0,759.6593325728892,380.64603037464605,-0.8750539611799517,-0.7505163018995069,1.1528200876084855,-2.432656803094139,457,15.233333333333333
3,0,783.070242680211,409.27690973856585,-1.095179975255757,-1.485537292995264,1.8456002349048661,-2.2060732457494945,457,15.233333333333333
0,0,758.1019063417502,405.5603785534102,-1.105226591293111,-0.6286950881244893,1.2715279516916835,-2.624401471184526,458,15.266666666666667
1,0,784.3584606556683,384.42643452299626,-0.7282064740393227,-0.7606265657948192,1.053013504863828,-2.3344224256924817,458,15.266666666666667
2,0,759.273941460353,379.55630996583545,-0.3853911125362467,-1.0897204088105903,1.1558619636445548,-1.9107284804719242,458,15.266666666666667
3,0,781.9317125903882,408.1716070775022,-1.1385300898227486,-1.1053026610636827,1.586803307907522,-2.371001743668131,458,15.266666666666667
0,0,757.4204346690451,404.52933833029005,-0.6814716727051293,-1.0310402231201414,1.2358995033542,-2.1548345942101323,459,15.3
1,0,784.1240587872896,383.37697080510645,-0.23440186837868493,-1.0494637178898154,1.0753224312114633,-1.7905434853046973,459,15.3
2,0,759.0713981533638,378.71879487016156,-0.20254330698911718,-0.8375150956738908,0.8616584745058418,-1.808078852024319,459,15.3
3,0,781.0340403084783,407.24842285257506,-0.8976722819098497,-0.923184224927126,1.2876663538601663,-2.342184449462776,459,15.3
0,0,756.3296580346115,403.9331640303475,-1.0907766344335772,-0.5961742999425579,1.24306776248853,-2.6413947609039554,460,15.333333333333334
1,0,783.4459707848971,382.6573340674866,-0.67808800239254,-0.7196367376198682,0.988777211064693,-2.3264772629249615,460,15.333333333333334
2,0,758.42064142894,378.14441864698745,-0.6507567244237471,-0.5743762231741375,0.8679817740773773,-2.4184585665249574,460,15.333333333333334
3,0,780.2798347637943,406.60200011830665,-0.7542055446840625,-0.6464227342684334,0.9933218788546143,-2.4329963147409015,460,15.333333333333334
0,0,755.6190166982278,402.87141761937266,-0.7106413363836542,-1.0617464109748425,1.2776214424449464,-2.160629200112016,461,15.366666666666667
1,0,783.2423321366554,381.64625931796115,-0.20363864824171507,-1.011074749525444,1.0313781305542853,-1.7695454653777882,461,15.366666666666667
2,0,758.1883141015354,377.2517858406011,-0.23232732740459636,-0.8926328063863366,0.9223715705159768,-1.8254191472374466,461,15.366666666666667
3,0,780.0019149070113,405.80483113657357,-0.277919856782966,-0.7971689817330991,0.8442261736238994,-1.9062533058004356,461,15.366666666666667
0,0,754.6566905076361,402.2631039554073,-0.9623261905917072,-0.6083136639653732,1.1384714361220152,-2.577883750493416,462,15.4
1,0,782.5156285972001,380.85652543963545,-0.7267035394552261,-0.7897338783257095,1.0732090350123409,-2.314653653725329,462,15.4
2,0,757.5062589816704,376.6462858467479,-0.6820551198650613,-0.6054999938532055,0.9120468349215269,-2.415582319812397,462,15.4
3,0,779.283891184048,404.9714979507478,-0.7180237229632733,-0.8333331858257725,1.1000010296979594,-2.2820027846108673,462,15.4
0,0,753.8301244243851,401.1812411243091,-0.8265660832510147,-1.0818628310981921,1.3614839974427606,-2.2232107453664414,463,15.433333333333334
1,0,782.3070159899966,379.82487660031484,-0.20861260720355274,-1.0316488393206211,1.0525295946223312,-1.7703186770371229,463,15.433333333333334
2,0,757.2651077319921,375.7368825141572,-0.24115124967827906,-0.9094033325907216,0.9408338570377377,-1.8300057942229773,463,15.433333333333334
3,0,778.5236245473765,403.80655359070096,-0.7602666366715625,-1.1649443600468203,1.3910789772118568,-2.149011561053551,463,15.433333333333334
0,0,752.8424091958734,400.5451183330579,-0.9877152285116502,-0.6361227912511942,1.174833425717464,-2.569422466825143,464,15.466666666666667
1,0,781.5977105273059,379.0613140178521,-0.7093054626906689,-0.7635625824627105,1.0421813933955775,-2.3193734068140226,464,15.466666666666667
2,0,756.5766130940444,375.1246370557653,-0.6884946379476349,-0.6122454583919027,0.9213410702905607,-2.4147473259247825,464,15.466666666666667
3,0,777.595349817155,403.0651720130221,-0.9282747302214793,-0.7413815776788503,1.1879985768044259,-2.4676655818201425,464,15.466666666666667
0,0,751.8482372665137,399.7668642333276,-0.9941719293597477,-0.7782540997302816,1.2625598080383655,-2.477417687344315,465,15.5
1,0,781.398326319031,378.056626573528,-0.1993842082750189,-1.0046874443241196,1.024280685794664,-1.7667048748200571,465,15.5
2,0,755.5687532452663,374.9481127780443,-1.0078598487780897,-0.17652427772102472,1.0232019817240012,-2.968203734232483,465,15.5
3,0,776.5103097057081,402.05202127702114,-1.0850401114468986,-1.0131507360009935,1.4845155631747526,-2.3904436455910663,465,15.5
0,0,750.7075104403925,399.52061126134896,-1.1407268261211612,-0.24625297197868817,1.1670039494538116,-2.928981503064535,466,15.533333333333333
1,0,780.7507480614687,377.3657956376104,-0.647578257562256,-0.6908309359175624,0.9468922756513027,-2.3238892498053163,466,15.533333333333333
2,0,754.8305835873059,374.9572054798328,-0.7381696579603507,0.009092701788519356,0.7382256573427369,3.129275374151923,466,15.533333333333333
3,0,775.0054945691298,401.20322625459,-1.5048151365782882,-0.8487950224311543,1.7276925610128198,-2.628024486010831,466,15.533333333333333
0,0,749.6958087183456,399.78971046481945,-1.0117017220469005,0.26909920347048216,1.0468785773436726,2.8816251919346882,467,15.566666666666666
1,0,780.5909743895397,376.5856326652819,-0.15977367192896663,-0.7801629723284981,0.7963553789823372,-1.772798424551996,467,15.566666666666666
2,0,754.389889344725,375.28787058397364,-0.4406942425809304,0.3306651041408417,0.5509544686636579,2.4978818400540423,467,15.566666666666666
3,0,773.1390108248462,400.61580099875243,-1.8664837442836577,-0.5874252558375392,1.9567396349210442,-2.836683897157674,467,15.566666666666666
0,0,748.8702667503762,399.66657448834115,-0.8255419679693763,-0.12313597647829927,0.8346747927079234,-2.9935265310675816,468,15.6
1,0,780.0074437951099,376.069221254875,-0.5835305944297791,-0.5164114104068728,0.7792231384102931,-2.417139578929612,468,15.6
2,0,753.8978023976131,375.19926789506405,-0.49208694711197953,-0.08860268890960306,0.5,-2.9634464938158347,468,15.6
3,0,771.5988237121728,399.9681151163967,-1.5401871126733981,-0.6476858823557546,1.670830136264058,-2.7435191879391048,468,15.6
0,0,747.9992188286477,400.0583787404939,-0.871047921728465,0.391804252152752,0.9551099695597651,2.7188984744874447,469,15.633333333333333
1,0,779.0902767706895,375.92554380510484,-0.9171670244204384,-0.1436774497701811,0.9283526055635886,-2.9862020252922745,469,15.633333333333333
2,0,753.4253811022893,375.5399316709303,-0.47242129532374505,0.3406637758662402,0.5824377120884336,2.516844445657026,469,15.633333333333333
3,0,770.3720959591584,399.3422635401237,-1.2267277530143919,-0.6258515762729899,1.3771532868708278,-2.6698345017860503,469,15.633333333333333
0,0,746.9454523975324,399.93267622042714,-1.0537664311152395,-0.12570252006674104,1.061237397991834,-3.022864902694192,470,15.666666666666666
1,0,778.4682423246403,375.35288838163467,-0.622034446049196,-0.5726554234701702,0.8454945807641407,-2.3975030623039952,470,15.666666666666666
2,0,752.9693833880907,375.745031852904,-0.45599771419861745,0.20510018197367838,0.5,2.7189189038431474,470,15.666666666666666
3,0,769.5056560163714,398.6445816451008,-0.866439942787035,-0.6976818950229038,1.1124199751440778,-2.46367189123157,470,15.666666666666666
0,0,746.0509986669836,400.3402777089772,-0.8944537305489131,0.4076014885501015,0.9829478366429859,2.7140097239632106,471,15.7
1,0,778.3139031047049,374.60672652947727,-0.15433921993541877,-0.7461618521573852,0.761956760207043,-1.7747640627166883,471,15.7
2,0,752.791908735071,376.2124746275145,-0.17747465301961532,0.46744277461050476,0.5,1.9336561687302019,471,15.7
3,0,769.0263388879034,397.925803633205,-0.4793171284679395,-0.7187780118957648,0.86393676853551,-2.1589258534996283,471,15.7
0,0,745.0641379669992,400.20299328079193,-0.9868606999843488,-0.137284428185273,0.9963639171486272,-3.0033674869351383,472,15.733333333333333
1,0,777.7286939204829,374.1018533021389,-0.5852091842219409,-0.5048732273383677,0.77289505431253,-2.42975864104097,472,15.733333333333333
2,0,752.3148529709623,376.3622003698924,-0.4770557641087623,0.1497257423778721,0.5,2.8374749478403163,472,15.733333333333333
3,0,769.0396484415626,397.1832805427345,0.01330955365915848,-0.7425230904705066,0.7426423662170628,-1.55287347878716,472,15.733333333333333
0,0,744.301204403931,400.4659210257503,-0.7629335630681291,0.26292774495837107,0.8069687854711142,2.809712185968208,473,15.766666666666667
1,0,777.5522776184939,373.30993811224965,-0.1764163019889604,-0.7919151898892453,0.8113275414928175,-1.78998884238463,473,15.766666666666667
2,0,751.8854953645314,376.10597381818496,-0.4293576064309712,-0.2562265517074046,0.5,-2.6035535767681632,473,15.766666666666667
3,0,769.5389193573477,396.5280293068445,0.4992709157851012,-0.6552512358900394,0.8237873690973404,-0.919688823740575,473,15.766666666666667
0,0,743.6799095306355,400.2852427085186,-0.6212948732954338,-0.18067831723170655,0.647033209272036,-2.858588890265098,474,15.8
1,0,777.5785232218352,372.21518248273924,0.02624560334126061,-1.0947556295104341,1.0950701895492974,-1.5468269804406052,474,15.8
2,0,751.8218238470699,375.6100444503672,-0.06367151746143611,-0.49592936781779523,0.5,-1.6984860688053474,474,15.8
3,0,769.5978384009737,395.6058472511767,0.0589190436260702,-0.9221820556677284,0.9240623342055275,-1.5069921474150385,474,15.8
0,0,743.3416599792745,399.74080853285847,-0.3382495513611057,-0.5444341756601361,0.6409534543340266,-2.1267207331420956,475,15.833333333333334
1,0,777.3305267739102,371.4016858666208,-0.2479964479250223,-0.8134966161184385,0.8504581016249879,-1.866698956235512,475,15.833333333333334
2,0,752.1653359744855,375.2305525192307,0.34351212741555626,-0.3794919311365071,0.5118737222003849,-0.835121461869442,475,15.833333333333334
3,0,769.2479592999291,394.4865273378711,-0.34987910104461817,-1.1193199133056073,1.1727286359897,-1.8737557710088317,475,15.833333333333334
0,0,743.3644177493622,398.91174659435524,0.02275777008777541,-0.829061938503253,0.8293742303533067,-1.543353194271548,476,15.866666666666667
1,0,777.5773815841003,370.4338012750263,0.24685481019011765,-0.9678845915944755,0.9988682996071122,-1.321074429637265,476,15.866666666666667
2,0,752.8771929580836,374.8707237038767,0.7118569835980476,-0.35982881535397065,0.7976322093899875,-0.4680212620732398,476,15.866666666666667
3,0,769.1378250206062,393.04860742118314,-0.11013427932290419,-1.4379199166879506,1.4421314941051175,-1.6472398526620338,476,15.866666666666667
0,0,743.8402336993145,397.95185105699295,0.4758159499522564,-0.9598955373622816,1.0713544048899,-1.1105982003663457,477,15.9
1,0,777.3008269332831,369.5765842364363,-0.27655465081716946,-0.8572170385900139,0.900723890067117,-1.882873343202037,477,15.9
2,0,753.2125007169468,374.1878021433635,0.3353077588632598,-0.6829215605132023,0.7607977069942373,-1.114382543012226,477,15.9
3,0,769.0402217432952,391.91058275810695,-0.09760327731098745,-1.138024663076165,1.1422024923416445,-1.656352481137136,477,15.9
0,0,744.4182550927405,396.70859073981654,0.5780213934260398,-1.2432603171764045,1.371059789915726,-1.1356012541617972,478,15.933333333333334
1,0,777.5503978782712,368.7324104395307,0.24957094498797358,-0.8441737969055749,0.8802925967905018,-1.2833449663003698,478,15.933333333333334
2,0,753.0912288489957,373.30734861464646,-0.12127186795115924,-0.8804535287170493,0.8887661572014696,-1.7076730207919422,478,15.933333333333334
3,0,768.9642067664249,391.07180533052787,-0.07601497687023002,-0.8387774275790981,0.8422148477228306,-1.6611753579665824,478,15.933333333333334
0,0,744.9132877469302,395.7570663241963,0.49503265418967524,-0.9515244156202816,1.0725931391891304,-1.0910785487013104,479,15.966666666666667
1,0,778.2217970958081,368.19401461860906,0.6713992175370213,-0.5383958209216537,0.8606084878126788,-0.6758991201893181,479,15.966666666666667
2,0,753.4612047286332,372.27452494235007,0.36997587963756434,-1.0328236722963855,1.097090192085127,-1.2268193201403261,479,15.966666666666667
3,0,769.2881983334338,390.4816904655669,0.3239915670088296,-0.5901148649609865,0.6732058298475736,-1.0686970973920749,479,15.966666666666667
0,0,745.2099749244343,395.03981559048754,0.29668717750402296,-0.717250733708721,0.7761906314179541,-1.1785826436401219,480,16.0
1,0,778.4888062899563,367.3231174753629,0.2670091941481829,-0.8708971432461592,0.9109092950859505,-1.2733037993356957,480,16.0
2,0,753.5509018990361,370.92136036826065,0.08969717040289889,-1.3531645740893952,1.3561341920875016,-1.5046061958344865,480,16.0
3,0,769.8328752251947,390.28495209208427,0.5446768917608551,-0.19673837348261164,0.5791190758547415,-0.34661925129377913,480,16.0
0,0,745.7951568789618,394.1470921198712,0.585181954527601,-0.8927234706163061,1.0674235873794273,-0.9905630384000588,481,16.033333333333335
1,0,778.2769620191951,366.3386178352676,-0.21184427076116147,-0.9844996400952742,1.007034029416113,-1.7827441763430956,481,16.033333333333335
2,0,754.2234528851764,369.71278015283264,0.6725509861401984,-1.2085802154279912,1.3831091663647244,-1.0629915153248548,481,16.033333333333335
3,0,770.4452238358873,389.68964898693713,0.6123486106926526,-0.59530310514713,0.8540237748535089,-0.7712845133167981,481,16.033333333333335
0,0,746.5816063766429,393.0290721527814,0.7864494976810007,-1.118019967089809,1.3669204289987753,-0.9577716303765577,482,16.066666666666666
1,0,778.6048978143025,365.4462037353497,0.3279357951072982,-0.892414099917929,0.9507601229779167,-1.218643206551689,482,16.066666666666666
2,0,754.4323311456155,368.5429508602716,0.20887826043914437,-1.1698292925610192,1.1883310571629009,-1.3941038960766456,482,16.066666666666666
3,0,771.2961687257442,388.91051489998546,0.8509448898569256,-0.7791340869516977,1.153757830319548,-0.7413730559500306,482,16.066666666666666
0,0,747.6436348924244,391.7507672098761,1.0620285157816052,-1.278304942905319,1.6619169941334164,-0.8775490865682497,483,16.1
1,0,779.3662908189375,364.87966937016324,0.7613930046349925,-0.5665343651864196,0.9490418823446525,-0.6396990433708359,483,16.1
2,0,755.216543844835,367.5270459014629,0.7842126992194269,-1.0159049588087103,1.2833754099830443,-0.9134039144036987,483,16.1
3,0,772.5504212062476,388.259037719234,1.2542524805033952,-0.6514771807514502,1.4133548039642336,-0.47905846364444415,483,16.1
0,0,749.174174764346,390.703314748834,1.5305398719215817,-1.0474524610421116,1.8546452376896527,-0.6001574436483037,484,16.133333333333333
1,0,779.658457748443,364.09068411919816,0.29216692950541595,-0.7889852509650589,0.8413437115335324,-1.2161462146596052,484,16.133333333333333
2,0,755.5403728381648,366.48943044309556,0.32382899332979864,-1.037615458367312,1.0869733466666962,-1.2682853896597746,484,16.133333333333333
3,0,773.4062001731942,387.1769849912479,0.8557789669465176,-1.0820527279861476,1.3795636072361117,-0.9016382495213245,484,16.133333333333333
0,0,750.343543392484,389.6346872830856,1.169368628137987,-1.06862746574834,1.5841046837330661,-0.7404145270732077,485,16.166666666666668
1,0,780.4091948653872,363.5460967897258,0.7507371169442605,-0.544587329472314,0.9274597447757865,-0.6275726209444261,485,16.166666666666668
2,0,756.4027748674835,365.5654081217307,0.8624020293187112,-0.9240223213648963,1.263944029834234,-0.8198781404564832,485,16.166666666666668
3,0,774.4060021782238,386.5388614787483,0.9998020050296971,-0.6381235124996105,1.186088388977079,-0.5680706342831441,485,16.166666666666668
0,0,751.303427806271,388.78142909448314,0.9598844137869731,-0.8532581886024849,1.284300441582247,-0.7266584018987503,486,16.2
1,0,780.7084486772986,362.73194287210686,0.29925381191138384,-0.8141539176189538,0.8674096180685249,-1.21856062013745,486,16.2
2,0,756.791148671187,364.54912039729453,0.388373803703586,-1.0162877244361812,1.0879682671120803,-1.2057724179814024,486,16.2
3,0,775.3630014663682,386.34168873402905,0.9569992881444037,-0.19717274471924856,0.9771001631199421,-0.20318904285641404,486,16.2
0,0,752.0196134480556,388.1053222697466,0.7161856417845855,-0.6761068247365793,0.9849072605853701,-0.756619905141053,487,16.233333333333334
1,0,781.468951054032,362.17137962059,0.760502376733413,-0.5605632515168637,0.944772472063157,-0.6351912612754846,487,16.233333333333334
2,0,756.8006616393967,363.69249854355354,0.00951296820969666,-0.8566218537410102,0.8566746738820071,-1.5596915702066563,487,16.233333333333334
3,0,776.1472641979616,386.6149155494812,0.7842627315933626,0.2732268154521625,0.8304943858018624,0.3352369843280524,487,16.233333333333334
0,0,752.5454220729081,387.66432630463316,0.5258086248525635,-0.4409959651133981,0.686259536338579,-0.6978974445120352,488,16.266666666666666
1,0,782.4017724468332,362.12200420579563,0.9328213928012448,-0.04937541479435836,0.9341272303352307,-0.05288191343951451,488,16.266666666666666
2,0,757.3295646536225,362.9020750290851,0.528903014225726,-0.7904235144684635,0.9510561133191542,-0.9810842227718968,488,16.266666666666666
3,0,777.0894489187586,386.3983250662732,0.9421847207970988,-0.2165904832080458,0.966759269683928,-0.2259554822330447,488,16.266666666666666
0,0,752.6398077319216,387.1217255522619,0.09438565901347018,-0.5426007523712514,0.5507487894687152,-1.3985691791657242,489,16.3
1,0,783.0905326671262,361.6088233802951,0.6887602202930255,-0.5131808255005164,0.8589209513799791,-0.6403442684872663,489,16.3
2,0,758.2289328672449,362.0617176262358,0.8993682136224346,-0.8403574028493142,1.2308792581720003,-0.7514915551392318,489,16.3
3,0,778.063319750807,385.6991803142424,0.9738708320482607,-0.6991447520307383,1.1988443526190105,-0.6226405931651542,489,16.3
0,0,753.1470513842653,386.5036222288102,0.5072436523437791,-0.6181033234517315,0.7995922969270854,-0.8835928835558062,490,16.333333333333332
1,0,783.3894259521439,360.74660465338235,0.29889328501771006,-0.8622187269127488,0.9125559319119675,-1.237103682918808,490,16.333333333333332
2,0,758.8377292652864,360.77619472899283,0.6087963980414672,-1.2855228972429686,1.4223931150016935,-1.1285081960986771,490,16.333333333333332
3,0,778.8997358119846,384.5507471815915,0.8364160611776421,-1.148433132650926,1.4207358964868666,-0.9413215293740858,490,16.333333333333332
0,0,753.8626574772429,385.66890873668854,0.7156060929775764,-0.8347134921216404,1.0994720070272528,-0.8620751811229443,491,16.366666666666667
1,0,784.134407783153,360.1799569207616,0.7449818310091475,-0.5666477326207825,0.9359955028834358,-0.6502630384216199,491,16.366666666666667
2,0,759.8513991551232,359.88839878073946,1.0136698898367689,-0.8877959482533684,1.3474822044453072,-0.7192962373324318,491,16.366666666666667
3,0,779.5920708810326,383.66808585787203,0.6923350690480489,-0.8826613237194478,1.1217926993094287,-0.9056573921587474,491,16.366666666666667
0,0,754.89782878896,384.73996868202534,1.0351713117171633,-0.9289400546632025,1.390866373797248,-0.7313646428309718,492,16.4
1,0,784.4291075306277,359.327625581521,0.2946997474745838,-0.8523313392405852,0.901840702681595,-1.2379062210418594,492,16.4
2,0,760.5577489952403,359.09991329264216,0.7063498401171222,-0.7884854880973106,1.0586025985106677,-0.8402892523495249,492,16.4
3,0,780.4519032526173,383.246378013472,0.8598323715846811,-0.4217078444000344,0.9576790763368805,-0.455981329313777,492,16.4
0,0,756.1626264242162,383.61781464511597,1.26479763525622,-1.122154036909372,1.6908408383705802,-0.725709415293187,493,16.433333333333334
1,0,785.1652438299974,358.77217019114823,0.7361362993697222,-0.5554553903727681,0.922186175315979,-0.6464099969671564,493,16.433333333333334
2,0,760.7517387213092,358.17993623833553,0.19398972606880965,-0.919977054306639,0.9402073145168424,-1.36297709795125,493,16.433333333333334
3,0,781.3139862372483,383.3513712164072,0.8620829846310013,0.10499320293519354,0.8684530183336839,0.12119327338114527,493,16.433333333333334
0,0,757.7602164843177,382.60853765861793,1.5975900601013726,-1.0092769864980538,1.889691518637182,-0.5634382903848876,494,16.466666666666665
1,0,785.4325618163627,358.04106404807135,0.2673179863653793,-0.7311061430769035,0.7784440238573528,-1.2202612483900612,494,16.466666666666665
2,0,760.632481329238,357.4926462238572,-0.11925739207112013,-0.6872900144783145,0.6975599541008691,-1.7426039571013678,494,16.466666666666665
3,0,782.2451062615171,382.9382440661204,0.9311200242687808,-0.4131271502868339,1.0186552615573217,-0.4175928132512597,494,16.466666666666665
0,0,758.98412150569,381.53387918799115,1.2239050213723925,-1.0746584706267976,1.6287523844435299,-0.7205588228764609,495,16.5
1,0,786.0698225764957,357.6363617582371,0.6372607601329079,-0.40470228983421297,0.7549074246569752,-0.5658046691639914,495,16.5
2,0,760.9779797150452,356.6978120673612,0.3454983858072296,-0.7948341564959664,0.8666778357198571,-1.160755417829695,495,16.5
3,0,783.348321368839,382.23396238641544,1.1032151073219318,-0.7042816797049275,1.3088530312419862,-0.5681703087321935,495,16.5
0,0,759.9904635137171,380.66607085593347,1.0063420080271466,-0.8678083320576949,1.3288399220029732,-0.711614227241219,496,16.533333333333335
1,0,786.3573878394095,356.8801011336604,0.2875652629138374,-0.7562606245767103,0.8090883219524678,-1.20743416034958,496,16.533333333333335
2,0,761.670178406883,355.7806666526028,0.6921986918377553,-0.9171454147584072,1.1490407916145842,-0.9242738196991223,496,16.533333333333335
3,0,784.3880543379523,381.9444678492656,1.0397329691133061,-0.2894945371498301,1.079282972209219,-0.2715537552759536,496,16.533333333333335
0,0,760.7713242647496,379.99616211304823,0.7808607510325424,-0.6699087428852434,1.028844612318689,-0.709068705693371,497,16.566666666666666
1,0,787.019053313343,356.45769099672845,0.6616654739334052,-0.42241013693194124,0.7850041548796918,-0.5681804047110783,497,16.566666666666666
2,0,762.7632985788873,354.8779657468878,1.0931201720042893,-0.9027009057149955,1.4176673219134879,-0.6902771046128532,497,16.566666666666666
3,0,785.4523107849877,381.1771057393016,1.0642564470354197,-0.7673621099639554,1.3120542644512796,-0.6247018611198883,497,16.566666666666666
0,0,761.0870319103105,379.1946413635151,0.315707645560909,-0.801520749533177,0.8614562260485662,-1.1955718946766611,498,16.6
1,0,787.4946561432936,355.58335720223357,0.47560282995064773,-0.8743337944948777,0.9953178567939368,-1.0726019825052728,498,16.6
2,0,763.4079817319358,353.83489752401664,0.6446831530485044,-1.0430682228711479,1.2262168182618178,-1.0172000888589425,498,16.6
3,0,786.3917981572267,380.736519628717,0.9394873722389829,-0.4405861105846291,1.0376669231678344,-0.43851230393910495,498,16.6
0,0,761.8155610325438,378.33474928595757,0.7285291222332556,-0.8598920775575138,1.12701777580841,-0.8679107233427834,499,16.633333333333333
1,0,788.299824641412,355.1370927970848,0.8051684981183623,-0.44626440514878896,0.9205695137603579,-0.5061000867573869,499,16.633333333333333
2,0,763.5961958736867,352.82389022340715,0.18821414175092815,-1.0110073006094897,1.0283775206803802,-1.3867383793332158,499,16.633333333333333
3,0,787.4838414615649,379.9852055897942,1.0920433043381277,-0.7513140389228057,1.3255305970185056,-0.6026194837503852,499,16.633333333333333
0,0,762.8705142299171,377.38860522197865,1.0549531973734088,-0.9461440639789356,1.4170796866975952,-0.7310769218122091,500,16.666666666666668
1,0,788.7335949122589,354.30320504958115,0.43377027084696135,-0.8338877475036333,0.9399603307094025,-1.0911367333399902,500,16.666666666666668
2,0,764.3277156682111,351.85659774367497,0.7315197945244221,-0.9672924797321786,1.2127555199328015,-0.9233040090962567,500,16.666666666666668
3,0,788.6364736947164,379.74258834218165,1.1526322331515568,-0.24261724761255887,1.1778897205337342,-0.20746119315572964,500,16.666666666666668
0,0,764.1783915444992,376.2769379436555,1.3078773145820621,-1.1116672783231196,1.716492705400381,-0.7044814403337267,501,16.7
1,0,789.4976915092179,353.8807141605425,0.7640965969589746,-0.4224908890386912,0.8731220766908767,-0.5050889028367275,501,16.7
2,0,765.2508807704257,351.0220705875606,0.9231651022146566,-0.8345271561143388,1.244455455305365,-0.7350122534532163,501,16.7
3,0,789.6699997668925,378.9330820339244,1.0335260721760695,-0.8095063082572316,1.3128124789839355,-0.6644419613131209,501,16.7
0,0,765.7580914039814,375.23988327317716,1.5796998594822547,-1.0370546704783912,1.889691518637182,-0.5809229877271942,502,16.733333333333334
1,0,790.3927508223774,353.9665736759242,0.8950593131593815,0.08585951538171832,0.8991679656520951,0.09563344499852862,502,16.733333333333334
2,0,765.6892617547647,349.83452229768915,0.438380984338985,-1.1875482898714946,1.265878678312708,-1.2171660896741303,502,16.733333333333334
3,0,790.750010233733,378.598856615538,1.0800104668404182,-0.33422541838640774,1.1305437801254878,-0.3001174845444801,502,16.733333333333334
0,0,767.3471850466642,374.21728098959153,1.5890936426827673,-1.0226022835856141,1.889691518637182,-0.5718013540994494,503,16.766666666666666
1,0,791.0787072420369,353.5949844657771,0.685956419659544,-0.3715892101471243,0.7801376486043371,-0.4964559834598257,503,16.766666666666666
2,0,766.5901382907558,349.0016912720047,0.9008765359910332,-0.8328310256844811,1.2268602407943083,-0.7461697468751154,503,16.766666666666666
3,0,791.9963628134739,377.93672617143324,1.2463525797409243,-0.6621304441047913,1.4113155132844197,-0.48833747779712944,503,16.766666666666666
0,0,768.5669238092344,373.1434256396425,1.2197387625701062,-1.0738553499490338,1.6250932162587521,-0.7218790074799443,504,16.8
1,0,791.5650842093335,352.7693903894486,0.4863769672965854,-0.8255940763285133,0.9582109022471801,-1.0384125545046652,504,16.8
2,0,767.0103352252638,347.8075722616712,0.42019693450801615,-1.19411901033343,1.265893231915561,-1.2324399542844697,504,16.8
3,0,793.0183199200887,377.48844999862587,1.0219571066149067,-0.4482761728073956,1.1159515468278889,-0.4133709206214835,504,16.8
0,0,769.3596327772271,371.98653266803547,0.7927089679928063,-1.1568929716070182,1.402422495430652,-0.9700689891384485,505,16.833333333333332
1,0,791.5235239974085,351.80884532798035,-0.04156021192505893,-0.9605450614682265,0.9614437405934134,-1.6140366788242195,505,16.833333333333332
2,0,766.9652430981288,346.7232209652242,-0.045092127135032634,-1.0843512964470594,1.0852884566031191,-1.612356808296931,505,16.833333333333332
3,0,793.6313597228975,376.6991146412119,0.6130398028087389,-0.7893353574139486,0.9994338929071714,-0.9104542608136365,505,16.833333333333332
0,0,769.6404436809877,370.7608236800978,0.2808109037605307,-1.2257089879376764,1.257464626453567,-1.3455821332089266,506,16.866666666666667
1,0,790.9352321781826,350.87518662635205,-0.588291819225856,-0.9336587016283042,1.1035424032153536,-2.1330496492135502,506,16.866666666666667
2,0,766.37769168373,345.83118777889086,-0.5875514143988864,-0.8920331863333081,1.0681478690153747,-2.1532391319503197,506,16.866666666666667
3,0,794.3419304181432,376.341162591145,0.7105706952456426,-0.35795205006688735,0.7956383494333109,-0.4666454217011652,506,16.866666666666667
0,0,770.169531543461,369.30677871719905,0.529087862473274,-1.4540449628987449,1.5473140341726854,-1.2218162421141088,507,16.9
1,0,790.4534536869903,350.2283227074317,-0.4817784911922566,-0.6468639189203397,0.8065627341853001,-2.2109553974527243,507,16.9
2,0,766.3404856401677,344.7993205798263,-0.03720604356225338,-1.0318671990645516,1.032537750488029,-1.606837720693398,507,16.9
3,0,794.7197272766226,375.60321985205314,0.3777968584793904,-0.7379427390918669,0.829029524477448,-1.097626889770275,507,16.9
0,0,770.7913204569754,368.1947389201566,0.6217889135144334,-1.1120397970424314,1.2740698423460275,-1.060960891839636,508,16.933333333333334
1,0,790.3905481919825,349.636543626103,-0.0629054950077848,-0.5917790813286965,0.5951130837079709,-1.6766975957172796,508,16.933333333333334
2,0,765.804570756474,344.00132783487345,-0.5359148836936005,-0.7979927449528808,0.9612477222660966,-2.1621918234411726,508,16.933333333333334
3,0,794.6694405071585,374.59332507010606,-0.050286769464178066,-1.0098947819470954,1.011145998255007,-1.6205493019748305,508,16.933333333333334
0,0,771.0825128282254,367.23059551225094,0.29119237124999503,-0.9641434079057071,1.0071571417024383,-1.2774856620649284,509,16.966666666666665
1,0,789.8958006968212,349.18675219839054,-0.494747495161239,-0.4497914277124781,0.6686459544571773,-2.4037543791784954,509,16.966666666666665
2,0,765.7025067914033,342.87665534598,-0.10206396507075569,-1.1246724888934325,1.1292941424800327,-1.661298369028263,509,16.966666666666665
3,0,795.1144286877308,373.79480477632615,0.4449881805722419,-0.7985202937798999,0.9141384689571551,-1.0623917619550551,509,16.966666666666665
0,0,771.0470832926945,366.4718296171627,-0.03542953553081893,-0.7587658950882223,0.7595926115602764,-1.6174560678852303,510,17.0
1,0,789.7676725152102,348.67459988059255,-0.1281281816110469,-0.5121523177979661,0.5279363858920716,-1.8159405627805656,510,17.0
2,0,765.1090932740369,342.01437312264,-0.5934135173663849,-0.8622822233400141,1.046742678637564,-2.1735516807212045,510,17.0
3,0,795.0728582032626,372.7671791169288,-0.041570484468191754,-1.0276256593973851,1.0284661399534896,-1.6112272273356745,510,17.0
0,0,770.5301492988984,365.6585562226829,-0.516933993796122,-0.8132733944798557,0.9636567688294396,-2.1369970867556973,511,17.033333333333335
1,0,789.3346468715844,347.9819091457226,-0.433025643625757,-0.6926907348699214,0.816903704369207,-2.129493151984444,511,17.033333333333335
2,0,764.7862329637431,340.87302070445423,-0.32286031029381845,-1.1413524181857566,1.1861383234941425,-1.846469220368496,511,17.033333333333335
3,0,794.5325405872967,371.64668499870976,-0.5403176159659508,-1.1204941182190027,1.2439655120165145,-2.020113919597383,511,17.033333333333335
0,0,769.6071614100264,364.8423800458295,-0.9229878888720091,-0.8161761768533882,1.2320917963639808,-2.417532994104111,512,17.066666666666666
1,0,788.732211350677,347.0414456032634,-0.6024355209073928,-0.9404635424592376,1.1168707317975253,-2.1405158864111087,512,17.066666666666666
2,0,763.9536687309152,340.03606324004755,-0.8325642328279717,-0.8369574644066543,1.1805342006949417,-2.3535630650088373,512,17.066666666666666
3,0,793.5302708201414,370.55344806757336,-1.0022697671553664,-1.093236931136406,1.4831424994767763,-2.3128111468284387,512,17.066666666666666
0,0,768.5950239803677,363.7043792815042,-1.0121374296586114,-1.1380007643252947,1.5229799460665578,-2.2977238914179154,513,17.1
1,0,787.8531220325701,346.5584358769172,-0.8790893181068036,-0.4830097263462264,1.0030435807852724,-2.639176960340374,513,17.1
2,0,763.4639232628055,339.27195006724196,-0.4897454681097354,-0.7641131728056141,0.9075899759192397,-2.140771238678649,513,17.1
3,0,792.5432037882116,369.8339077072276,-0.9870670319297701,-0.7195403603457595,1.2214907513727442,-2.5116884079775317,513,17.1
0,0,767.513948026244,362.98884256968756,-1.0810759541237693,-0.7155367118166502,1.2964250863594096,-2.5569149781062097,514,17.133333333333333
1,0,787.2766177877885,345.6031912677375,-0.5765042447816736,-0.95524460917971,1.1157281961204462,-2.1137962206869,514,17.133333333333333
2,0,762.5319352855098,338.58289820945106,-0.9319879772956213,-0.6890518577908726,1.159048770565172,-2.5049517932309424,514,17.133333333333333
3,0,791.5770631350857,369.55079863993956,-0.9661406531259129,-0.28310906728801827,1.0067663609811648,-2.8565417264111828,514,17.133333333333333
0,0,766.4398596681302,362.7379392536559,-1.074088358113696,-0.25090331603166577,1.1030042044484967,-2.9121111255490164,515,17.166666666666668
1,0,786.3124650971429,345.0834418035266,-0.9641526906455936,-0.5197494642108531,1.0953218323518465,-2.647176755241478,515,17.166666666666668
2,0,761.8562207215565,338.0516731694835,-0.6757145639532878,-0.5312250399676053,0.8595290658419678,-2.4753430645433276,515,17.166666666666668
3,0,790.4640654791922,368.9129623750331,-1.1129976558935837,-0.6378362649064564,1.2828089814366095,-2.6212027938994393,515,17.166666666666668
0,0,765.4817974805333,361.9282516335339,-0.9580621875970098,-0.8096876201220438,1.2543831940368408,-2.4399323598020453,516,17.2
1,0,785.7297673566551,344.12169648566817,-0.5826977404877596,-0.9617453178584557,1.1244957595261098,-2.115524710766313,516,17.2
2,0,761.2308660712495,337.1133138761728,-0.6253546503070472,-0.9383592933106626,1.1276464880462918,-2.158637919530669,516,17.2
3,0,789.3552233313827,367.8462918410542,-1.1088421478094128,-1.0666705339788694,1.538608766651665,-2.3755767411706876,516,17.2
0,0,764.6549828470239,360.7254892007958,-0.8268146335093122,-1.2027624327381061,1.459540992158571,-2.1730359430756843,517,17.233333333333334
1,0,785.0905149102634,343.53311442044605,-0.6392524463916224,-0.5885820652221001,0.8689490996133126,-2.3974391736024865,517,17.233333333333334
2,0,760.2458538523713,336.6344430323324,-0.9850122188781428,-0.47887084384042616,1.095247166816552,-2.6890804345907684,517,17.233333333333334
3,0,788.2638156388174,367.1675892347032,-1.0914076925653498,-0.6787026063509959,1.2852268201599497,-2.5852546227858193,517,17.233333333333334
0,0,763.6846248387452,359.94341490931583,-0.9703580082787012,-0.7820742914799289,1.2462884343619822,-2.4632252726229575,518,17.266666666666666
1,0,784.5518174317426,342.5363198263224,-0.5386974785208168,-0.996794594123639,1.1330465287175087,-2.0662622769100887,518,17.266666666666666
2,0,759.6620575412103,335.74200744067406,-0.5837963111609423,-0.8924355916583452,1.0664236579257347,-2.1500909252537794,518,17.266666666666666
3,0,787.2446196373077,366.899258600539,-1.019196001509735,-0.2683306341642169,1.053926856439479,-2.8841577631320523,518,17.266666666666666
0,0,762.6576289246921,359.6407815545336,-1.0269959140530927,-0.30263335478227005,1.0706575339054587,-2.855025324777681,519,17.3
1,0,783.6872920808597,341.9748819183921,-0.8645253508829093,-0.5614379079303273,1.0308329674493342,-2.5656270194179114,519,17.3
2,0,758.6651201121058,335.25283082798035,-0.9969374291044406,-0.4891766126936916,1.1104854775979043,-2.685429326303943,519,17.3
3,0,786.0917884142069,366.25083081613855,-1.1528312231007734,-0.6484277844004451,1.3226785023347492,-2.6292294052792866,519,17.3
0,0,761.709898009531,359.8806919917017,-0.947730915161108,0.23991043716812627,0.9776251354247766,2.893659068837374,520,17.333333333333332
1,0,783.2360498860279,341.0268548913053,-0.45124219483184375,-0.9480270270868185,1.049940361393794,-2.0150442013225627,520,17.333333333333332
2,0,758.0846816171972,334.37005330741437,-0.580438494908581,-0.8827775205659605,1.0565060327268954,-2.1524356077399323,520,17.333333333333332
3,0,784.8546203870364,365.2364505120865,-1.237168027170441,-1.0143803040520407,1.5998600340972056,-2.4548221184362964,520,17.333333333333332
0,0,760.7336075639364,359.567139434104,-0.9762904455946393,-0.3135525575977677,1.0254063782401008,-2.8308312047534727,521,17.366666666666667
1,0,782.3169367882764,340.4107147922172,-0.9191130977514702,-0.6161400990880523,1.1065249695160695,-2.551034899206906,521,17.366666666666667
2,0,757.1109513976298,333.90407210863697,-0.973730219567451,-0.46598119877741995,1.0794855339989127,-2.6952496490003095,521,17.366666666666667
3,0,783.7873054865754,364.4845877017468,-1.0673149004610103,-0.7518628103396962,1.305549226309756,-2.5278908421432194,521,17.366666666666667
0,0,759.8010670852705,358.74825459333914,-0.932540478665912,-0.8188848407648293,1.2410496068992924,-2.4209968537055495,522,17.4
1,0,781.8464407557759,339.4243112607003,-0.47049603250052463,-0.9864035315169555,1.0928670749857259,-2.015859979241803,522,17.4
2,0,756.5384011089521,333.032257468359,-0.5725502886776547,-0.8718146402780099,1.0430122722518378,-2.1518908878249072,522,17.4
3,0,783.1096548738905,363.6713596608826,-0.6776506126849626,-0.8132280408642106,1.0585604372543627,-2.2655059940117757,522,17.4
0,0,759.1710422409727,357.4761717952204,-0.630024844297731,-1.2720827981187552,1.4195513198549823,-2.030653031593123,523,17.433333333333334
1,0,781.0106630148728,338.7847855030514,-0.8357777409031099,-0.6395257576488915,1.052386633745172,-2.4884428864011423,523,17.433333333333334
2,0,756.4839815499665,331.9175344163771,-0.05441955898560874,-1.1147230519818572,1.116050613108534,-1.6195765042177679,523,17.433333333333334
3,0,782.6664740534245,363.05272703457535,-0.44318082046597895,-0.6186326263072748,0.7609964296635922,-2.192436302166664,523,17.433333333333334
0,0,758.1220319065612,356.60240297675176,-1.0490103344114874,-0.8737688184686494,1.3652452636175672,-2.4470830918899087,524,17.466666666666665
1,0,780.5996098407901,337.7589909262744,-0.41105317408270764,-1.0257945767770087,1.105087881423279,-1.9519205273722746,524,17.466666666666665
2,0,755.8660651482712,330.9704642337334,-0.6179164016952637,-0.9470701826436821,1.1308238635334682,-2.1488922809987816,524,17.466666666666665
3,0,781.9879702077208,362.23867952318733,-0.6785038457037926,-0.8140475113880145,1.0597362027560706,-2.2656295088576988,524,17.466666666666665
0,0,757.5544250184713,355.49755195717273,-0.5676068880899181,-1.1048510195790535,1.2421245327550676,-2.045375937905989,525,17.5
1,0,779.7482836999412,337.107691368587,-0.8513261408488725,-0.6512995576874423,1.0718895987630872,-2.488534480713563,525,17.5
2,0,754.9046458426404,330.4832685389082,-0.9614193056307838,-0.48719569482522856,1.0778157200077458,-2.6725625657110257,525,17.5
3,0,781.027597549174,361.28168931303014,-0.9603726585467792,-0.9569902101571655,1.3557823961170408,-2.3579586032540867,525,17.5
0,0,756.4957706186524,354.7393033535367,-1.0586543998189004,-0.7582486036360554,1.3021866545053915,-2.520051572724837,526,17.533333333333335
1,0,779.3358499727731,336.0800123024857,-0.41243372716812043,-1.0276790661012767,1.1073508216498418,-1.9524447801367868,526,17.533333333333335
2,0,754.3558903052023,329.6038989053851,-0.5487555374381884,-0.8793696335230644,1.03654406188621,-2.128699860201217,526,17.533333333333335
3,0,779.9498837846576,360.0304864363105,-1.0777137645163506,-1.2512028767196244,1.6513556845632826,-2.28183834525388,526,17.533333333333335
0,0,755.8764179659782,353.57325620027893,-0.6193526526741282,-1.1660471532577414,1.3203271079527839,-2.0590567716693684,527,17.566666666666666
1,0,778.5167551140173,335.44336471641543,-0.8190948587557597,-0.6366475860703233,1.0374182071321516,-2.480873767042151,527,17.566666666666666
2,0,753.3171680295108,328.9603674876838,-1.0387222756915484,-0.6435314177013163,1.2219151572783173,-2.5869282814122547,527,17.566666666666666
3,0,779.0327675194886,359.03620976703917,-0.9171162651688873,-0.994276669271353,1.3526597276827106,-2.315847720387563,527,17.566666666666666
0,0,755.0366734294857,352.8192167664355,-0.8397445364924496,-0.7540394338434258,1.1286037189199019,-2.4099173509442173,528,17.6
1,0,778.1160017814844,334.41872688272775,-0.40075333253288725,-1.024637833687683,1.1002208522657633,-1.9436216159680113,528,17.6
2,0,752.7262551914545,327.9623531880207,-0.5909128380562831,-0.9980142996631177,1.159832110484873,-2.105378274303375,528,17.6
3,0,778.3115244312595,358.26936559887014,-0.7212430882290956,-0.7668441681690492,1.052730530844966,-2.325559986921703,528,17.6
0,0,754.1379530546287,352.5306754770164,-0.8987203748570405,-0.288541289419076,0.943903802239827,-2.8309303571160584,529,17.633333333333333
1,0,777.2489217030937,333.7421694667745,-0.8670800783907222,-0.6765574159532272,1.0997989813703999,-2.4789979086012055,529,17.633333333333333
2,0,752.7008486224414,326.8517930507714,-0.02540656901310373,-1.1105601372492806,1.1108507155311909,-1.5936695933715785,529,17.633333333333333
3,0,777.7607603027712,357.75361709173137,-0.5507641284883061,-0.5157485071387731,0.7545446625915238,-2.3890145870353328,529,17.633333333333333
0,0,753.3451173882703,351.7193606080942,-0.7928356663584262,-0.8113148689222237,1.1343809811453534,-2.3446753809717373,530,17.666666666666668
1,0,776.8400283472984,332.7038749459714,-0.4088933557954232,-1.0382945208031051,1.1159073834075086,-1.9459572936006122,530,17.666666666666668
2,0,752.1130142390477,325.90355502803413,-0.5878343833936165,-0.9482380227372295,1.115663304973487,-2.1257362980862613,530,17.666666666666668
3,0,777.0996013395209,356.93769683859597,-0.6611589632503381,-0.8159202531353917,1.0501700025056817,-2.251800173247122,530,17.666666666666668
0,0,752.3693567470683,350.668479727293,-0.9757606412019488,-1.0508808808011707,1.434036071565943,-2.3191450839901195,531,17.7
1,0,776.0182837330816,332.05257959561237,-0.8217446142167845,-0.6512953503590377,1.0485465389736373,-2.4713947452079266,531,17.7
2,0,751.1149600006097,325.3760722964851,-0.9980542384380323,-0.527482731549014,1.1288712481707248,-2.655397185223144,531,17.7
3,0,776.2753712710391,356.5900991965067,-0.8242300684817557,-0.34759764208926497,0.8945274319859937,-2.742500034733927,531,17.7
0,0,751.1235656253469,350.1186318245401,-1.2457911217213384,-0.5498479027529296,1.3617372122114846,-2.725943222839626,532,17.733333333333334
1,0,775.655034724522,331.06452696403846,-0.36324900855963155,-0.9880526315738849,1.052709762935461,-1.9231000270387173,532,17.733333333333334
2,0,750.5463650277533,324.4794051004595,-0.5685949728564366,-0.8966671960256521,1.061749642611721,-2.135927274691515,532,17.733333333333334
3,0,775.3936270292647,355.83420595597414,-0.8817442417743611,-0.7558932405325569,1.161398940495923,-2.432892860285622,532,17.733333333333334
0,0,750.2511699749734,349.1166981831116,-0.872395650373525,-1.0019336414284885,1.328512398367737,-2.287192560784932,533,17.766666666666666
1,0,774.814608739489,330.3921057755359,-0.8404259850329736,-0.6724211885025523,1.076320626516945,-2.466793380955583,533,17.766666666666666
2,0,749.5227622013255,323.93733554788633,-1.023602826427794,-0.5420695525731121,1.1582755052653848,-2.654569679791657,533,17.766666666666666
3,0,774.3183855444162,354.845481049826,-1.075241484848609,-0.9887249061481652,1.4607262545655635,-2.3980875946670874,533,17.766666666666666
0,0,749.0362586883192,348.6001825501291,-1.214911286654187,-0.5165156329825177,1.3201506859275811,-2.7395976807378313,534,17.8
1,0,774.4426467571271,329.3859572398386,-0.3719619823618756,-1.0061485356973223,1.0727024714283275,-1.9249026116951917,534,17.8
2,0,748.9282728374806,323.0313918985309,-0.5944893638448548,-0.9059436493554474,1.0835827146702395,-2.151524783843737,534,17.8
3,0,773.1671694401495,353.5274580953865,-1.1512161042667421,-1.3180229544394735,1.7499951506082676,-2.2887430220639633,534,17.8
0,0,748.1824271403082,347.61487909045024,-0.8538315480110938,-0.9853034596788488,1.303783425279724,-2.2848301555485184,535,17.833333333333332
1,0,773.6299040814548,328.7400016130392,-0.8127426756723746,-0.6459556267993758,1.0381759622784883,-2.470039734305957,535,17.833333333333332
2,0,748.8809682053947,321.9355829429834,-0.04730463208594721,-1.0958089555475234,1.0968295196952629,-1.6139382267033329,535,17.833333333333332
3,0,772.029445418789,352.5764234476861,-1.1377240213604387,-0.9510346477004138,1.4828630583797069,-2.4453357710375188,535,17.833333333333332
0,0,747.0310109847337,347.1244632276526,-1.1514161555744762,-0.49041586279763677,1.2515058456920833,-2.7389395654251216,536,17.866666666666667
1,0,773.257614121753,327.73338472321626,-0.3722899597017365,-1.0066168898229475,1.0732555040490335,-1.925037924975391,536,17.866666666666667
2,0,748.7329383742248,321.14249864829844,-0.14802983116987256,-0.7930842946849403,0.806780967420582,-1.7553238074856095,536,17.866666666666667
3,0,770.8977548567882,352.044520263743,-1.1316905620008084,-0.5319031839431174,1.250457726278874,-2.702225527689039,536,17.866666666666667
0,0,746.211333059094,346.1327972052285,-0.8196779256396557,-0.9916660224241036,1.2865742892702978,-2.261527756144394,537,17.9
1,0,772.4539335027222,327.09472346296957,-0.8036806190308161,-0.6386612602467039,1.026543103208854,-2.470109879975967,537,17.9
2,0,748.1284321238087,320.5707424176718,-0.6045062504160295,-0.5717562306266462,0.8320654986552669,-2.384029740936771,537,17.9
3,0,769.8168715441394,352.0000589321699,-1.0808833126487567,-0.04446133157307858,1.0817973680721362,-3.100481573523766,537,17.9
0,0,744.9954943872324,345.59358062631276,-1.2158386718616563,-0.5392165789157195,1.3300444334577282,-2.724162670591922,538,17.933333333333334
1,0,771.3473692399523,326.93640059780057,-1.106564262769848,-0.1583228651690084,1.1178329916739358,-2.9994810576292545,538,17.933333333333334
2,0,747.1688722650841,320.3702878921016,-0.9595598587245172,-0.2004545255701681,0.980274012354187,-2.935651763510692,538,17.933333333333334
3,0,768.6006936981835,351.49847703152886,-1.2161778459559105,-0.5015819006410198,1.3155504384266747,-2.750421344068858,538,17.933333333333334
0,0,744.1797525751316,344.76387808116687,-0.8157418121007516,-0.8297025451458655,1.1635467405441626,-2.3477102178411635,539,17.966666666666665
1,0,770.5175867585546,326.2794099454334,-0.8297824813977721,-0.6569906523672039,1.058383523932855,-2.4718947989156304,539,17.966666666666665
2,0,746.4041124558428,319.649293358097,-0.7647598092413647,-0.7209945340046218,1.0510426651166118,-2.385642577468764,539,17.966666666666665
3,0,767.4268478300513,350.50722119460335,-1.1738458681321227,-0.9912558369254951,1.5363926114016953,-2.440328645527183,539,17.966666666666665
0,0,742.9331438338976,344.13274390116317,-1.2466087412340274,-0.6311341800037045,1.3972700908879552,-2.672932968697107,540,18.0
1,0,770.1541063366603,325.29519639930265,-0.36348042189418717,-0.9842135461306936,1.0491874577441016,-1.9245696585392127,540,18.0
2,0,746.0045351487382,318.5009716464814,-0.39957730710456035,-1.1483217116155848,1.2158555743675639,-1.905658277872548,540,18.0
3,0,766.3848070269066,349.072975320638,-1.04204080314463,-1.4342458739653479,1.772825502525539,-2.1991149396968965,540,18.0
0,0,742.0964408051354,343.11117239010804,-0.836703028762129,-1.0215715110551258,1.3204848770581104,-2.2570368092137985,541,18.033333333333335
1,0,769.7725302207942,324.54290473220306,-0.38157611586614537,-0.752291667099616,0.8435301325898285,-2.040201903186864,541,18.033333333333335
2,0,745.2019597258358,317.7244106881373,-0.8025754229025037,-0.776560958344074,1.116769551640534,-2.372666855665885,541,18.033333333333335
3,0,765.277813654524,348.0285312802633,-1.106993372382571,-1.0444440403747317,1.5219387898247523,-2.3852595781116834,541,18.033333333333335
0,0,740.9444422188045,342.57504823140835,-1.1519985863309836,-0.5361241586996669,1.2706415137441442,-2.706017548911967,542,18.066666666666666
1,0,769.4000667683599,323.4674535456311,-0.37246345243427587,-1.0754511865719474,1.1381231383722368,-1.904199952800469,542,18.066666666666666
2,0,744.0924192072126,317.4507790482895,-1.109540518623173,-0.2736316398477985,1.1427836351612561,-2.899800443293323,542,18.066666666666666
3,0,764.3201282506444,347.2597319207346,-0.9576854038795963,-0.7687993595286329,1.2280935583316368,-2.465166080313768,542,18.066666666666666
0,0,740.1549358054036,341.5626669359572,-0.7895064134009245,-1.0123812954511457,1.2838365410676438,-2.2331298817790954,543,18.1
1,0,768.8610940258428,322.7523089889334,-0.5389727425170467,-0.7151445566977008,0.8955017331924588,-2.2166329552403057,543,18.1
2,0,743.3281817318525,316.78217490332577,-0.7642374753600802,-0.6686041449637636,1.0154262264721523,-2.422839470524913,543,18.1
3,0,763.5463777845011,346.7392701250421,-0.7737504661432537,-0.5204617956925478,0.9325075145179335,-2.5494604684745847,543,18.1
0,0,739.195465540614,341.0050210277903,-0.9594702647895765,-0.5576459081669134,1.1097531923408384,-2.6151099981770964,544,18.133333333333333
1,0,768.7509886530978,321.72406968883763,-0.11010537274499033,-1.0282393000957575,1.0341176196974533,-1.6774713057033415,544,18.133333333333333
2,0,743.0405367420673,315.82457386679044,-0.2876449897851871,-0.9576010365352954,0.9998696841698884,-1.8626024657688505,544,18.133333333333333
3,0,762.808758618704,345.79877647776044,-0.7376191657971314,-0.9404936472816441,1.1952448846694077,-2.235883930826324,544,18.133333333333333
0,0,738.5582248062017,339.9555307338663,-0.6372407344123083,-1.0494902939239965,1.2278052087505635,-2.116486329309202,545,18.166666666666668
1,0,768.1228693953229,320.91636529345146,-0.6281192577748849,-0.8077043953861492,1.0231911807251748,-2.231765997024625,545,18.166666666666668
2,0,743.3063732328261,314.77533708932685,0.26583649075886145,-1.0492367774636115,1.0823894192947427,-1.3226561528652114,545,18.166666666666668
3,0,762.5406167158807,344.825259301155,-0.26814190282338574,-0.973517176605485,1.0097701585983125,-1.83956805378526,545,18.166666666666668
0,0,737.5596466166355,339.3499369931065,-0.9985781895661261,-0.6055937407597592,1.1678622262598275,-2.5964396076294993,546,18.2
1,0,768.0031471792877,319.86071307925226,-0.11972221603529737,-1.0556522141991722,1.0624194116995498,-1.6837244780981149,546,18.2
2,0,743.5272600839361,314.0240659905472,0.2208868511100266,-0.7512710987797058,0.7830704086191544,-1.2848370601328492,546,18.2
3,0,761.9525978487696,343.6749519015224,-0.5880188671110116,-1.1503073996325675,1.291887495770416,-2.043351141447372,546,18.2
0,0,736.9824858153464,338.32019681485093,-0.5771608012890445,-1.0297401782555375,1.180457294974434,-2.0816588690135087,547,18.233333333333334
1,0,767.3944623769037,319.07617343877916,-0.608684802384001,-0.784539640473124,0.9929751437608844,-2.2306369982326006,547,18.233333333333334
2,0,743.2656941328045,313.34766324004994,-0.26156595113163167,-0.6764027504972276,0.7252154353511857,-1.9397861662650013,547,18.233333333333334
3,0,761.1069564738948,342.3328484203038,-0.8456413748748188,-1.3421034812185972,1.5863010714234709,-2.1330450389799913,547,18.233333333333334
0,0,735.9248084645523,337.65029845414387,-1.0576773507941861,-0.6698983607070409,1.2519765141810721,-2.5769989415391197,548,18.266666666666666
1,0,767.2751401862093,318.2496787951227,-0.11932219069436523,-0.8264946436564795,0.8350635791273342,-1.7141770400295682,548,18.266666666666666
2,0,742.5772734873556,312.9104477288767,-0.6884206454489037,-0.4372155111732592,0.8155246092490278,-2.575763818882712,548,18.266666666666666
3,0,760.1034631474145,341.4024015452034,-1.0034933264802888,-0.9304468751003836,1.3684773449621095,-2.3939473349836127,548,18.266666666666666
0,0,735.3176065288802,336.6326791437338,-0.6072019356720757,-1.017619310410037,1.1850077010734212,-2.1087774847746426,549,18.3
1,0,766.6565338666012,317.4033241016354,-0.6186063196081748,-0.8463546934872955,1.0483272608528051,-2.2019653246414164,549,18.3
2,0,742.0897423342728,312.01691937904025,-0.4875311530827397,-0.8935283498364734,1.0178799227746251,-2.0702741904731012,549,18.3
3,0,759.0296525675286,340.9306001539374,-1.0738105798858046,-0.47180139126602233,1.172887767126609,-2.7276127511753736,549,18.3
0,0,734.2453291982904,335.99606387330283,-1.0722773305898432,-0.6366152704310039,1.2470195171860061,-2.605815474588574,550,18.333333333333332
1,0,766.5780246858474,316.4211797330123,-0.07850918075385199,-0.9821443686230783,0.9852772464036029,-1.650563213405627,550,18.333333333333332
2,0,741.1934137866721,311.5087263356924,-0.8963285476007267,-0.5081930433478523,1.0303713090683282,-2.625812681027208,550,18.333333333333332
3,0,758.0050472743803,339.97634422123923,-1.0246052931482603,-0.9542559326981617,1.4001501318919591,-2.3917299513831507,550,18.333333333333332
0,0,733.6044140187585,334.96338420092246,-0.6409151795318946,-1.0326796723803717,1.2154009927188774,-2.1262492297174007,551,18.366666666666667
1,0,765.9925878702956,315.6502000600081,-0.5854368155518018,-0.770979673004198,0.9680629737724166,-2.2202491998963465,551,18.366666666666667
2,0,740.7348731119414,310.6676231147645,-0.4585406747307176,-0.8411032209279157,0.9579739968484614,-2.069920452539421,551,18.366666666666667
3,0,757.3965131325064,338.97914894652365,-0.6085341418739882,-0.9971952747155887,1.1682089786255752,-2.1187153993369248,551,18.366666666666667
0,0,732.5334288545564,334.34816814318225,-1.0709851642021135,-0.6152160577402052,1.235111338966017,-2.6201797938250153,552,18.4
1,0,765.9143760474979,314.66905689665305,-0.07821182279764194,-0.9811431633550336,0.9842555543270517,-1.650343113973241,552,18.4
2,0,740.4142344738407,310.09302079231134,-0.32063863810076176,-0.5746023224531656,0.6580098519108076,-2.079774807738294,552,18.4
3,0,756.5719277365998,337.7660031139896,-0.8245853959065484,-1.2131458325340752,1.4668551005934953,-2.167773550076604,552,18.4
0,0,731.8857904764669,333.32416902169786,-0.6476383780894275,-1.0239991214843867,1.2116144888433367,-2.1347420854155885,553,18.433333333333334
1,0,765.3250382886326,313.8915104945533,-0.589337758865242,-0.777546402099731,0.9756522953606693,-2.219363161353467,553,18.433333333333334
2,0,740.5021258917106,309.2875124435583,0.0878914178699631,-0.8055083487530277,0.8102892083978546,-1.4621132978020004,553,18.433333333333334
3,0,755.719279564661,336.22702285930495,-0.8526481719388571,-1.5389802546846398,1.7593945348954207,-2.0767317726123906,553,18.433333333333334
0,0,730.8787257311369,332.75011515371114,-1.0070647453300072,-0.5740538679867446,1.159188183444403,-2.6235039170503747,554,18.466666666666665
1,0,765.241464187481,312.892560590044,-0.08357410115165137,-0.9989499045092626,1.0024397947519696,-1.6542639043047973,554,18.466666666666665
2,0,740.486841780761,308.77243132814937,-0.015284110949713735,-0.5150811154089192,0.51530782984389,-1.6004608339512583,554,18.466666666666665
3,0,754.6253692959405,334.604620220359,-1.0939102687204478,-1.6224026389459858,1.9567396349210442,-2.1640328130028337,554,18.466666666666665
0,0,730.2892891828835,331.75247613831425,-0.5894365482533986,-0.9976390153968614,1.1587575455887655,-2.1044470008253997,555,18.5
1,0,765.073716401918,312.20031538071805,-0.16774778556309466,-0.6922452093259646,0.7122799656006552,-1.8085377886933387,555,18.5
2,0,740.0522620332323,308.36782705402715,-0.4345797475286485,-0.40460427412221933,0.5937711474971076,-2.391899095838286,555,18.5
3,0,753.6868972417554,333.23916298889105,-0.9384720541849805,-1.3654572314679152,1.6568654886423946,-2.1729445181761715,555,18.5
0,0,729.2802027190946,331.1775194268652,-1.0090864637888866,-0.5749567114490336,1.1613917131796005,-2.6236906204545187,556,18.533333333333335
1,0,764.9483669080201,311.1984880734661,-0.1253494938978355,-1.0018273072519899,1.0096387716288515,-1.6952703198354906,556,18.533333333333335
2,0,739.5871492424351,308.1843329346749,-0.46511279079718076,-0.18349411935225057,0.5,-2.765823376638311,556,18.533333333333335
3,0,752.8648280255277,332.15648520488395,-0.8220692162277919,-1.082677784007094,1.3594075842998257,-2.2202182129153654,556,18.533333333333335
0,0,728.703622461321,330.213852068601,-0.576580257773734,-0.9636673582641991,1.122986897091113,-2.1099787033889097,557,18.566666666666666
1,0,764.7510302724611,310.50657117717185,-0.1973366355591047,-0.6919168962942583,0.7195072891300451,-1.8486230380730149,557,18.566666666666666
2,0,739.4088063326028,307.6865134351754,-0.1783429098323312,-0.49781949949951065,0.528800952693361,-1.914800174850188,557,18.566666666666666
3,0,752.214051258282,331.32038444468793,-0.6507767672457573,-0.836100760196028,1.0595163434261947,-2.232194252396257,557,18.566666666666666
0,0,727.9040106347551,329.68612028045777,-0.7996118265658432,-0.5277317881432168,0.958060495689495,-2.5582301154827998,558,18.6
1,0,764.9080940605721,309.5432951549363,0.15706378811101013,-0.9632760222355851,0.9759967871616133,-1.40916696772221,558,18.6
2,0,739.6047280453367,306.97862492474195,0.19592171273398312,-0.7078885104334731,0.7345008241822052,-1.3007860813390892,558,18.6
3,0,752.0966020037847,330.3622563860348,-0.11744925449727034,-0.9581280586531591,0.9652998001452378,-1.6927698179413244,558,18.6
0,0,727.5068717001635,328.78761620563336,-0.397138934591612,-0.8985040748244211,0.9823588477967965,-1.9869776928929574,559,18.633333333333333
1,0,764.6554109189,308.7199056522122,-0.25268314167210365,-0.8233895027240622,0.8612891751795461,-1.8685545568360897,559,18.633333333333333
2,0,740.1692100190033,306.1400139646119,0.5644819736665685,-0.8386109601300434,1.01089477248858,-0.9783424755223294,559,18.633333333333333
3,0,752.5253212190279,329.4651600040579,0.4287192152431454,-0.897096381976894,0.9942746522338441,-1.1249873659979421,559,18.633333333333333
0,0,727.641283532874,327.7247037783228,0.1344118327104925,-1.0629124273105788,1.0713773233104478,-1.4450078245130802,560,18.666666666666668
1,0,764.9125721640406,307.94274165653786,0.25716124514070615,-0.7771639956743762,0.818605999351874,-1.2512400605574596,560,18.666666666666668
2,0,740.2088133233218,305.1019501038423,0.03960330431850573,-1.038063860769641,1.0388190413873424,-1.5326636952068364,560,18.666666666666668
3,0,753.0524932896865,328.93844612614487,0.5271720706585912,-0.5267138779130132,0.7452099712622149,-0.7849633984047755,560,18.666666666666668
0,0,728.3035701836708,326.6413999898594,0.6622866507968082,-1.083303788463407,1.2697128438835386,-1.0220670434668326,561,18.7
1,0,765.6133173288032,307.4226224127869,0.7007451647625567,-0.5201192437509462,0.8726785282440257,-0.6385144822736436,561,18.7
2,0,740.8122404376537,304.155182771144,0.6034271143319572,-0.9467673326983033,1.1227166448288066,-1.0033616424470309,561,18.7
3,0,753.7130510400514,328.865745270575,0.6605577503648878,-0.07270085556985639,0.6645464287525068,-0.10961861396776107,561,18.7
0,0,729.4560989731525,325.7260195340995,1.1525287894817167,-0.9153804557598898,1.4718165610467138,-0.6712167319714909,562,18.733333333333334
1,0,765.9387821561096,306.53148623005706,0.32546482730644927,-0.8911361827298431,0.9487102033729442,-1.2206233186821827,562,18.733333333333334
2,0,741.8998390704181,303.39347504313974,1.0875986327644132,-0.7617077280042501,1.3278062542752302,-0.6109657758961303,562,18.733333333333334
3,0,754.5686558238727,328.46510220922573,0.8556047838214044,-0.4006430613492921,0.9447615618267948,-0.4379324209555589,562,18.733333333333334
0,0,730.9297484663555,324.75519691115863,1.4736494932030084,-0.9708226229409102,1.7646924361007932,-0.5825282999623165,563,18.766666666666666
1,0,766.685913528666,305.9766495885327,0.7471313725564297,-0.554836641524344,0.9306175297274751,-0.6387628283789973,563,18.766666666666666
2,0,742.541471912963,302.432511260537,0.6416328425447819,-0.9609637826027266,1.1554843556302428,-0.9820806051622888,563,18.766666666666666
3,0,755.7175469105566,327.987924931221,1.1488910866838682,-0.47717727800469945,1.2440453704369523,-0.3936578379251634,563,18.766666666666666
0,0,732.0343277495332,323.74038454961243,1.1045792831777121,-1.0148123615462237,1.4999798405220024,-0.7430684220070293,564,18.8
1,0,767.3678360814603,305.74744306403244,0.6819225527943136,-0.22920652450030665,0.719412259336066,-0.32425476250620333,564,18.8
2,0,743.6700913612168,301.73644677131676,1.1286194482538743,-0.696064489220242,1.3260043861655646,-0.552637305095228,564,18.8
3,0,757.1819937904049,327.8831008479738,1.46444687984828,-0.10482408324718254,1.4681937039525728,-0.07145742710547139,564,18.8
0,0,733.112035095594,323.1130807534781,1.077707346060805,-0.6273037961343484,1.246981626327344,-0.5271331977545883,565,18.833333333333332
1,0,768.1041212777171,305.0950599638678,0.7362851962568839,-0.6523831001646254,0.9837274010656843,-0.7250524167847766,565,18.833333333333332
2,0,744.3796588280806,300.8666131109351,0.7095674668637502,-0.86983366038171,1.1225402383720964,-0.8865247817226752,565,18.833333333333332
3,0,758.4187694717062,327.2641809351941,1.2367756813012665,-0.618919912779757,1.3829952799245244,-0.4639917170365757,565,18.833333333333332
0,0,734.0906111837579,322.87655632112615,0.9785760881639345,-0.2365244323519502,1.00675467092318,-0.237154274878351,566,18.866666666666667
1,0,768.9723257546505,304.9552371140469,0.8682044769332822,-0.1398228498209355,0.8793915186644922,-0.15967722219760608,566,18.866666666666667
2,0,744.6447018932024,299.989200708252,0.2650430651218383,-0.8774124026831038,0.9165698831793003,-1.2774382950077727,566,18.866666666666667
3,0,759.5814263574147,327.0894748501807,1.162656885708399,-0.17470608501337132,1.1757096793111181,-0.1491486420111128,566,18.866666666666667
0,0,735.2784900526408,322.3625404016181,1.1878788688828275,-0.5140159195080369,1.2943216650609068,-0.4083891983189943,567,18.9
1,0,769.6454582202574,304.32476510636957,0.673132465606959,-0.6304720076773132,0.9222810139641637,-0.7526848367293747,567,18.9
2,0,745.4256655065303,299.2460473293176,0.7809636133279652,-0.7431533789343542,1.0780450407862463,-0.7605952900819215,567,18.9
3,0,760.5453550798335,327.3507356725195,0.9639287224187727,0.26126082233880216,0.9987070637544497,0.2646785785933466,567,18.9
0,0,736.7491944124541,321.74726435462713,1.4707043598132858,-0.6152760469909964,1.5942195356896973,-0.3962285616781932,568,18.933333333333334
1,0,770.5722802446463,304.16771755913055,0.9268220243889667,-0.15704754723900638,0.9400335084379973,-0.1678529929557437,568,18.933333333333334
2,0,746.6302486198431,298.7385354096927,1.2045831133128206,-0.5075119196249067,1.3071299956162605,-0.3987473882208312,568,18.933333333333334
3,0,761.6959665789834,327.0949148188775,1.1506114991499352,-0.2558208536419851,1.17870739843872,-0.2187761207070872,568,18.933333333333334
0,0,738.5438618369775,321.1640124846892,1.7946674245233352,-0.5832518699379409,1.8870648924802045,-0.3142243177679129,569,18.966666666666665
1,0,771.250174889135,303.5337020221206,0.6778946444886225,-0.6340155370099159,0.9281793200650011,-0.7519638957256175,569,18.966666666666665
2,0,747.5464861127642,297.7058713612082,0.9162374929211405,-1.0326640484844898,1.3805383661698047,-0.8450668265977871,569,18.966666666666665
3,0,762.898681364649,326.36154501802275,1.2027147856655411,-0.7333698008547438,1.408671047641796,-0.5475665554170457,569,18.966666666666665
0,0,739.9942912760974,320.43643547563886,1.4504294391199777,-0.7275770090503295,1.6226872347943446,-0.46494970622873927,570,19.0
1,0,772.1601788102379,303.38257154386775,0.9100039211029255,-0.1511304782528618,0.9224681880041382,-0.16457463306846362,570,19.0
2,0,748.7601866255895,297.16884932402235,1.2137005128253453,-0.5370220371858635,1.3272006642764165,-0.41657158320799853,570,19.0
3,0,764.0893582703069,326.09983824265095,1.1906769056579076,-0.26170677537181836,1.2190988187766425,-0.21635631867122543,570,19.0
0,0,741.1965133284078,319.8821045669176,1.2022220523103915,-0.5543309087212809,1.3238657860316396,-0.43203686828537113,571,19.033333333333335
1,0,772.832543722617,302.7521900745829,0.6723649123791168,-0.6303814692848059,0.921659032514871,-0.7531824393949534,571,19.033333333333335
2,0,749.5779686141473,296.3761847600741,0.8177819885577564,-0.792664563948226,1.138896172505953,-0.7698028688867828,571,19.033333333333335
3,0,765.1058613421054,326.27326025703474,1.016503071798539,0.1734220143837847,1.0311904237573173,0.1689795463033306,571,19.033333333333335
0,0,742.1317121910539,319.46504815709153,0.9351988626460835,-0.4170564098260422,1.0239789849755296,-0.4194848364410613,572,19.066666666666666
1,0,773.7555780538271,302.59624703176536,0.9230343312101181,-0.15594304281758414,0.9361146346445594,-0.16736567330746357,572,19.066666666666666
2,0,749.9903998434997,295.57365213984025,0.41243122935251114,-0.802532620233851,0.902307112619996,-1.096081076759518,572,19.066666666666666
3,0,766.2599505640486,325.9128037321881,1.1540892219431753,-0.3604565248466541,1.209070237211193,-0.3027298576649765,572,19.066666666666666
0,0,742.6553842492145,318.76986499288694,0.523672058160586,-0.6951831642046078,0.8703516854074995,-0.9251952055816216,573,19.1
1,0,774.4367581070566,301.95956323988423,0.6811800532295148,-0.6366837918811169,0.932401477777616,-0.7516470559160866,573,19.1
2,0,750.8644581639558,294.8332310228863,0.8740583204560239,-0.740421116953965,1.1455135869948303,-0.7028122592089427,573,19.1
3,0,767.131549688099,325.11567905096626,0.8715991240504103,-0.7971246812218109,1.181140461781924,-0.740798178935859,573,19.1
0,0,743.563704284038,318.06898995251123,0.908320034823464,-0.7008750403756915,1.1472885896248275,-0.6571929578603127,574,19.133333333333333
1,0,775.3089444740272,301.81677588632624,0.8721863669705494,-0.14278735355798616,0.8837970847798601,-0.16227247305688408,574,19.133333333333333
2,0,751.8027292982011,293.7508198490076,0.9382711342454284,-1.0824111738786957,1.432468732885873,-0.8566099053615079,574,19.133333333333333
3,0,768.0822218274724,324.7915728645998,0.9506721393734447,-0.324106186366484,1.0044014817899805,-0.3285658091202086,574,19.133333333333333
0,0,744.8289214624666,317.4003939265636,1.2652171784286688,-0.6685960259476639,1.4310119337392022,-0.48614277906793835,575,19.166666666666668
1,0,776.005938220245,301.17343000070457,0.6969937462178278,-0.6433458856216436,0.948522119306165,-0.7453939450327283,575,19.166666666666668
2,0,752.9597201209965,293.1515160001643,1.1569908227953443,-0.5993038488433029,1.3029938093755642,-0.4779318404776122,575,19.166666666666668
3,0,768.9748495911035,325.003850577463,0.8926277636310884,0.21227771286323044,0.9175217445834635,0.23347524717458856,575,19.166666666666668
0,0,746.4285214441371,316.76575813416616,1.5995999816705473,-0.6346357923974522,1.7208958975929827,-0.37769854602739233,576,19.2
1,0,776.9269446542207,301.0211881623084,0.9210064339757732,-0.15224183839617023,0.9335043806983532,-0.16381809869157932,576,19.2
2,0,753.7058645073475,292.14490325752683,0.7461443863509861,-1.0066127426374665,1.2529966715531258,-0.9329234641844406,576,19.2
3,0,770.0640639233658,324.7321117952486,1.089214332262249,-0.27173878221443315,1.1225995846092587,-0.2444905662675143,576,19.2
0,0,747.6680719499809,315.9805119116077,1.239550505843787,-0.7852462225584573,1.467343547564753,-0.5646831434031891,577,19.233333333333334
1,0,777.6164824852441,300.3824201812585,0.6895378310234099,-0.6387679810499368,0.9399398672399639,-0.7471952524314955,577,19.233333333333334
2,0,754.9120568035357,291.5060973251152,1.2061922961882137,-0.6388059324116019,1.3649076432740976,-0.48705045091205823,577,19.233333333333334
3,0,771.4681791088091,324.61026875948585,1.4041151854432712,-0.12184303576276395,1.409391776390184,-0.08655884122413932,577,19.233333333333334
0,0,749.2636495651188,315.265511530232,1.5955776151379326,-0.7150003813757128,1.748454595148718,-0.4212842712280843,578,19.266666666666666
1,0,778.5466836374029,300.22713566765924,0.9302011521587673,-0.15528451359928674,0.9430734137071541,-0.1654111949171178,578,19.266666666666666
2,0,755.6948086065413,290.5352628403685,0.7827518030055293,-0.9708344847467365,1.247084592913355,-0.8922457108689402,578,19.266666666666666
3,0,772.5650845032898,324.32569843053705,1.0969053944807032,-0.2845703289488016,1.1332174180442587,-0.25383421541492246,578,19.266666666666666
0,0,750.9369467265822,314.38743941186806,1.6732971614632937,-0.8780721183639661,1.8896915186371819,-0.4832554191896167,579,19.3
1,0,779.2433833377686,299.5836424872132,0.6966997003656402,-0.6434931804460413,0.9484060026012775,-0.7457183580309049,579,19.3
2,0,756.8761510746502,290.01483893772985,1.181342468108888,-0.5204239026386531,1.2908954509933193,-0.4149558596335274,579,19.3
3,0,773.8652797121051,324.54270377802663,1.3001952088153614,0.21700534748956968,1.318180147728485,0.16537776641845783,579,19.3
0,0,752.7831156757857,313.9842096428701,1.8461689492034925,-0.40322976899798835,1.8896915186371819,-0.21503734378363792,580,19.333333333333332
1,0,780.1131492520817,299.44086520670504,0.8697659143131625,-0.1427772805081664,0.8814068853431537,-0.16270486204273138,580,19.333333333333332
2,0,757.6628200044755,289.09309396623144,0.7866689298253031,-0.9217449714983994,1.2118010553036636,-0.8642991987789219,580,19.333333333333332
3,0,775.0718507069632,324.19477066964566,1.2065709948581427,-0.34793310838094277,1.2557352481875284,-0.2807488013452154,580,19.333333333333332
0,0,754.2995549681397,313.3747452086047,1.5164392923540082,-0.6094644342654174,1.6343301453591286,-0.38214748243814906,581,19.366666666666667
1,0,780.9088177742244,299.8168065230655,0.7956685221427596,0.37594131636047123,0.8800115172403637,0.44139419420352255,581,19.366666666666667
2,0,758.7480325148402,288.66735104774614,1.085212510364758,-0.4257429184852779,1.165737202500007,-0.37386209308170365,581,19.366666666666667
3,0,776.333737535464,324.44504388488656,1.2618868285008318,0.25027321524088847,1.286466109235257,0.19579171646149018,581,19.366666666666667
0,0,755.4643029782717,312.6568140281785,1.1647480101320165,-0.7179311804262071,1.368233571775908,-0.5523790014976956,582,19.4
1,0,781.7447937385755,299.92265893091184,0.8359759643510607,0.10585240784635333,0.8426509035297812,0.12595108399136468,582,19.4
2,0,759.5073227725329,287.73654019688195,0.7592902576926581,-0.930810850864193,1.2012204358540968,-0.8865372952256004,582,19.4
3,0,777.5198949286103,324.12601227758876,1.1861573931462823,-0.3190316072977967,1.228312064489558,-0.26274437992481064,582,19.4
0,0,756.2021209245939,311.73516712610063,0.7378179463222458,-0.9216469020778459,1.1805966008865463,-0.8957243942777182,583,19.433333333333334
1,0,782.4093976180119,299.56154908799937,0.6646038794364455,-0.3611098429124626,0.7563720216997961,-0.49772020482703117,583,19.433333333333334
2,0,760.4872600962698,287.0754120395543,0.9799373237369036,-0.6611281573276343,1.1821030407134896,-0.5935186076312131,583,19.433333333333334
3,0,778.5844918178282,324.30010262436815,1.0645968892178639,0.17409034677941004,1.0787372179424086,0.1620923303330738,583,19.433333333333334
0,0,757.4034181259638,311.051198624122,1.201297201369809,-0.6839685019786449,1.3823631497250812,-0.5175840372010279,584,19.466666666666665
1,0,782.8579813871986,299.34070388877103,0.44858376918676657,-0.22084519922831403,0.49999999999999994,-0.4574819517172858,584,19.466666666666665
2,0,761.0207265559488,286.02087123538854,0.5334664596790918,-1.054540804165728,1.1817964170080415,-1.102459295298694,584,19.466666666666665
3,0,779.6406777720136,323.8932161396502,1.0561859541855236,-0.4068864847179825,1.1318504235387916,-0.3677190042225339,584,19.466666666666665
0,0,758.8304010997286,310.1624202362152,1.4269829737649098,-0.8887783879067583,1.6811327818542714,-0.5570426869785947,585,19.5
1,0,783.1007082597473,298.7425793164233,0.2427268725486646,-0.5981245723477184,0.6454992941153358,-1.1852886004434389,585,19.5
2,0,762.0648505740944,285.2658322851178,1.0441240181455156,-0.7550389502707231,1.2885180564098635,-0.6260823496778106,585,19.5
3,0,780.782225703028,324.0731258704232,1.1415479310142813,0.17990973077301214,1.1556380012918424,0.15631581516333803,585,19.5
0,0,760.6055350598692,309.5144746681581,1.7751339601405882,-0.6479455680571415,1.889691518637182,-0.3499856289619865,586,19.533333333333335
1,0,783.6953375247531,298.44634550220786,0.5946292650058237,-0.2962338142154269,0.6643330757127679,-0.4621924449552872,586,19.533333333333335
2,0,762.6661170139968,284.33951819009263,0.6012664399023113,-0.9263140950251955,1.1043455683775556,-0.9950571232409775,586,19.533333333333335
3,0,781.8420918544139,323.67069697014097,1.0598661513859466,-0.4024289002822606,1.133695408227469,-0.3628829597266347,586,19.533333333333335
0,0,762.1263767614483,308.39288002019146,1.5208417015790878,-1.1215946479666017,1.8896915186371823,-0.6354418741057033,587,19.566666666666666
1,0,784.3993761018268,297.8075677720695,0.7040385770736843,-0.6387777301383976,0.9506352121232947,-0.7368363920302311,587,19.566666666666666
2,0,763.725387550123,283.53426822205415,1.0592705361262122,-0.8052499680384814,1.3305944460018944,-0.6499927287215431,587,19.566666666666666
3,0,782.9293887150933,323.8516310861799,1.087296860679382,0.18093411603891402,1.1022484373270949,0.16489629318363833,587,19.566666666666666
0,0,763.5204756879696,307.58941331143825,1.394098926521186,-0.8034667087531981,1.609058907871996,-0.522836291081337,588,19.6
1,0,785.3134302267522,297.66480773799606,0.9140541249253779,-0.142760034073456,0.9251353255722929,-0.15493167835724875,588,19.6
2,0,764.3650455338783,282.62756506385585,0.6396579837553176,-0.9067031581983125,1.109627393888918,-0.9564041507557899,588,19.6
3,0,783.9259689554837,323.46232040766563,0.9965802403903911,-0.3893106785142789,1.06992288504444,-0.3724171834749641,588,19.6
0,0,764.7685938764547,307.11108520673594,1.248118188485099,-0.4783281047023209,1.3366363709608682,-0.36597464176966826,589,19.633333333333333
1,0,786.0038944051055,297.0337810640911,0.6904641783532739,-0.6310266739049679,0.9353798398344003,-0.7404508430896009,589,19.633333333333333
2,0,765.1947764506784,281.9315085686061,0.8297309168001465,-0.6960564952497441,1.0830272567545882,-0.6980111660562919,589,19.633333333333333
3,0,784.6474329549287,322.5632213987415,0.7214639994450803,-0.8990990089241121,1.152774622527583,-0.8945754449924099,589,19.633333333333333
0,0,765.717508176419,306.68866609627906,0.9489142999643045,-0.42241911045686376,1.0386896810674082,-0.41882206664929195,590,19.666666666666668
1,0,786.8895822309009,296.89779630961476,0.8856878257954358,-0.13598475447635627,0.8960662800330349,-0.15234609827460444,590,19.666666666666668
2,0,765.6029933857936,280.833248635676,0.40821693511515095,-1.0982599329300626,1.1716722862619706,-1.2149269669776677,590,19.666666666666668
3,0,785.6530367634629,322.1545543586148,1.0056038085341128,-0.4086670401267175,1.0854712199889247,-0.38600258228300927,590,19.666666666666668
0,0,766.3760777051482,306.3511944252498,0.6585695287292554,-0.3374716710292612,0.7400006438632033,-0.47354315638996974,591,19.7
1,0,787.5643554203835,296.2748802501207,0.6747731894826586,-0.6229160594940738,0.9183372334933526,-0.7454582833103097,591,19.7
2,0,766.4434568397908,280.1074578001152,0.8404634539971021,-0.7257908355607946,1.1104733920669938,-0.7123140034866924,591,19.7
3,0,786.7071877924442,322.3192019518059,1.0541510289813625,0.164647593191067,1.0669316856509963,0.15493793423146354,591,19.7
0,0,766.8300542876233,306.1416585988041,0.4539765824750572,-0.2095358264456644,0.5,-0.4324226170667164,592,19.733333333333334
1,0,788.4720255179074,296.1325058108178,0.9076700975238591,-0.14237443930290916,0.9187684620761585,-0.1555892539776158,592,19.733333333333334
2,0,767.5719958864171,279.8948384642078,1.1285390466263319,-0.21261933590736504,1.1483933828449024,-0.1862194493962797,592,19.733333333333334
3,0,787.6497428200418,321.92971067919177,0.942555027597568,-0.3894912726141102,1.019859515566733,-0.39185859496315284,592,19.733333333333334
0,0,767.3092823012483,306.28427876202426,0.47922801362509676,0.14262016322015622,0.4999999999999999,0.28925716213502084,593,19.766666666666666
1,0,789.1376911631271,295.5158372845893,0.6656656452197607,-0.6166685262285356,0.9074088507760515,-0.7472074199376589,593,19.766666666666666
2,0,768.8582495259474,280.2090126875514,1.286253639530298,0.3141742233436275,1.3240671689225245,0.23956458815213302,593,19.766666666666666
3,0,788.2804922265512,321.0687046775386,0.6307494065094547,-0.861006001653136,1.0673219517534291,-0.9385423668595334,593,19.766666666666666
0,0,767.5561358687794,306.71909287885717,0.24685356753101995,0.4348141168329384,0.5,1.0544488105821324,594,19.8
1,0,790.0404148983567,295.375263285698,0.9027237352296577,-0.14057399889128702,0.9136034102997168,-0.15448134161771696,594,19.8
2,0,770.3219376969081,280.85649642491785,1.4636881709606904,0.6474837373664454,1.6005056238464992,0.4164861581259939,594,19.8
3,0,789.0344191078548,320.64003612079534,0.7539268813035728,-0.4286685567432598,0.8672730100103893,-0.5169969071740647,594,19.8
0,0,768.1783316827896,306.94697349756314,0.6221958140101875,0.2278806187059843,0.6626139202836159,0.35107944412897757,595,19.833333333333332
1,0,790.9188626893675,295.7716276287622,0.8784477910107568,0.39636434306421586,0.9637298449173428,0.42385962724828297,595,19.833333333333332
2,0,771.7238967961291,282.00201764067333,1.4019590992210247,1.1455212157554686,1.8104441918033578,0.6850727793779539,595,19.833333333333332
3,0,789.8609599949277,320.7208381506295,0.8265408870729621,0.08080202983417784,0.8304810690369062,0.09744961458850546,595,19.833333333333332
0,0,769.1244748851946,307.06216856490977,0.9461432024050127,0.11519506734661579,0.9531300346742853,0.12115594588719361,596,19.866666666666667
1,0,791.8024502923338,295.63482287316657,0.8835876029662121,-0.13680475559561114,0.8941155368682234,-0.1536090541603669,596,19.866666666666667
2,0,772.9050368797745,282.9437898090559,1.1811400836453652,0.9417721683825379,1.510637850159239,0.6731178861707369,596,19.866666666666667
3,0,790.8747606837,321.1547666055312,1.0138006887722737,0.4339284549017461,1.1027627761801508,0.4044270684478372,596,19.866666666666667
0,0,769.9306686802624,307.7080289891072,0.8061937950678784,0.6458604241974646,1.0329976392763331,0.6754253478695554,597,19.9
1,0,792.6544373969581,296.02909084600446,0.851987104624348,0.3942679728378781,0.9387913830302606,0.4334166715181675,597,19.9
2,0,773.9515822380657,283.5820606634077,1.0465453582913082,0.6382708543517912,1.22582497546593,0.5476551784176156,597,19.9
3,0,792.0673440338353,321.87462826785674,1.1925833501353984,0.719861662325489,1.3930024622757085,0.5430736345872823,597,19.9
0,0,770.4670298442193,308.813317799573,0.5363611639567799,1.1052888104657645,1.2285547007528386,1.1190037169207563,598,19.933333333333334
1,0,793.2395698275719,296.89794912088115,0.5851324306137946,0.86885827487671,1.0475183354852264,0.9781123985415621,598,19.933333333333334
2,0,774.6652554424995,284.198463599598,0.7136732044338077,0.6164029361903672,0.9430175091009315,0.7123967668409137,598,19.933333333333334
3,0,792.9900892289288,322.46125868451577,0.9227451950935496,0.5866304166590264,1.093432183913468,0.5662885951054544,598,19.933333333333334
0,0,771.3227503166601,310.06288266545715,0.8557204724407801,1.249564865884193,1.5144866724426638,0.9703346615918385,599,19.966666666666665
1,0,794.3057605750994,297.4783703025116,1.0661907475274264,0.5804211816304876,1.2139404673205452,0.49852417269543187,599,19.966666666666665
2,0,775.0329924312007,284.76178329679755,0.3677369887011015,0.5633196971995069,0.6727254819849611,0.9924529053406455,599,19.966666666666665
3,0,794.2848089050659,322.7462799121928,1.2947196761371182,0.285021227677011,1.3257209887465442,0.21668504465881755,599,19.966666666666665
0,0,772.6002723625812,310.8882248797228,1.2775220459211656,0.8253422142657016,1.52093798310898,0.5735929064217934,600,20.0
1,0,794.9394165623085,298.3958167962111,0.6336559872090666,0.9174464936994784,1.1150013358410669,0.9663572175928515,600,20.0
2,0,775.0528426456193,285.26138911040215,0.019850214418622548,0.4996058136046204,0.5,1.5310854617539043,600,20.0
3,0,795.2746662757128,323.50611377664836,0.9898573706468423,0.7598338644555842,1.2478642216993752,0.6546825816470575,600,20.0
0,0,774.1209402099018,311.16454931439466,1.5206678473205786,0.27632443467183593,1.5455697638965742,0.1797512478401259,601,20.033333333333335
1,0,795.8772752082683,298.8424040590467,0.937858645959898,0.4465872628356352,1.03875840460078,0.44440869953076684,601,20.033333333333335
2,0,774.6893659238282,285.6047324847608,-0.3634767217911051,0.34334337435866097,0.5,2.384671191764388,601,20.033333333333335
3,0,795.7901330792228,324.50735066905236,0.5154668035099825,1.0012368924039794,1.1261355780862163,1.0953552156220998,601,20.033333333333335
0,0,775.4019470064289,311.9801807356623,1.281006796527085,0.8156314212676251,1.5186286669583289,0.566976588017322,602,20.066666666666666
1,0,796.430772000974,299.43049263698373,0.5534967927056358,0.5880885779369888,0.8075932608902672,0.8156904260307273,602,20.066666666666666
2,0,774.6680073752233,286.20928661473016,-0.021358548604851424,0.6045541299693563,0.6049313049111537,1.606111061807568,602,20.066666666666666
3,0,796.7730837336661,325.1436625085541,0.9829506544433928,0.6363118395017202,1.1709332799783074,0.5745091387395758,602,20.066666666666666
0,0,776.2904169057368,312.8964095584787,0.8884698993079221,0.9162288228163866,1.2762656532774557,0.8007784228947855,603,20.1
1,0,797.1447381457957,299.55651548013685,0.7139661448217125,0.1260228431530977,0.7250030434060045,0.17471134242333397,603,20.1
2,0,775.0681792710739,286.9406433178302,0.4001718958505889,0.7313567031000605,0.8336786991389696,1.070133246038934,603,20.1
3,0,798.0159040134523,325.23934292756906,1.242820279786163,0.09568041901497354,1.2464978902632116,0.07683496939583703,603,20.1
0,0,776.9307353881175,313.63618784087294,0.6403184823806337,0.739778282394266,0.9784066976367488,0.8573410512619676,604,20.133333333333333
1,0,797.841907039978,299.19450689542975,0.6971688941822266,-0.3620085847071125,0.7855537425389273,-0.478932853801558,604,20.133333333333333
2,0,775.9174665203209,287.6154278796717,0.8492872492470667,0.6747845618414962,1.0847225620559706,0.671396927811638,604,20.133333333333333
3,0,799.09897265217,325.91402989208416,1.0830686387176414,0.6746869645151035,1.2760251471896191,0.5571167195458827,604,20.133333333333333
0,0,777.9742778822672,313.99676809865974,1.0435424941497096,0.3605802577868312,1.1040829042249565,0.33269139719470203,605,20.166666666666668
1,0,798.6833164549115,299.31592731093133,0.8414094149335102,0.12142041550157737,0.8501251206965523,0.1433166322770579,605,20.166666666666668
2,0,777.0257500219641,288.4449137939608,1.1082835016432135,0.8294859142890645,1.3843190391013582,0.6425032392668913,605,20.166666666666668
3,0,800.3531376170287,326.0229435148924,1.2541649648586344,0.10891362280823286,1.2588851958427636,0.08662422333352292,605,20.166666666666668
0,0,779.3183225705847,314.002641125838,1.3440446883175123,0.005873027178294188,1.3440575198416012,0.0043696387850325575,606,20.2
1,0,799.7677998859941,299.6711049884513,1.0844834310826292,0.35517767751999874,1.141164096395103,0.31649918892520645,606,20.2
2,0,778.5066146066061,289.19303942340645,1.480864584642043,0.7481256294456818,1.6591117730522402,0.46779509909367156,606,20.2
3,0,801.4041143639936,326.6872715352665,1.0509767469648874,0.6643280203741049,1.2433357717507665,0.5636924689730923,606,20.2
0,0,780.4167731459737,314.4458888176725,1.0984505753890752,0.44324769183449086,1.1845092582538956,0.38353788868284683,607,20.233333333333334
1,0,800.6012930864684,299.83432001591495,0.8334932004742892,0.16321502746364278,0.8493232955870404,0.19337356674641898,607,20.233333333333334
2,0,779.6909529683538,289.8652035768706,1.1843383617476375,0.6721641534641871,1.3617863284338352,0.5162128592488625,607,20.233333333333334
3,0,802.660753705285,326.7889000174481,1.2566393412913486,0.10162848218159642,1.2607421554273852,0.08069760190550294,607,20.233333333333334
0,0,781.1218101501119,315.2653225541042,0.7050370041381715,0.8194337364317325,1.080994368906054,0.8602980794236202,608,20.266666666666666
1,0,801.569023830854,300.3899453595329,0.967730744385609,0.5556253436179298,1.1158952980005192,0.5211973744869685,608,20.266666666666666
2,0,780.5622569993933,290.4862439755023,0.87130403103943,0.6210403986316668,1.0699821920191661,0.6192458972954286,608,20.266666666666666
3,0,803.7274919340502,327.45427197034627,1.0667382287652758,0.6653719528981785,1.257239151638547,0.5576958730117746,608,20.266666666666666
0,0,781.8815451995928,316.409548659887,0.7597350494809757,1.144226105782764,1.3734812436158892,0.9846610041924599,609,20.3
1,0,802.1137546016951,301.3485003579722,0.5447307708410362,0.95855499843937,1.1025240576668476,1.054024496933984,609,20.3
2,0,781.0639792874757,291.122682472393,0.5017222880824075,0.6364384968907224,0.8104191598692422,0.9032130890446489,609,20.3
3,0,804.5921712634864,327.8800057243205,0.8646793294361248,0.42573375397422714,0.9638047374998187,0.45751717306287065,609,20.3
0,0,783.0672559593205,317.13239184166747,1.1857107597276952,0.7228431817804621,1.3886728452664905,0.547469283706937,610,20.333333333333332
1,0,803.00251443729,301.8639921865405,0.888759835594921,0.5154918285682725,1.0274365531201293,0.5255931591328733,610,20.333333333333332
2,0,781.2042621499515,291.6646924387055,0.1402828624758142,0.5420099663125078,0.5598697036690715,1.3175341398749238,610,20.333333333333332
3,0,805.7786293876342,328.2997307396536,1.1864581241477643,0.41972501533312867,1.2585118071963517,0.34002323909494997,610,20.333333333333332
0,0,784.5354406235854,317.33278363452735,1.4681846642648393,0.2003917928598764,1.4817972462614628,0.13565127924778692,611,20.366666666666667
1,0,803.9974617249319,301.8319066110107,0.9949472876419296,-0.032085575529776034,0.9954645093337631,-0.03223734585507028,611,20.366666666666667
2,0,780.9789659255473,292.1110573244987,-0.22529622440429167,0.44636488579319394,0.5,2.0382251921189964,611,20.366666666666667
3,0,806.9300396382047,328.17190966963466,1.1514102505704669,-0.12782107001897072,1.158483401287882,-0.11055993133069388,611,20.366666666666667
0,0,785.7084714837932,317.47766687651324,1.17303086020791,0.14488324198591226,1.1819443949731552,0.12288949726191004,612,20.4
1,0,804.792058765491,302.30227298033964,0.7945970405590577,0.47036636932894293,0.9233791086335581,0.5344836906068523,612,20.4
2,0,781.170679690905,292.6611729996852,0.1917137653577164,0.5501156751865599,0.5825645233908414,1.2354609431035943,612,20.4
3,0,808.0429241084778,328.64458003548515,1.112884470273092,0.47267036585047834,1.209102608932859,0.40163808454493244,612,20.4
0,0,786.5748589429151,317.66704146188755,0.8663874591218433,0.18937458537429439,0.8868426934407757,0.2151950326253789,613,20.433333333333334
1,0,805.6305666052771,302.2552795609537,0.8385078397861072,-0.04699341938596893,0.8398236593763894,-0.05598553583061784,613,20.433333333333334
2,0,781.791247870804,293.20732350199273,0.6205681798990408,0.5461505023075394,0.8266711783254487,0.721700714363757,613,20.433333333333334
3,0,809.2930216353574,328.5315453515018,1.250097526879533,-0.11303468398334526,1.2551974611564265,-0.09017547069234279,613,20.433333333333334
0,0,787.2073779918217,318.3308554508937,0.6325190489065778,0.6638139890061443,0.9169129507373812,0.8095346019578936,614,20.466666666666665
1,0,806.2335276812399,301.76472510911384,0.6029610759629023,-0.4905544518398558,0.777306715104303,-0.6829641373495209,614,20.466666666666665
2,0,782.7856697387581,293.6910812288405,0.9944218679540575,0.48375772684781193,1.1058464584878858,0.45276621436190445,614,20.466666666666665
3,0,810.4570390188015,329.0086187084124,1.1640173834441547,0.47707335691064445,1.2579886552883406,0.388969422825645,614,20.466666666666665
0,0,788.2147890329111,318.6095001905363,1.007411041089449,0.2786447396426229,1.0452367658284092,0.26984835604835344,615,20.5
1,0,807.0651587041214,301.7209050381572,0.8316310228813694,-0.04382007095663232,0.8327847001700722,-0.05264303868375936,615,20.5
2,0,784.0203040976062,294.3613563958379,1.2346343588481035,0.6702751669973703,1.404845471766066,0.4973709218742776,615,20.5
3,0,811.6433635030921,328.91761464403436,1.1863244842906173,-0.09100406437806435,1.1898098679035765,-0.0765609971530483,615,20.5
0,0,789.1232486377398,319.42943007891137,0.9084596048286975,0.8199298883750245,1.2237580951545093,0.7342219576046021,616,20.533333333333335
1,0,807.9059540394403,302.1926772961065,0.8407953353189627,0.47177225794932354,0.9641088420218591,0.5113271275158209,616,20.533333333333335
2,0,785.4090918898121,295.33193725217353,1.388787792205869,0.9705808563356058,1.694331352028053,0.609966559029185,616,20.533333333333335
3,0,812.7489557753121,329.4211930167694,1.1055922722199187,0.5035783727350345,1.2148767220911214,0.42740414144814365,616,20.533333333333335
0,0,789.9561333758903,320.65932795090845,0.832884738150444,1.2298978719970797,1.4853773132059338,0.9755379943073781,617,20.566666666666666
1,0,808.5690613493931,303.1563895171272,0.6631073099528587,0.9637122210206477,1.169808766191067,0.9681179137672954,617,20.566666666666666
2,0,786.4562501293404,296.28230401251915,1.0471582395283483,0.9503667603456291,1.4141207012776371,0.7369803304735565,617,20.566666666666666
3,0,813.6111119771555,329.7375254553274,0.862156201843397,0.3163324385580082,0.9183569720218213,0.3516579504676049,617,20.566666666666666
0,0,791.0009091433602,321.44904773227444,1.044775767469943,0.7897197813659758,1.3096616881367236,0.6472504557887508,618,20.6
1,0,809.6011147466584,303.66143506534564,1.032053397265296,0.505045548218441,1.1490018366313017,0.45509935535597223,618,20.6
2,0,787.1825535731369,297.1474697185008,0.7263034437964678,0.8651657059816629,1.1296142665872089,0.8724318730850499,618,20.6
3,0,814.770240862877,330.11098494849495,1.159128885721571,0.3734594931675561,1.2178061285570452,0.3116880650570368,618,20.6
0,0,791.6455043891748,322.6824282193571,0.6445952458145262,1.233380487082694,1.391664635191623,1.0892131244228103,619,20.633333333333333
1,0,810.2270445959612,304.5858281749692,0.6259298493028146,0.9243931096235544,1.1163739505057204,0.9755881218844621,619,20.633333333333333
2,0,787.5037797028859,297.9815481309565,0.32122612974903414,0.8340784124557125,0.8937969705465469,1.2031768702564987,619,20.633333333333333
3,0,815.5603933033177,330.8527640126342,0.7901524404407262,0.7417790641392994,1.0837790637993567,0.7538319293711402,619,20.633333333333333
0,0,792.7001654698506,323.5076456725932,1.0546610806758048,0.8252174532360441,1.3391392161450724,0.6639464973652799,620,20.666666666666668
1,0,811.2483526458939,305.0748334702659,1.021308049932691,0.48900529529667813,1.1323410756859027,0.44654661647226335,620,20.666666666666668
2,0,787.4327441752342,298.6564050470201,-0.07103552765170862,0.6748569160635873,0.6785852218753459,1.675670272182823,620,20.666666666666668
3,0,816.6852447843196,331.1173271748071,1.124851481001893,0.2645631621728642,1.155545118587352,0.2309998792382144,620,20.666666666666668
0,0,794.0778400648821,323.82899397728613,1.377674595031558,0.32134830469295644,1.4146561499970247,0.22915682889973296,621,20.7
1,0,811.8615991302786,305.97365123333805,0.6132464843847183,0.8988177630721554,1.088092193623431,0.9720614043010404,621,20.7
2,0,787.8294876351646,299.4007990073957,0.39674345993037813,0.7443939603755779,0.8435210378177683,1.0811179282823231,621,20.7
3,0,817.5750675148586,331.93522432460423,0.8898227305389572,0.8178971497971568,1.2086108717987434,0.7433051382139808,621,20.7
0,0,795.1761882870904,324.0299170777851,1.0983482222083065,0.20092310049899098,1.1165746323207755,0.18093152001372395,622,20.733333333333334
1,0,812.7610475754709,306.4028808557807,0.8994484451923649,0.4292296224426576,0.9966170650461635,0.4452534212736322,622,20.733333333333334
2,0,788.6628348865025,300.1205648253153,0.833347251338009,0.7197658179195902,1.1011496147018676,0.7123966562149951,622,20.733333333333334
3,0,818.7662753301154,332.235064738584,1.191207815256838,0.29984041397980427,1.2283649022112888,0.24658860630598908,622,20.733333333333334
0,0,795.9413727383645,324.5500665206696,0.7651844512740396,0.520149442884482,0.9252365575379033,0.597019373106521,623,20.766666666666666
1,0,813.6932869663349,306.2884994491409,0.9322393908639641,-0.1143814066398482,0.9392302103655552,-0.12208512725491089,623,20.766666666666666
2,0,789.8754613067912,300.7707323364606,1.2126264202885926,0.6501675111452796,1.3759290053381292,0.4921591048031881,623,20.766666666666666
3,0,819.8672360393947,331.9956133455868,1.1009607092792701,-0.23945139299721244,1.126699362290145,-0.21415791416007096,623,20.766666666666666
0,0,796.9478985655011,325.24865765257044,1.0065258271365576,0.6985911319008583,1.2252035791097957,0.6067294702838697,624,20.8
1,0,814.6127937646595,306.71911048829895,0.9195067983245958,0.4306110391580886,1.0153416268478102,0.43797291741136096,624,20.8
2,0,791.3286904839289,301.6042319254222,1.4532291771376977,0.8334995889616236,1.6752900065611045,0.5207438806473318,624,20.8
3,0,821.0016754511017,332.34913507577505,1.1344394117070693,0.35352173018825833,1.188246772581176,0.3020891628054977,624,20.8
0,0,797.7954299436682,326.41777051359935,0.8475313781671394,1.1691128610288808,1.443999417867274,0.9435304350440313,625,20.833333333333332
1,0,815.276485844382,307.65092594482894,0.6636920797224858,0.931815456529976,1.1440136457728667,0.9518914693986716,625,20.833333333333332
2,0,792.4443019158224,302.43809676270735,1.1156114318935633,0.8338648372851695,1.3928099058494052,0.6418677270158889,625,20.833333333333332
3,0,821.8115514472247,332.74714760557976,0.8098759961229716,0.3980125298046856,0.9023929869949684,0.45678322080767614,625,20.833333333333332
0,0,798.228407196001,327.5477910061446,0.43297725233280554,1.1300204925452904,1.210130412232486,1.2048920258803342,626,20.866666666666667
1,0,816.3128663209391,308.121836361838,1.0363804765570035,0.47091041700905956,1.138350171536056,0.4264902461821613,626,20.866666666666667
2,0,793.2028123018408,303.2649220850266,0.758510386018479,0.8268253223192692,1.1220419418748415,0.8284632998788685,626,20.866666666666667
3,0,822.9672911569807,332.9136517867472,1.1557397097559265,0.1665041811674351,1.1676720083366525,0.14308270686152577,626,20.866666666666667
0,0,799.1993762161828,328.4254798798169,0.9709690201818504,0.8776888736723195,1.308861565300581,0.7349826146265609,627,20.9
1,0,816.9421726871957,308.9828026247934,0.6293063662565936,0.8609662629553725,1.0664377190246122,0.9396119211997375,627,20.9
2,0,793.5776574482999,304.0522714333385,0.37484514645901146,0.787349348311866,0.8720251602511236,1.1264631705218353,627,20.9
3,0,823.8869580521762,333.624844273615,0.9196668951955712,0.7111924868677865,1.162575568079705,0.6582566871316742,627,20.9
0,0,800.4645438856658,328.7833120938525,1.2651676694829024,0.3578322140355536,1.3147977507230473,0.27563457211002074,628,20.933333333333334
1,0,817.9772798946791,309.43197253054285,1.03510720748337,0.44916990574942883,1.1283618813195397,0.4094148022278796,628,20.933333333333334
2,0,793.5560986106608,304.70568212239033,-0.021558837639058526,0.6534106890518228,0.6537662518419907,1.6037786760960022,628,20.933333333333334
3,0,824.3365618910619,334.5413605431414,0.4496038388857572,0.9165162695264479,1.0208553689174027,1.1147312921363208,628,20.933333333333334
0,0,801.4448117445204,329.04628192164074,0.9802678588546512,0.2629698277882748,1.0149276848280755,0.26209237126066026,629,20.966666666666665
1,0,818.617466556853,310.29966269304464,0.6401866621737913,0.867690162501815,1.078297352555243,0.9351454224779961,629,20.966666666666665
2,0,793.9752564607301,305.47136980843,0.41915785006930206,0.7656876860396318,0.872909465997159,1.0699309578857166,629,20.966666666666665
3,0,825.2957114736241,335.2251030995671,0.9591495825621691,0.6837425564256936,1.1779099308507106,0.6193069969536562,629,20.966666666666665
0,0,802.0633587439444,329.6815555698393,0.6185469994239813,0.6352736481985696,0.8866639716329578,0.7987379154833131,630,21.0
1,0,818.7224651608695,311.38468825032135,0.10499860401664046,1.085025557276715,1.0900941091433753,1.4743260845881565,630,21.0
2,0,794.7109465641622,306.3709808262611,0.7356901034321488,0.899611017831077,1.1621273216352295,0.8853034229426971,630,21.0
3,0,825.8046890297287,336.3028208362297,0.5089775561045617,1.0777177366626556,1.191861431767741,1.1295748974372744,630,21.0
0,0,802.2109269830796,330.5474721030742,0.14756823913522832,0.8659165332348855,0.87840072161343,1.4019994051237366,631,21.033333333333335
1,0,819.3622065370733,312.25163110483464,0.6397413762037802,0.8669428545132762,1.0774316411813485,0.9350661945472871,631,21.033333333333335
2,0,795.5867875927895,307.5404909031296,0.8758410286272456,1.1695100768684958,1.4611130439920748,0.9280023660964578,631,21.033333333333335
3,0,826.7544803915558,336.98950191777556,0.949791361827135,0.6866810815458192,1.1720215607037183,0.6259835113556194,631,21.033333333333335
0,0,802.8708510860439,331.4088848894661,0.6599241029642618,0.8614127863918803,1.0851413779930286,0.9170736893558146,632,21.066666666666666
1,0,820.376127417428,312.67737805726455,1.0139208803546842,0.42574695242990457,1.0996799621356066,0.3975443037354261,632,21.066666666666666
2,0,796.4882693153226,308.33430355042077,0.9014817225330762,0.7938126472911875,1.2011693531973937,0.7219728006946381,632,21.066666666666666
3,0,827.9226698875225,337.12167338252885,1.1681894959666295,0.13217146475327207,1.175642800591146,0.11266303603714649,632,21.066666666666666
0,0,803.9640539599529,332.1775873223135,1.0932028739090411,0.7687024328474307,1.336411595949596,0.6128472341891041,633,21.1
1,0,820.9887763737318,313.48516004873204,0.6126489563037028,0.8077819914675083,1.0138296155662596,0.9219195648076046,633,21.1
2,0,797.3939393676211,308.7029281636486,0.9056700522985077,0.36862461322782974,0.97781508942527,0.3865422664051382,633,21.1
3,0,828.8758533565236,337.8085294218305,0.9531834690011858,0.686856039301617,1.1748744376750389,0.6244125907764753,633,21.1
0,0,804.7535881617349,333.42970404157995,0.7895342017820239,1.2521167192664422,1.480256915015139,1.008209091732409,634,21.133333333333333
1,0,822.0180016699608,313.91232355099777,1.029225296229013,0.42716350226572775,1.1143488538449806,0.3933991746743545,634,21.133333333333333
2,0,798.4190219705685,309.4293117052125,1.0250826029473072,0.7263835415638796,1.2563548035169487,0.6164809875945622,634,21.133333333333333
3,0,829.366970535307,338.86675104842436,0.49111717878335687,1.058221626593871,1.1666315160697065,1.1362816074640876,634,21.133333333333333
0,0,805.9505205944859,334.25519841810484,1.1969324327509459,0.8254943765249081,1.4539904450323407,0.6037627705651952,635,21.166666666666668
1,0,822.6771161326034,314.790331200128,0.6591144626426093,0.8780076491302266,1.097874904893924,0.9268516513896515,635,21.166666666666668
2,0,799.0582341407933,310.2068973574218,0.6392121702248486,0.7775856522092766,1.0065940815866576,0.8827557484407383,635,21.166666666666668
3,0,830.3346564751789,339.56068891582134,0.9676859398718987,0.6939378673969938,1.1907837091736047,0.622117535685592,635,21.166666666666668
0,0,806.8886722065594,334.9276769208754,0.9381516120734692,0.672478502770578,1.1542771694548095,0.6219204181330097,636,21.2
1,0,823.6946182248639,315.2101352340665,1.017502092260559,0.4198040339385059,1.1007024732713457,0.39130648104946375,636,21.2
2,0,800.0688309326147,311.0032915869391,1.0105967918214245,0.7963942295173194,1.2866816406742736,0.6674077516791131,636,21.2
3,0,831.5242699736426,339.7005338941706,1.1896134984637046,0.13984497834920623,1.1978050315875888,0.11701791131624177,636,21.2
0,0,807.9278760614177,335.9282562991696,1.039203854858335,1.0005793782942327,1.4426031138951894,0.7664648470619709,637,21.233333333333334
1,0,824.3369272364769,316.0693429700685,0.6423090116129934,0.8592077360019417,1.0727529072460456,0.9288588893587465,637,21.233333333333334
2,0,800.7148472377796,311.794072839634,0.6460163051649894,0.790781252694923,1.0211131456174563,0.8858145668318134,637,21.233333333333334
3,0,832.4781331063257,340.37709772542377,0.9538631326830926,0.6765638312531654,1.1694415306683634,0.6169324697755597,637,21.233333333333334
0,0,808.7122065043817,336.76202825912753,0.7843304429639872,0.83377195995789,1.144705169452862,0.8159439057052019,638,21.266666666666666
1,0,825.3708998907224,316.5018312141088,1.033972654245508,0.4324882440402994,1.1207789839930808,0.39616349372356396,638,21.266666666666666
2,0,801.7189272708558,312.6271988341583,1.0040800330762458,0.8331259945242997,1.3047128556025263,0.692614239721871,638,21.266666666666666
3,0,832.9600174411606,341.34947029286553,0.48188433483500026,0.9723725674417433,1.0852285114539786,1.1106943195536678,638,21.266666666666666
0,0,809.2461118225211,337.4203332255562,0.5339053181394362,0.65830496642867,0.8475967894949962,0.8893656469682257,639,21.3
1,0,826.0227817051558,317.37377229776916,0.6518818144334049,0.8719410836603525,1.0886832199330427,0.9288192603138421,639,21.3
2,0,802.3186439062041,313.5090354868426,0.5997166353482596,0.8818366526842752,1.0664407741318054,0.9735671646586671,639,21.3
3,0,833.8284114051719,341.9049136762479,0.868393964011309,0.5554433833823177,1.0308372465498474,0.5690445747437153,639,21.3
0,0,809.3034147175923,338.27829518915854,0.057302895071162985,0.8579619636023518,0.8598734516031646,1.5041058225532464,640,21.333333333333332
1,0,827.0215183588921,317.78377109369256,0.9987366537362421,0.40999879592337174,1.0796174860453498,0.38954011059176546,640,21.333333333333332
2,0,803.2877278695054,314.4428563045091,0.9690839633012192,0.9338208176665216,1.34578789095272,0.7668690649934835,640,21.333333333333332
3,0,834.8219600090176,341.9168750776763,0.9935486038457354,0.011961401428458307,0.9936206033129259,0.012038488646029338,640,21.333333333333332
0,0,809.8807696759534,339.0977924150306,0.5773549583610618,0.8194972258720594,1.002454213994886,0.9570409814983359,641,21.366666666666667
1,0,827.6868982491379,318.6677906967862,0.6653798902458665,0.8840196030936214,1.1064452345224345,0.9255851005879804,641,21.366666666666667
2,0,803.8875679564065,315.34487797289046,0.5998400869011946,0.9020216683813658,1.0832595349606369,0.9839517798613576,641,21.366666666666667
3,0,835.5883999736944,342.4176121741443,0.7664399646767764,0.50073709646799,0.9155150786485886,0.578711579428671,641,21.366666666666667
0,0,810.7629406289063,340.04551547986813,0.882170952952919,0.9477230648375415,1.2947604403359427,0.8212057523845343,642,21.4
1,0,828.699840728947,319.0849065685493,1.0129424798090914,0.41711587176308074,1.095462513223737,0.39062553746096174,642,21.4
2,0,804.9080968731432,316.21975163310185,1.020528916736645,0.8748736602114096,1.3442035527506162,0.7087022928883074,642,21.4
3,0,836.0876707920163,343.3781849970617,0.49927081832186615,0.9605728229173631,1.0825763244017568,1.0914631114900717,642,21.4
0,0,811.7564712375521,341.2879624601266,0.9935306086457453,1.2424469802584612,1.5908417800238195,0.8962649666332594,643,21.433333333333334
1,0,829.3196104172947,319.7452912862226,0.6197696883476427,0.6603847176733084,0.9056613284948128,0.8171141891494093,643,21.433333333333334
2,0,805.5252017285477,317.13529628884305,0.6171048554045073,0.9155446557412251,1.10410163446131,0.9777131216600744,643,21.433333333333334
3,0,836.9812910166625,343.9247876889829,0.8936202246461898,0.5466026919212372,1.0475359701281144,0.5489578587477151,643,21.433333333333334
0,0,812.6939644015276,342.1995119453716,0.9374931639756016,0.9115494852450068,1.3075992874544635,0.771368213102776,644,21.466666666666665
1,0,830.2573892611485,319.9743581056125,0.9377788438538464,0.22906681938991086,0.9653500752189678,0.23957404700858356,644,21.466666666666665
2,0,805.7371106695964,317.9815446118102,0.21190894104867208,0.846248322967123,0.8723769961553536,1.3254319314270904,644,21.466666666666665
3,0,837.4500285021675,344.84532785726697,0.4687374855050225,0.9205401682840352,1.0330096958605814,1.0998171875148042,644,21.466666666666665
0,0,813.3388014398178,342.98539456487714,0.6448370382900999,0.7858826195055372,1.0165757707085255,0.88366430393377,645,21.5
1,0,830.8859739037318,320.6444811307462,0.6285846425833348,0.6701230251337008,0.9187946025668421,0.8173716610971445,645,21.5
2,0,806.3983250136715,318.88835733054054,0.6612143440751013,0.9068127187303661,1.1222805868684642,0.9407647667480551,645,21.5
3,0,838.2868686184607,345.35100730899694,0.8368401162932242,0.5056794517299777,0.9777592178750287,0.5435551084041809,645,21.5
0,0,814.3843890269603,343.3729125182527,1.0455875871425828,0.38751795337555694,1.1150890397519961,0.35492707043023963,646,21.533333333333335
1,0,831.8083771061075,320.86470630331564,0.9224032023757125,0.22022517256940077,0.9483284211633605,0.23436416871165217,646,21.533333333333335
2,0,807.5106730662952,319.6715404520576,1.1123480526237235,0.7831831215170623,1.3604021434873586,0.6134596379596339,646,21.533333333333335
3,0,839.2972941913371,345.33144254799157,1.0104255728763032,-0.019564761005392506,1.010614970300561,-0.019360472455087024,646,21.533333333333335
0,0,815.0451607131547,344.02746491496146,0.6607716861944307,0.6545523967087737,0.9300849753186163,0.7806698662282296,647,21.566666666666666
1,0,832.4279067465378,321.52595660567323,0.619529640430283,0.6612503023576136,0.9061285437175628,0.8179610677844636,647,21.566666666666666
2,0,808.2507719341451,320.484589306097,0.7400988678498435,0.8130488540393652,1.0994520331725914,0.8323327924132853,647,21.566666666666666
3,0,840.1453474807722,345.842965604825,0.8480532894351598,0.5115230568334291,0.9903788262044027,0.5427495045171145,647,21.566666666666666
0,0,815.8773407487835,344.93228606468773,0.8321800356287878,0.9048211497262695,1.229318886494102,0.827193650794721,648,21.6
1,0,833.3202221350864,321.73059207031054,0.8923153885486032,0.2046354646372785,0.9154793422180314,0.2254327840144255,648,21.6
2,0,809.3758090757962,321.2737464881542,1.1250371416511236,0.7891571820571582,1.3742189156342322,0.6116983839188841,648,21.6
3,0,841.1400288229706,345.8206835248687,0.9946813421984656,-0.02228207995629433,0.994930883833103,-0.02239747844197642,648,21.6
0,0,817.1525752281362,345.5028872234653,1.2752344793527595,0.5706011587775741,1.397071458347215,0.42072968239061487,649,21.633333333333333
1,0,833.9688823797297,322.41279354408937,0.6486602446433297,0.6822014737788453,0.9413601668897899,0.8105954696850013,649,21.633333333333333
2,0,810.1384660318714,322.07572076207583,0.7626569560752049,0.8019742739216406,1.1067106074679323,0.8105216841958816,649,21.633333333333333
3,0,841.9892475053938,346.3327047554862,0.8492186824231414,0.5120212306175198,0.9916340611231421,0.5425726909144541,649,21.633333333333333
0,0,818.0357902118252,346.3068803126612,0.8832149836889757,0.8039930891959134,1.1943507001243419,0.7384781942484476,650,21.666666666666668
1,0,834.8548475431799,322.6155283542933,0.8859651634500851,0.20273481020393502,0.9088650472515497,0.22495624619034238,650,21.666666666666668
2,0,810.4718089663788,322.9001801509557,0.33334293450740565,0.8244593888798392,0.8892979230258701,1.1865739595529785,650,21.666666666666668
3,0,842.4419973964682,347.2335392973683,0.4527498910743959,0.9008345418821037,1.0082089742289626,1.1050793448605638,650,21.666666666666668
0,0,818.4313330268678,347.288681477558,0.3955428150426052,0.981801164896819,1.058483654065843,1.1878142496519046,651,21.7
1,0,835.4512782672969,323.25792239071535,0.5964307241169501,0.6423940364220423,0.8765841127360646,0.8224835045825718,651,21.7
2,0,810.2901155853168,323.70712237192475,-0.18169338106203356,0.8069422209690387,0.8271446262318326,1.792265732274193,651,21.7
3,0,843.2489319336676,347.7193297656539,0.8069345371994023,0.48579046828562084,0.9418788278766947,0.5419032326870373,651,21.7
0,0,818.2617429017605,348.3011116533645,-0.1695901251073701,1.0124301758065164,1.0265357623665856,1.7367634593013663,652,21.733333333333334
1,0,835.5741239006384,324.1201558777556,0.12284563334148452,0.8622334870402758,0.8709406614716665,1.4292750229482187,652,21.733333333333334
2,0,810.5875578912917,324.6759147818496,0.2974423059748686,0.9687924099248687,1.0134252113065287,1.2729082206500635,652,21.733333333333334
3,0,843.6595566444286,348.5732324805141,0.4106247107609998,0.8539027148601637,0.9475032979009164,1.1225614080997794,652,21.733333333333334
0,0,818.6582853721388,349.35466304845136,0.3965424703783411,1.0535513950868716,1.1257070990729565,1.2108106923786723,653,21.766666666666666
1,0,836.1484175422027,324.7315912731153,0.574293641564298,0.6114353953597222,0.8388482755778199,0.8167119054564227,653,21.766666666666666
2,0,811.3277307661607,325.7007774418571,0.7401728748689771,1.0248626600075275,1.2641990968868437,0.9453149500141506,653,21.766666666666666
3,0,843.5779977828535,349.6587691546044,-0.08155886157514339,1.0855366740902987,1.0885962147171286,1.6457877281587894,653,21.766666666666666
0,0,818.4824097245304,350.40995874432815,-0.175875647608439,1.0552956958767736,1.069851040639645,1.7359385794283386,654,21.8
1,0,836.7789048292245,324.89482257210955,0.6304872870219062,0.16323129899422179,0.6512746548635103,0.25333467016939126,654,21.8
2,0,812.110262488031,327.04760238660776,0.7825317218702852,1.346824944750691,1.5576563573317368,1.0444499083056955,654,21.8
3,0,843.2997194642858,350.43634237900557,-0.2782783185677299,0.7775732244012066,0.8258685984408005,1.914474341030207,654,21.8
0,0,818.6143058805599,351.22391255934184,0.13189615602943802,0.8139538150137077,0.8245710454234437,1.4101489334986195,655,21.833333333333332
1,0,837.288019858701,325.51008436181075,0.5091150294764867,0.6152617897012325,0.7985894959897779,0.879524168830464,655,21.833333333333332
2,0,813.1399955231301,328.5889782941328,1.0297330350990992,1.5413759075250237,1.8536962566378001,0.9818290793076562,655,21.833333333333332
3,0,843.4892105053947,351.1047436838393,0.1894910411089607,0.6684013048337143,0.6947425127081037,1.2945460421017523,655,21.833333333333332
0,0,818.2734478491716,352.19804055642646,-0.34085803138829085,0.9741279970846212,1.0320414489089074,1.907391792473197,656,21.866666666666667
1,0,838.0444343674545,325.69173994938046,0.7564145087535735,0.1816555875697169,0.7779213723431238,0.23569011040622664,656,21.866666666666667
2,0,814.1277388772297,329.8046365323196,0.9877433540996575,1.2156582381867644,1.5663530526798195,0.8884693489809463,656,21.866666666666667
3,0,843.2776490108841,351.5971932657975,-0.21156149451056228,0.49244958195820265,0.5359709476551423,1.9765655904402863,656,21.866666666666667
0,0,818.4951815153966,353.2533894202304,0.2217336662249968,1.055348863803964,1.078390950940287,1.3637039387916856,657,21.9
1,0,838.5407575731937,326.29732672534703,0.4963232057391709,0.6055867759665504,0.782989187524814,0.8842334249431455,657,21.9
2,0,814.8313124014857,330.8695277240805,0.7035735242559348,1.0648911917609236,1.2763263510262242,0.9869359320146989,657,21.9
3,0,843.4940926629672,352.0479172894228,0.21644365208300714,0.45072402362528907,0.5,1.1231030415048655,657,21.9
0,0,819.2693528847615,354.23147301684133,0.7741713693648749,0.9780835966109527,1.247392813472846,0.9012484019118955,658,21.933333333333334
1,0,839.3186080505051,326.4893956353706,0.7778504773114396,0.19206891002356558,0.8012127253428237,0.24208025386915547,658,21.933333333333334
2,0,815.3501744541426,331.6970138960047,0.5188620526569305,0.8274861719241707,0.9767042512516682,1.0107356200579798,658,21.933333333333334
3,0,844.0695490596861,352.2610288498894,0.5754563967188844,0.21311156046657517,0.6136502275149751,0.3546744192227752,658,21.933333333333334
0,0,819.5814993583543,355.2377631497941,0.3121464735928555,1.0062901329527367,1.0535915967083695,1.2700124858732098,659,21.966666666666665
1,0,839.8326698199996,327.1103714303273,0.5140617694945822,0.6209757949566722,0.8061454216070274,0.8793153174884591,659,21.966666666666665
2,0,815.6286214868525,332.3222908564222,0.2784470327098566,0.6252769604174977,0.6844735402145717,1.1518428402480319,659,21.966666666666665
3,0,844.9119080185889,352.12695390006445,0.8423589589027604,-0.13407494982491674,0.852962313243848,-0.1578420247020308,659,21.966666666666665
0,0,820.4407904220529,356.08952434975055,0.859291063698552,0.8517611999564326,1.2099083741769088,0.7809974707394981,660,22.0
1,0,840.6526842695441,327.32512133354527,0.8200144495444388,0.21474990321795717,0.8476681062737885,0.2561333673920565,660,22.0
2,0,816.1388227720042,332.56489497666246,0.5102012851517903,0.2426041202402549,0.5649443428587337,0.44386166224627677,660,22.0
3,0,846.0513689464904,352.17759435021463,1.139460927901523,0.05064045015020234,1.1405856659653475,0.04441323772780426,660,22.0
0,0,821.6576712268076,356.4581064599876,1.2168808047545916,0.3685821102370668,1.2714761755404589,0.2941068725710478,661,22.033333333333335
1,0,841.1163685811501,327.8695933776096,0.4636843116059609,0.5444720440643149,0.7151593861490368,0.8653614247077679,661,22.033333333333335
2,0,816.7282931839683,332.3691000786277,0.5894704119639953,-0.1957948980347384,0.6211368679103149,-0.32068869177446835,661,22.033333333333335
3,0,846.9536938595207,352.73403396416546,0.9023249130303761,0.5564396139508444,1.0601015482721645,0.5525891016030026,661,22.033333333333335
0,0,822.6064196180762,357.3649479300238,0.9487483912686654,0.9068414700361662,1.3124347456968044,0.7628178510685001,662,22.066666666666666
1,0,841.9126102258335,328.058777521559,0.7962416446833714,0.1891841439494303,0.8184078427348793,0.23327104626212863,662,22.066666666666666
2,0,817.5489971212847,332.55557219744657,0.8207039373164378,0.186472118818882,0.8416215324143665,0.22341692757402978,662,22.066666666666666
3,0,847.9722613892967,352.7379892016405,1.0185675297760046,0.003955237475065654,1.0185752091119615,0.0038831176918597693,662,22.066666666666666
0,0,823.8665807996407,357.76142464878757,1.2601611815644884,0.39647671876376234,1.3210601772984025,0.30481856047436556,663,22.1
1,0,842.7368613911837,327.7598672328391,0.8242511653501667,-0.298910288719919,0.8767766786837645,-0.3478948459892736,663,22.1
2,0,818.6494517430382,332.8572585536457,1.1004546217534805,0.3016863561991163,1.141058732956063,0.2675730302267248,663,22.1
3,0,848.8978108139029,352.1841112534817,0.9255494246061889,-0.5538779481587957,1.07862065567346,-0.5392654073893502,663,22.1
0,0,825.2556426146223,357.5742804121507,1.389061814981624,-0.1871442366368946,1.4016118189949918,-0.13392067921426937,664,22.133333333333333
1,0,843.6182107626255,327.9843720213526,0.8813493714418777,0.2245047885135391,0.909493878267744,0.2494240250556956,664,22.133333333333333
2,0,820.0676224491725,333.0579140014224,1.4181707061343274,0.2006554477766929,1.4322956260702613,0.14055594439514787,664,22.133333333333333
3,0,849.9015578275875,352.1851581318543,1.0037470136845432,0.0010468783725794406,1.0037475596159453,0.001042969970235037,664,22.133333333333333
0,0,826.7274092267722,356.8994274843488,1.4717666121499842,-0.6748529278018944,1.6191119278179107,-0.4299269160125269,665,22.166666666666668
1,0,844.4181556576616,327.69380663744136,0.7999448950360888,-0.2905653839112648,0.8510817101910955,-0.3484135974267316,665,22.166666666666668
2,0,821.2237738714887,333.02862385056403,1.1561514223161047,-0.02929015085836846,1.1565223838131529,-0.025328764349156305,665,22.166666666666668
3,0,850.8246207823051,351.63004598489084,0.9230629547177169,-0.5551121469634218,1.077123351375571,-0.5414340238064826,665,22.166666666666668
0,0,828.00466465338,356.50235353186696,1.2772554266078124,-0.3970739524818372,1.3375534189476894,-0.30140887732294724,666,22.2
1,0,844.8559907923269,327.05582568910273,0.43783513466527485,-0.6379809483386492,0.773769536483856,-0.9693362152276291,666,22.2
2,0,822.0876361371334,332.7293362209251,0.8638622656446916,-0.2992876296389381,0.9142379883048363,-0.3335113750413758,666,22.2
3,0,851.7247100379213,351.15724537656604,0.9000892556162139,-0.4728006083248011,1.0167109143252333,-0.4836679777984226,666,22.2
0,0,829.0444797929543,356.33631318308386,1.0398151395742774,-0.1660403487830985,1.052988566847659,-0.15834573552195508,667,22.233333333333334
1,0,845.5990243742623,326.809762072749,0.7430335819354299,-0.24606361635374224,0.7827171948902598,-0.3197940270771192,667,22.233333333333334
2,0,822.5713324080008,332.20396309753374,0.48369627086742645,-0.5253731233914032,0.7141281406254016,-0.8266769678652318,667,22.233333333333334
3,0,852.5594682556997,350.364214985131,0.8347582177783528,-0.7930303914350518,1.1513984904836916,-0.7597691047971236,667,22.233333333333334
0,0,829.817353124127,356.3777680666111,0.772873331172591,0.041454883527264286,0.7739842979066672,0.05358600895410468,668,22.266666666666666
1,0,846.034481056835,326.174282024226,0.4354566825727335,-0.6354800485229848,0.7703618724132351,-0.9700448844381427,668,22.266666666666666
2,0,822.9066381189066,331.8330586890483,0.33530571090581557,-0.3709044084854555,0.49999999999999994,-0.8357636151118034,668,22.266666666666666
3,0,853.6136791896464,350.09598625060414,1.054210933946747,-0.26822873452688806,1.0877993138804456,-0.24914891809090345,668,22.266666666666666
0,0,830.301826149084,356.2034482106835,0.4844730249570971,-0.1743198559276005,0.5148801065118941,-0.3453903240021387,669,22.3
1,0,846.7818022321388,325.92551300694623,0.7473211753037886,-0.24876901727973783,0.7876388531654355,-0.3213433957029849,669,22.3
2,0,823.3915550017687,331.7111750694955,0.4849168828621076,-0.12188361955282187,0.5,-0.2462483837162471,669,22.3
3,0,854.4020745082114,349.31057368642587,0.788395318564945,-0.7854125641782747,1.1128522248278132,-0.7835029188456374,669,22.3
0,0,830.940143962741,355.7134476958174,0.6383178136569478,-0.4900005148661192,0.8047049992393783,-0.6546976490868486,670,22.333333333333332
1,0,847.2402529226007,325.2673201262413,0.45845069046182885,-0.6581928807048922,0.8021190084990706,-0.9624034258038258,670,22.333333333333332
2,0,823.8838651409606,331.7985291011649,0.49231013919184696,0.08735403166943265,0.49999999999999994,0.17560926366188512,670,22.333333333333332
3,0,855.4646908970216,349.03958424688386,1.0626163888101945,-0.2709894395419946,1.0966261286834738,-0.24969865058646767,670,22.333333333333332
0,0,831.781216584009,355.6890034301796,0.8410726212680165,-0.024444265637846574,0.8414277606361855,-0.02905502576238185,671,22.366666666666667
1,0,847.9975753531735,325.0133141724399,0.7573224305728522,-0.2540059538014101,0.7987842564894082,-0.32360941233648033,671,22.366666666666667
2,0,824.6782508289879,331.8899860613149,0.7943856880272718,0.09145696015003085,0.7996330389012489,0.11462450299246459,671,22.366666666666667
3,0,856.193976113114,348.31056987089386,0.7292852160923694,-0.729014375990033,1.0311735483472368,-0.7852124401752155,671,22.366666666666667
0,0,832.6715894185429,356.1744001893614,0.8903728345338895,0.4853967591818065,1.01408766795584,0.4991206436662123,672,22.4
1,0,848.4023947804291,324.4239611742103,0.4048194272555332,-0.5893529982295964,0.7149935141004516,-0.968924761454783,672,22.4
2,0,825.1477891941005,332.2054302340793,0.46953836511261027,0.3154441727643783,0.5656600590846289,0.5915602133614707,672,22.4
3,0,857.1982748936362,348.0737865121145,1.004298780522111,-0.23678335877932916,1.0318344826342158,-0.23154138199841298,672,22.4
0,0,833.766623184029,356.1334587131042,1.0950337654860562,-0.04094147625720029,1.0957988647706705,-0.03737091617619999,673,22.433333333333334
1,0,849.1144594554971,324.2076716776041,0.7120646750680517,-0.21628949660626393,0.7441889866303862,-0.2948934098800251,673,22.433333333333334
2,0,825.9753963672753,332.38570264458815,0.827607173174754,0.1802724105088644,0.8470134444511396,0.2144734765195147,673,22.433333333333334
3,0,857.941960358224,347.3346618700297,0.7436854645879108,-0.7391246420847873,1.0485100413330823,-0.7823223763495394,673,22.433333333333334
0,0,834.7604167675638,356.6679240523299,0.9937935835348732,0.5344653392257214,1.128396599387268,0.4934308418458492,674,22.466666666666665
1,0,849.5000657272449,323.64305632964573,0.38560627174779066,-0.5646153479583245,0.6837270566251791,-0.9716025216593019,674,22.466666666666665
2,0,827.1124690600333,332.4311685574852,1.1370726927579757,0.04546591289706987,1.1379813082170716,0.03996376488021815,674,22.466666666666665
3,0,858.9704503242697,347.08865780579225,1.0284899660456592,-0.24600406423748356,1.0575015885935874,-0.23477854050432992,674,22.466666666666665
0,0,835.8633453858131,356.6270015384367,1.1029286182493254,-0.04092251389323076,1.1036875414249758,-0.03708648935425034,675,22.5
1,0,850.2152386159511,323.4241077179895,0.7151728887061596,-0.21894861165621785,0.7479376680489479,-0.29708739767555004,675,22.5
2,0,827.9505847022145,332.70841523486075,0.8381156421812668,0.2772466773755561,0.8827817112880754,0.3194666979783647,675,22.5
3,0,859.7011231342843,346.36043628673025,0.7306728100146282,-0.7282215190619772,1.0315955293231969,-0.7837179261129726,675,22.5
0,0,836.8846071680301,356.0038900955066,1.0212617822169845,-0.6231114429300524,1.1963458940153484,-0.547841169593937,676,22.533333333333335
1,0,850.6512773532609,322.8022249455481,0.4360387373097585,-0.6218827724413701,0.7595182440824273,-0.9592928963636732,676,22.533333333333335
2,0,828.5917076946319,332.64541905404667,0.6411229924173001,-0.06299618081409569,0.6442105325150123,-0.09794471312938204,676,22.533333333333335
3,0,860.8204586697083,346.04447845712957,1.1193355354239751,-0.3159578296006693,1.1630741124059303,-0.275114902845804,676,22.533333333333335
0,0,837.9559370592815,355.9099266658003,1.0713298912513542,-0.09396342970634375,1.0754426353882467,-0.08748341335315438,677,22.566666666666666
1,0,851.4074998878547,322.5587108819692,0.7562225345937609,-0.24351406357890246,0.7944631023453019,-0.311528582893066,677,22.566666666666666
2,0,828.9952919776756,332.940579563736,0.40358428304375477,0.29516050968931873,0.49999999999999994,0.6314564934215363,677,22.566666666666666
3,0,861.5816808156037,345.35153982575827,0.7612221458954163,-0.6929386313713267,1.0293799600965572,-0.7384752964764933,677,22.566666666666666
0,0,838.8875637760808,356.36799508583374,0.9316267167993517,0.45806842003345905,1.0381498046458848,0.45697483899802105,678,22.6
1,0,851.8016605838588,322.0039772232188,0.3941606960041585,-0.5547336587504416,0.680508696803453,-0.9530312178400959,678,22.6
2,0,829.7522404592602,333.0471988396663,0.7569484815845804,0.10661927593029198,0.7644204823087236,0.13993349705303862,678,22.6
3,0,862.0652949311576,344.7980132168247,0.4836141155539332,-0.5535266089335886,0.7350335499557357,-0.8527052186332421,678,22.6
0,0,839.9036371790146,356.2693417936942,1.0160734029338339,-0.0986532921395619,1.0208514251346839,-0.09678929927291635,679,22.633333333333333
1,0,852.4757946932374,321.83006852467827,0.6741341093785704,-0.1739086985404974,0.6962047348702018,-0.2524688890935877,679,22.633333333333333
2,0,830.8120634573925,333.04843315887734,1.0598229981322804,0.001234319211025764,1.0598237169048494,0.001164646035351117,679,22.633333333333333
3,0,862.8211185198239,344.6509119412047,0.7558235886663387,-0.14710127561999592,0.7700052483415244,-0.19222085408730116,679,22.633333333333333
0,0,840.8363414206646,356.7276877155733,0.9327042416499775,0.4583459218791177,1.0392392344860146,0.45675697355852546,680,22.666666666666668
1,0,853.3989588814869,322.0327164761634,0.9231641882495523,0.20264795148512463,0.9451445977772778,0.2160871983797705,680,22.666666666666668
2,0,832.1291736536132,333.3068301171389,1.3171101962206664,0.25839695826155323,1.3422176638039247,0.193724390481024,680,22.666666666666668
3,0,863.4714024735223,344.98032396944956,0.6502839536983408,0.3294120282448843,0.7289591928153141,0.46888695241881867,680,22.666666666666668
0,0,841.4455185872596,357.6568285247572,0.609177166594995,0.9291408091838895,1.1110353115862697,0.990470015868875,681,22.7
1,0,854.1118092915468,321.8599345913227,0.7128504100598738,-0.1727818848406644,0.7334911634448112,-0.23779573361137604,681,22.7
2,0,833.1145358789418,333.8431995709753,0.9853622253285329,0.5363694538364099,1.1218872073934916,0.498485287273546,681,22.7
3,0,863.8649539664457,345.72701848969575,0.3935514929234372,0.7466945202461714,0.8440589340489953,1.0857371843839094,681,22.7
0,0,842.348123605948,358.12301525407815,0.902605018688426,0.4661867293209784,1.0158867487847871,0.47675264472464957,682,22.733333333333334
1,0,854.8843324551264,322.1749615661323,0.7725231635795784,0.315026974809604,0.8342865413781352,0.387203530164352,682,22.733333333333334
2,0,833.6670487158581,334.6543559188116,0.5525128369162791,0.8111563478362631,0.9814504855530611,0.9728390237768496,682,22.733333333333334
3,0,864.5216413195491,346.0582043995824,0.6566873531034146,0.33118590988665414,0.7354742596674745,0.46710412132142387,682,22.733333333333334
0,0,843.3052449296878,358.04179996619666,0.9571213237397813,-0.08121528788147742,0.960560852493512,-0.08465092446210698,683,22.766666666666666
1,0,855.6779009448398,321.9812624900905,0.7935684897135209,-0.19369907604180858,0.8168661334182297,-0.23940498692459566,683,22.766666666666666
2,0,834.6611144065107,335.1297007281849,0.9940656906526771,0.47534480937332213,1.1018708114524787,0.44604175988558464,683,22.766666666666666
3,0,865.2907257441909,345.9121802121262,0.7690844246418561,-0.1460241874562034,0.7828243197224645,-0.18763412332617802,683,22.766666666666666
0,0,844.1937151869819,358.50559724368736,0.8884702572940988,0.46379727749068106,1.0022411449865796,0.48110628830037794,684,22.8
1,0,856.4257109152044,322.2915464714547,0.7478099703644837,0.31028398136421875,0.8096270134251703,0.39330495755819506,684,22.8
2,0,836.0035393516107,335.4189875035777,1.3424249451000225,0.2892867753927652,1.3732412649072059,0.21224989055755572,684,22.8
3,0,865.994268955701,345.2720819419813,0.7035432115101534,-0.640098270144922,0.9511565832735124,-0.7382145560864986,684,22.8
0,0,844.7034824450936,359.3780645170736,0.5097672581117808,0.8724672733862168,1.010476026718488,1.042014071167481,685,22.833333333333332
1,0,857.088422131556,322.1323408566391,0.6627112163515908,-0.15920561481562148,0.681566272688889,-0.23576600846165785,685,22.833333333333332
2,0,837.0111062263747,335.9349793568156,1.0075668747639996,0.5159918532379089,1.132006448625442,0.4732939396048348,685,22.833333333333332
3,0,866.7423367991382,345.09406319213025,0.748067843437239,-0.17801874985104094,0.7689578490940638,-0.23362598046276029,685,22.833333333333332
0,0,845.613794026755,359.85843913454477,0.9103115816614042,0.48037461747115484,1.0292846782195126,0.48556400453042253,686,22.866666666666667
1,0,857.4263975039469,321.65903239526284,0.3379753723908888,-0.473308461376223,0.5815911381314949,-0.9506896940969501,686,22.866666666666667
2,0,837.616001239965,336.6327538306959,0.6048950135903026,0.6977744738803335,0.9234647767323823,0.8565770405691815,686,22.866666666666667
3,0,867.2419914396625,345.11264383266234,0.49965464052425035,0.018580640532074595,0.5,0.03716983942913015,686,22.866666666666667
0,0,846.1150687321624,360.71818275116584,0.5012747054074091,0.8597436166210495,0.9952062181286484,1.0429322706544448,687,22.9
1,0,858.0301377464295,321.54631469905485,0.6037402424826928,-0.1127176962080097,0.6141722555045138,-0.1845740363208227,687,22.9
2,0,838.664474913477,337.08739975991546,1.0484736735119147,0.4546459292195799,1.1428035548612474,0.4091545897605597,687,22.9
3,0,867.5541736551875,345.5032104266126,0.312182215524982,0.3905665939502682,0.5,0.8964787086132917,687,22.9
0,0,847.0581743479756,361.23418086782016,0.9431056158131833,0.5159981166543373,1.075035933803697,0.5006344265773295,688,22.933333333333334
1,0,858.8320178935286,321.82623800253236,0.8018801470989926,0.2799233034775269,0.8493343429658744,0.33585829980389487,688,22.933333333333334
2,0,839.9888929810402,337.6597602383878,1.324418067563168,0.5723604784723418,1.4428027359985303,0.4079195457507882,688,22.933333333333334
3,0,867.4487283896232,345.99196526901324,-0.10544526556424323,0.4887548424006521,0.5,1.783282217429202,688,22.933333333333334
0,0,847.6162932869315,362.18140264521594,0.5581189389559104,0.947221777395765,1.0994206863589857,1.0383434173051491,689,22.966666666666665
1,0,859.5091994785492,321.64177664379133,0.677181585020632,-0.18446135874105704,0.7018553212448078,-0.2659434149239376,689,22.966666666666665
2,0,840.9913400267967,338.7393699513644,1.0024470457565489,1.079609712976588,1.4732471659227528,0.822441999155531,689,22.966666666666665
3,0,866.9996841499499,346.2118726832044,-0.4490442396733064,0.21990741419111381,0.49999999999999994,2.6862001747649624,689,22.966666666666665
0,0,848.5660052758556,362.70164530730085,0.9497119889240405,0.5202426620848883,1.0828690084027839,0.5011448352935859,690,23.0
1,0,860.0830396398568,321.9101865217156,0.5738401613075961,0.268409877924285,0.6335111627247443,0.4375108733907177,690,23.0
2,0,842.3401767056446,339.33280061170456,1.3488366788478705,0.5934306603401611,1.4736079311801742,0.41447117255078625,690,23.0
3,0,866.5007436780904,346.1793395379424,-0.4989404718594829,-0.032533145261971125,0.5,-3.0764803643634138,690,23.0
0,0,849.0789151684224,363.5048686433116,0.5129098925669283,0.8032233360107826,0.9530185126246543,1.0025021871185797,691,23.033333333333335
1,0,860.7528419343569,321.72448452598826,0.6698022945001166,-0.18570199572733043,0.6950685900936212,-0.27045585512719467,691,23.033333333333335
2,0,843.3329139236329,340.4005003723472,0.9927372179882491,1.067699760642681,1.457912879034782,0.8217639902563948,691,23.033333333333335
3,0,866.0466939010312,345.9699623664253,-0.45404977705920085,-0.20937717151707352,0.5,-2.7095194865700067,691,23.033333333333335
0,0,849.0752735611447,364.3412844410268,-0.0036416072777121222,0.8364157977151936,0.8364237251364339,1.5751501234090692,692,23.066666666666666
1,0,861.15451771274,321.42673199609095,0.4016757783831835,-0.2977525298973354,0.49999999999999994,-0.6378941931913431,692,23.066666666666666
2,0,844.0791478722574,341.28878386930467,0.7462339486245536,0.8882834969574626,1.160134766760643,0.8720864656541853,692,23.066666666666666
3,0,865.546862330891,345.98293932644265,-0.4998315701400903,0.012976960017352424,0.49999999999999994,3.115635818885607,692,23.066666666666666
0,0,849.5870166785664,365.1231179379663,0.5117431174216609,0.7818334969395194,0.9344220861929139,0.9912345301007969,693,23.1
1,0,861.2036517691619,320.9291520080493,0.04913405642185923,-0.49757998804165504,0.5,-1.4723693663726938,693,23.1
2,0,844.6038242122651,341.97167754900636,0.5246763400076446,0.6828936797016922,0.8611788661714447,0.9156773188050706,693,23.1
3,0,865.0470059225806,345.97095721181324,-0.49985640831043415,-0.011982114629419716,0.5,-3.117626130024618,693,23.1
0,0,849.5869664374937,366.0795669637396,-5.024107266987654e-05,0.9564490257732804,0.9564490270928309,1.570848855545797,694,23.133333333333333
1,0,861.2073900123052,320.42916598270637,0.003738243143302714,-0.4999860253429105,0.49999999999999994,-1.563319770853291,694,23.133333333333333
2,0,844.8132367234291,342.52058737044945,0.2094125111640326,0.5489098214431058,0.5874994399220551,1.2063338097707519,694,23.133333333333333
3,0,864.7218351199707,346.3507781553248,-0.32517080260993875,0.37982094351155554,0.5,2.2788303694535306,694,23.133333333333333
0,0,849.0463804413407,366.93894016750664,-0.5405859961530504,0.8593732037670896,1.0152613075409194,2.132300436173704,695,23.166666666666668
1,0,860.8466689548696,320.08292860933,-0.36072105743555005,-0.3462373733763855,0.49999999999999994,-2.3766789451821335,695,23.166666666666668
2,0,844.6246480325692,342.98365788957125,-0.18858869085991295,0.46307051912181174,0.5,1.9575430050715492,695,23.166666666666668
3,0,864.8150271042923,346.84201664532554,0.09319198432157358,0.4912384900007405,0.5,1.3833159996784195,695,23.166666666666668
0,0,849.046314300911,367.92284764416456,-6.614042968078326e-05,0.9839074766579222,0.983907478880975,1.5708635489993723,696,23.2
1,0,860.3515845632692,320.15286747687577,-0.49508439160047774,0.06993886754577057,0.5,3.0012547188130787,696,23.2
2,0,844.0459949296438,343.2660751406139,-0.5786531029254404,0.2824172510426486,0.6438935604676651,2.68754284370699,696,23.2
3,0,865.2929134139005,347.14400209229535,0.47788630960811074,0.3019854469698161,0.5653057005660023,0.5635593233964288,696,23.2
0,0,848.8013246712874,368.6144894555519,-0.24498962962364434,0.6916418113873404,0.7337494898685053,1.9112208584161658,697,23.233333333333334
1,0,859.9528848343391,320.6422071880976,-0.3986997289300327,0.48933971122178926,0.6312010985632912,2.2544792111534555,697,23.233333333333334
2,0,843.6764272636126,343.91472129663254,-0.36956766603125074,0.6486461560186028,0.7465400829784665,2.0886779089595557,697,23.233333333333334
3,0,865.4362064702192,347.7391834228113,0.14329305631868813,0.5951813305159421,0.6121876478530728,1.3345373099378066,697,23.233333333333334
0,0,848.584799467279,369.06517430778143,-0.21652520400829753,0.4506848522295432,0.5,2.0186705553333297,698,23.266666666666666
1,0,859.780249667044,321.50552443560684,-0.17263516729512052,0.8633172475092379,0.880408752133883,1.768160386520182,698,23.266666666666666
2,0,842.996685153754,344.18868897518263,-0.6797421098586353,0.27396767855008447,0.7328762684145199,2.758462745123696,698,23.266666666666666
3,0,865.8573927871889,348.0086311661632,0.4211863169697887,0.26944774335188754,0.49999999999999994,0.5691253654046958,698,23.266666666666666
0,0,848.4583305111469,369.54891556417255,-0.1264689561322083,0.4837412563910892,0.49999999999999994,1.8265120388590175,699,23.3
1,0,859.1342222769955,322.41890904650654,-0.646027390048503,0.9133846108997036,1.1187595077233012,2.1863978705719855,699,23.3
2,0,842.6616199760977,344.7941637846319,-0.3350651776563921,0.6054748094492487,0.6920031923015338,2.076240360908022,699,23.3
3,0,866.0028991649281,348.6087619671515,0.1455063777391486,0.600130800988304,0.617518489000638,1.3329287298483123,699,23.3
0,0,848.0818147556193,369.87790779180045,-0.37651575552747324,0.3289922276279122,0.5,2.423453607418089,700,23.333333333333332
1,0,859.0432954790109,323.5128404515212,-0.0909267979845797,1.0939314050146205,1.097703785849803,1.6537249843814557,700,23.333333333333332
2,0,841.9947238362456,345.05733316697496,-0.6668961398520105,0.2631693823430677,0.7169439205072765,2.765734315300252,700,23.333333333333332
3,0,866.4239195119762,348.878468969974,0.4210203470481225,0.2697070028224675,0.5,0.5697410324932316,700,23.333333333333332
0,0,848.07147081527,370.37780078324766,-0.010343940349347082,0.4998929914472188,0.5,1.5914856834733946,701,23.366666666666667
1,0,858.4176815978793,324.3873734171416,-0.6256138811316354,0.8745329656203916,1.0752677044445187,2.1917628378555105,701,23.366666666666667
2,0,841.6672268320397,345.6521197259002,-0.32749700420597094,0.5947865589252626,0.6789884670905983,2.0741097817665257,701,23.366666666666667
3,0,866.6058854222437,349.50486838921336,0.18196591026743256,0.6263994192393445,0.6522942778553583,1.2880823491946496,701,23.366666666666667
0,0,847.707669108933,370.7207997897569,-0.3638017063369722,0.34299900650921344,0.49999999999999994,2.385618195856335,702,23.4
1,0,858.3262208698668,325.48304182320936,-0.09146072801250565,1.095668406067785,1.0994791134094808,1.6540780724984652,702,23.4
2,0,841.7893369130468,346.4065672488532,0.12211008100708848,0.7544475229530063,0.7642656192538592,1.4103342136137653,702,23.4
3,0,866.3216634592147,350.1927603735553,-0.28422196302892444,0.6878919843419685,0.7442966521421055,1.962611337047598,702,23.4
0,0,847.7288883915844,371.2203493288856,0.021219282651412093,0.499549539128763,0.5,1.5283450122888067,703,23.433333333333334
1,0,857.9462710003559,326.271798888798,-0.3799498695109503,0.788757065588624,0.875499635555244,2.019702803246429,703,23.433333333333334
2,0,841.4506341182308,347.0196809022545,-0.3387027948159896,0.613113653401283,0.7004483815408747,2.0755037901165347,703,23.433333333333334
3,0,865.5696127284846,350.80141082974114,-0.7520507307301063,0.6086504561858643,0.9674893691441512,2.461193954837255,703,23.433333333333334
0,0,847.3503369887334,371.54699720565736,-0.37855140285107836,0.32664787677173207,0.5,2.4296632360506702,704,23.466666666666665
1,0,857.1172143561006,327.03519021253356,-0.8290566442552785,0.7633913237355464,1.1269876807394716,2.397406599768777,704,23.466666666666665
2,0,840.7465941262099,347.318347462595,-0.7040399920209419,0.29866656034052275,0.7647705699296274,2.740384405532097,704,23.466666666666665
3,0,864.4178124202137,351.15919697680886,-1.1518003082708663,0.3577861470677188,1.2060907416800883,2.8404104068918135,704,23.466666666666665
0,0,846.8320254688894,371.4723738743732,-0.5183115198439859,-0.0746233312841838,0.5236558728544268,-2.998601347828741,705,23.5
1,0,856.4086548033273,327.4914416194762,-0.708559552773327,0.4562514069425908,0.8427466915766747,2.56950772984989,705,23.5
2,0,840.0000782473464,347.12481397867543,-0.7465158788633786,-0.19353348391955583,0.7711946361283923,-2.88792818459349,705,23.5
3,0,863.6286208359044,351.75717018441554,-0.7891915843094102,0.597973207606673,0.9901491371304679,2.4931795220763404,705,23.5
0,0,846.3564108757305,370.9661989516381,-0.4756145931588222,-0.5061749227351234,0.6945662629523119,-2.3250773669798037,706,23.533333333333335
1,0,855.6156907954032,327.6065522137214,-0.792964007924109,0.11511059424523631,0.8012754624787645,2.9974346654260793,706,23.533333333333335
2,0,839.0165230097679,347.3429651602938,-0.9835552375785714,0.21815118161836675,1.0074576137037874,2.923327424282865,706,23.533333333333335
3,0,862.495073289696,351.9228172361208,-1.1335475462083362,0.1656470517052378,1.1455867427888549,2.996488168434386,706,23.533333333333335
0,0,845.7668575304768,370.90036839532416,-0.5895533452536493,-0.065830556313901,0.5932173371070389,-3.030391544802142,707,23.566666666666666
1,0,854.9653333048192,328.2104453401209,-0.6503574905840394,0.6038931263994829,0.887497478121099,2.393223075708657,707,23.566666666666666
2,0,838.1100634440464,347.0162928713191,-0.9064595657213906,-0.32667228897467504,0.9635267140415805,-2.795698377264405,707,23.566666666666666
3,0,861.6826449030553,352.4106373820687,-0.8124283866407419,0.48782014594790307,0.9476330398483963,2.6008445792326143,707,23.566666666666666
0,0,845.041561357076,371.25533185547494,-0.7252961734008165,0.35496346015074626,0.8074983573927923,2.686457039538188,708,23.6
1,0,854.1191290005095,328.4034603372779,-0.8462043043097123,0.19301499715702097,0.8679380817545737,2.917334275858371,708,23.6
2,0,837.1669172173765,347.23488000615845,-0.9431462266699638,0.218587134839382,0.968145206257347,2.913849748244026,708,23.6
3,0,860.5123136493312,352.57908703403893,-1.1703312537241555,0.16844965197018938,1.1823918676532037,2.9986411137579476,708,23.6
0,0,844.0391458765229,371.7260367971632,-1.0024154805531775,0.47070494168826954,1.1074294279015775,2.702583447977459,709,23.633333333333333
1,0,853.4727615384894,329.0834074381292,-0.6463674620200777,0.6799471008512762,0.9381465535375227,2.330881892665134,709,23.633333333333333
2,0,836.4058658815158,347.9752188239578,-0.7610513358607555,0.7403388177993607,1.0617441786777055,2.369989175188911,709,23.633333333333333
3,0,859.6551182665455,353.1254175273148,-0.8571953827857077,0.5463304932758665,1.0164944329174594,2.5741641663539667,709,23.633333333333333
0,0,843.4515527671659,372.57366789252967,-0.587593109356891,0.8476310953664887,1.0313797244448297,2.176956077697416,710,23.666666666666668
1,0,852.7481602592082,329.30465211333797,-0.7246012792811595,0.2212446752087659,0.757625382523662,2.845250417429203,710,23.666666666666668
2,0,835.4119793558417,348.2009692241244,-0.9938865256740643,0.22575040016656872,1.0192024671731463,2.9182432070196445,710,23.666666666666668
3,0,859.2549299159906,353.9643000156517,-0.4001883505549178,0.8388824883368653,0.9294485166797118,2.0159154249755824,710,23.666666666666668
0,0,842.4724244887585,373.0099688124664,-0.9791282784074586,0.43630091993676207,1.0719378145745295,2.722402631414674,711,23.7
1,0,852.17764654174,329.99709711893667,-0.5705137174681553,0.6924450055986906,0.8971989676754565,2.2599486199567727,711,23.7
2,0,834.6577354900865,348.93758477344835,-0.7542438657552857,0.7366155493239608,1.0542704949562602,2.3680182039272664,711,23.7
3,0,858.7625082466349,355.0904104915298,-0.4924216693557269,1.1261104758780929,1.2290662733691238,1.9830191758432458,711,23.7
0,0,841.8490861488624,373.89954812710795,-0.6233383398960723,0.8895793146415166,1.0862329598306533,2.1819995608800324,712,23.733333333333334
1,0,851.9701710653826,331.064563720611,-0.2074754763574621,1.067466601674306,1.087442420995175,1.7627653828035548,712,23.733333333333334
2,0,834.3932565804304,349.81013636653313,-0.26447890965606613,0.8725515930847645,0.911754010820694,1.8651036705696826,712,23.733333333333334
3,0,858.8111818138217,356.20891586666175,0.04867356718681706,1.1185053751319967,1.1195639286534103,1.5273071502367896,712,23.733333333333334
0,0,841.2436472723448,374.44169913928454,-0.6054388765175616,0.5421510121765807,0.8127016384891432,2.411287186157296,713,23.766666666666666
1,0,851.2878659429863,331.82437593380456,-0.6823051223963515,0.7598122131936007,1.0212026632194307,2.302500806640368,713,23.766666666666666
2,0,833.9036230043613,350.9128430773702,-0.4896335760690343,1.1027067108370912,1.206525229300783,1.9886735474696957,713,23.766666666666666
3,0,858.2992343654236,357.17005517589683,-0.5119474483981872,0.961139309235092,1.0889806984875006,2.0602187357526542,713,23.766666666666666
0,0,840.9967363735742,375.34782463215095,-0.24691089877059763,0.9061254928663858,0.939163670908354,1.8368283005638566,714,23.8
1,0,851.0893407193511,332.87761140892894,-0.19852522363517205,1.0532354751243707,1.07178226822422,1.7571012790935265,714,23.8
2,0,833.9964454647803,352.16603729482455,0.09282246041898742,1.253194217454346,1.2566271347616385,1.4968626387398882,714,23.8
3,0,858.2799210597055,358.0992589449839,-0.01931330571805462,0.9292037690870469,0.9294044589215898,1.5915781250578027,714,23.8
0,0,841.2844660788293,376.3570392852714,0.28772970525508973,1.009214653120453,1.0494296543166757,1.29306229481835,715,23.833333333333332
1,0,851.3695962777249,333.7620730781902,0.28025555837387767,0.8844616692612961,0.9278014994555314,1.2639391318310036,715,23.833333333333332
2,0,833.8143906181813,353.1522800360588,-0.18205484659901564,0.9862427412342845,1.0029051359961754,1.753335847190802,715,23.833333333333332
3,0,858.6353013517498,358.75648277827815,0.3553802920442578,0.65722383329424,0.747153477555607,1.0750984590006636,715,23.833333333333332
0,0,841.0110281402633,377.33012906050396,-0.27343793856594073,0.97308977523253,1.010777926603706,1.8447318140476174,716,23.866666666666667
1,0,851.1205008925933,334.76231799356174,-0.24909538513156526,1.000244915371505,1.0307950337581142,1.8148659768481656,716,23.866666666666667
2,0,834.18255558923,354.23339258879497,0.36816497104877,1.0811125527361776,1.1420813445596054,1.2425714496288918,716,23.866666666666667
3,0,859.3484630081882,359.0755373729931,0.7131616564383767,0.3190545947149329,0.7812780443751375,0.4206733859981767,716,23.866666666666667
0,0,841.2977117750132,378.31575752544006,0.2866836347499098,0.9856284649360721,1.026475025183593,1.287742304654348,717,23.9
1,0,851.4335327596202,335.73710970281786,0.3130318670269437,0.9747917092561382,1.0238202118579598,1.2600714672657518,717,23.9
2,0,835.0935779618007,355.0664631135644,0.9110223725707145,0.833070524769437,1.2344910945665015,0.7407331092013646,717,23.9
3,0,859.8453678071852,359.847649905593,0.4969047989970181,0.772112532599902,0.918189600389866,0.9989579614198176,717,23.9
0,0,842.1028422271545,379.0694745686069,0.8051304521412807,0.7537170431668407,1.1028709925124462,0.7524284348411062,718,23.933333333333334
1,0,851.7152607029014,336.40736948857256,0.28172794328123835,0.6702597857546888,0.7270617679574397,1.1728908342883269,718,23.933333333333334
2,0,835.4993114806906,356.1698642162326,0.4057335188899135,1.103401102668234,1.1756333109095993,1.2184306401031446,718,23.933333333333334
3,0,860.2387031542522,360.9793661138948,0.39333534706703216,1.1317162083017893,1.1981211421994529,1.2362999832511932,718,23.933333333333334
0,0,842.4068610477119,380.1171641537861,0.30401882055745655,1.047689585179231,1.0909082959379197,1.2883726504529744,719,23.966666666666665
1,0,851.6377907413828,337.3705672211655,-0.07746996151862956,0.9631977325929842,0.966308163584456,1.6510535302514184,719,23.966666666666665
2,0,835.5407467557515,357.1044527779361,0.04143527506087416,0.9345885617035197,0.9355066336945046,1.5264900298159445,719,23.966666666666665
3,0,860.0855844113206,362.0681353730962,-0.15311874293155603,1.0887692592013842,1.0994834465415435,1.7105147172880613,719,23.966666666666665
0,0,842.8254760393219,380.8260590634147,0.41861499160993526,0.7088949096285371,0.8232681847963262,1.0373782816327606,720,24.0
1,0,851.6887961713704,338.4225901278503,0.05100542998769526,1.0520229066848035,1.0532586339915626,1.522351068484101,720,24.0
2,0,835.1711624757121,357.78360619591797,-0.3695842800393568,0.6791534179818665,0.7732023701519942,2.069163152208787,720,24.0
3,0,859.4169257659603,362.89880134200536,-0.6686586453603663,0.8306659689091541,1.06635375739899,2.2485585630833285,720,24.0
0,0,842.7587022807716,381.70433773573245,-0.06677375855033887,0.8782786723177584,0.8808133520100517,1.646678331646451,721,24.033333333333335
1,0,851.1716515391623,339.3929046559044,-0.5171446322081034,0.9703145280540599,1.0995221025402024,2.0604676067760463,721,24.033333333333335
2,0,834.3717681731856,358.4410280184658,-0.799394302526523,0.657421822547783,1.0350046877545602,2.4533416668520194,721,24.033333333333335
3,0,859.2096773666185,364.0741941372311,-0.20724839934180417,1.1753927952257441,1.1935242444535126,1.7453250740627675,721,24.033333333333335
0,0,842.1680006441352,382.5095999423965,-0.5907016366363247,0.8052622066640643,0.9986869604667474,2.2036872905482605,722,24.066666666666666
1,0,851.0252530116725,340.23476833888293,-0.14639852748979856,0.8418636829785536,0.8544980921976338,1.7429726740523965,722,24.066666666666666
2,0,833.9811916471411,359.49578314306814,-0.390576526044471,1.0547551246023665,1.1247481476187995,1.925440682072766,722,24.066666666666666
3,0,858.462545015103,365.0008785516648,-0.7471323515154662,0.9266844144337449,1.1903574062589113,2.249332092572829,722,24.066666666666666
0,0,842.0963336742508,383.51524614853736,-0.07166696988434823,1.0056462061408338,1.0081966308701178,1.641940645906902,723,24.1
1,0,850.3807223119541,341.1019386224859,-0.6445306997183962,0.8671702836029732,1.0804647720511513,2.209968164407989,723,24.1
2,0,833.5274247028681,360.84583258716555,-0.4537669442730175,1.3500494440974065,1.4242675104145948,1.8950450110686354,723,24.1
3,0,857.8426223243101,365.6460802789554,-0.6199226907929433,0.6452017272905968,0.8947566213550658,2.336215686013871,723,24.1
0,0,841.5111048975468,384.31121548894396,-0.5852287767039113,0.7959693404065737,0.9879574444021526,2.204784146628518,724,24.133333333333333
1,0,850.2789702593193,342.09830091103584,-0.10175205263472986,0.9963622885499674,1.001544452463249,1.6725670576252327,724,24.133333333333333
2,0,832.9307984522235,361.84660129246106,-0.5966262506445775,1.0007687052955165,1.165118399329901,2.1083933961562615,724,24.133333333333333
3,0,857.7085983696242,366.39335607099724,-0.134023954685975,0.7472757920417925,0.7591992688361578,1.7482596464728652,724,24.133333333333333
0,0,841.4356668080848,385.3286717399451,-0.07543808946212205,1.017456251001163,1.0202490519687029,1.6448047258296195,725,24.166666666666668
1,0,849.6437487953367,342.92425913268204,-0.635221463982631,0.8259582216462145,1.041975667762551,2.226392291396934,725,24.166666666666668
2,0,832.3867630517516,362.5320739990579,-0.5440354004718632,0.6854727065968336,0.8751270470370397,2.2416622452928108,725,24.166666666666668
3,0,858.0362145129634,367.00674438426773,0.32761614333926703,0.6133883132705102,0.695397411724646,1.0802353977973262,725,24.166666666666668
0,0,840.8637728277482,386.1063256248329,-0.5718939803365797,0.7776538848877861,0.9653021751898637,2.2048938719419153,726,24.2
1,0,849.5203173673223,344.0031801062452,-0.12343142801441842,1.0789209735631675,1.0859584635777613,1.6847037691873077,726,24.2
2,0,832.3183201732367,363.4436270338025,-0.06844287851493325,0.9115530347446137,0.9141188996905845,1.6457395191711448,726,24.2
3,0,857.9942415010054,367.90792741487934,-0.041973011957984335,0.9011830306116192,0.9021599572111187,1.6173381497813917,726,24.2
0,0,840.7974768818175,387.0996602748,-0.06629594593073923,0.9933346499671244,0.9955445139581459,1.6374382922340314,727,24.233333333333334
1,0,849.0457441894603,344.771006619123,-0.47457317786202335,0.7678265128777831,0.9026501288008085,2.1243992358908668,727,24.233333333333334
2,0,832.7642145426651,364.4592266180617,0.4458943694283727,1.0155995842591654,1.1091728017920903,1.1570894628995534,727,24.233333333333334
3,0,857.8320801234051,369.09642866342386,-0.16216137760024735,1.1885012485445454,1.1995130387691304,1.706400882377497,727,24.233333333333334
0,0,840.3173296015765,387.8036827398807,-0.48014728024103037,0.704022465080718,0.8521672617867864,2.169343166464451,728,24.266666666666666
1,0,849.036511815971,345.80066163286875,-0.009232373489277579,1.0296550137457272,1.0296964038258847,1.579762559132568,728,24.266666666666666
2,0,832.7435003327469,365.38897159243953,-0.02071420991820619,0.929744974377854,0.9299756963885732,1.5930720950725046,728,24.266666666666666
3,0,857.683921982575,370.37484833352045,-0.14815814083012915,1.2784196700965567,1.286976179882141,1.6861732575046575,728,24.266666666666666
0,0,840.2871057655199,388.77176776664317,-0.03022383605661416,0.9680850267625004,0.9685567093917259,1.6020064180665805,729,24.3
1,0,848.5203455286933,346.6138524645885,-0.5161662872778104,0.813190831719722,0.9631754590494778,2.136370396082929,729,24.3
2,0,832.2528232983883,366.0891007777821,-0.4906770343586041,0.7001291853425686,0.8549531146299214,2.1820843866318347,729,24.3
3,0,857.0053102900467,371.4162236971232,-0.6786116925283145,1.041375363602742,1.2429708271535929,2.14833022309879,729,24.3
0,0,839.7224374677043,389.60511184018986,-0.5646682978156181,0.8333440735466973,1.006634308710661,2.166325371420115,730,24.333333333333332
1,0,848.4835220052803,347.6748781873638,-0.03682352341299672,1.06102572277532,1.0616645215261917,1.6054879925331353,730,24.333333333333332
2,0,831.419251291976,366.3971910060995,-0.8335720064123293,0.3080902283174006,0.8886854779160873,2.7875624876811034,730,24.333333333333332
3,0,855.8884768473521,372.04585441333944,-1.116833442694614,0.6296307162162386,1.2820888337100815,2.628243367599028,730,24.333333333333332
0,0,839.6856613832374,390.4980683936225,-0.03677608446684283,0.8929565534326188,0.8937135372740942,1.6119576941486555,731,24.366666666666667
1,0,847.9012820060855,348.5637891182719,-0.5822399991948777,0.8889109309081161,1.0626222563782413,2.150681088101215,731,24.366666666666667
2,0,830.7859366788852,367.1960358026338,-0.6333146130908207,0.7988447965342778,1.0194314141246912,2.241124245471949,731,24.366666666666667
3,0,855.1558135138013,372.7813035683385,-0.7326633335507949,0.7354491549990417,1.0381141651661285,2.3542969393395743,731,24.366666666666667
0,0,839.1209336916233,391.31728607623427,-0.5647276916140138,0.8192176826118134,0.9950050136454401,2.174338806862569,732,24.4
1,0,847.8384827758438,349.49632565015236,-0.06279923024164119,0.9325365318804159,0.9346486647989696,1.638037184549828,732,24.4
2,0,830.3867150453766,368.39344146988446,-0.3992216335086025,1.1974056672507059,1.2622037254838796,1.8926118285196643,732,24.4
3,0,854.8977414221276,373.61344581242156,-0.25807209167363004,0.832142244083049,0.8712415961651367,1.8715203947407253,732,24.4
0,0,839.0783288066305,392.32827515864074,-0.04260488499290749,1.0109890824064596,1.0118864071477163,1.6129131918288069,733,24.433333333333334
1,0,847.2383737821219,350.41461965115485,-0.6001089937218722,0.9182940010025193,1.0969934715498963,2.1496310192906147,733,24.433333333333334
2,0,830.0612433456635,369.9130080476601,-0.32547169971311724,1.5195665777756606,1.5540316636436269,1.7817954620566212,733,24.433333333333334
3,0,855.1368125224395,374.3595908791556,0.2390711003118908,0.7461450667340338,0.7835097010349482,1.2607230184879064,733,24.433333333333334
0,0,838.5425283968051,393.10479542606555,-0.5358004098253717,0.7765202674247905,0.9434329890832228,2.1747805485256695,734,24.466666666666665
1,0,847.1944694980992,351.49079021539245,-0.043904284022722395,1.0761705642376143,1.0770657684129845,1.6115704866011062,734,24.466666666666665
2,0,829.7803492182173,371.1354015364509,-0.28089412744617026,1.2223934887907646,1.2542517100932342,1.796665511102683,734,24.466666666666665
3,0,854.9651229221004,375.3569215870451,-0.17168960033915343,0.9973307078895508,1.012000918855359,1.7412744911750666,734,24.466666666666665
0,0,838.5010628554046,394.11319865815926,-0.04146554140053149,1.0084032320936893,1.0092554035627643,1.6118931747930836,735,24.5
1,0,846.6166801189963,352.3639140867553,-0.5777893791028998,0.8731238713628475,1.0469889499644973,2.1553870827230646,735,24.5
2,0,829.5104142888848,372.05311921276166,-0.2699349293324901,0.9177176763107457,0.9565932257166215,1.8568657862898208,735,24.5
3,0,855.2502841772272,376.1647888790907,0.28516125512684626,0.8078672920455632,0.8567184502405383,1.231468905288422,735,24.5
0,0,837.9729364395063,394.8804614685497,-0.5281264158983394,0.7672628103904483,0.9314557055372386,2.173643883346795,736,24.533333333333335
1,0,846.5733065495104,353.43822492938807,-0.043373569485825714,1.0743108426327426,1.075186055121724,1.6111478008082727,736,24.533333333333335
2,0,829.2855807388707,372.67155894871485,-0.22483355001410588,0.6184397359531927,0.6580409046691552,1.919490742409799,736,24.533333333333335
3,0,855.0775055341626,377.2000857150829,-0.17277864306461943,1.0352968359922083,1.0496151666752576,1.7361603710394515,736,24.533333333333335
0,0,837.9425581961806,395.8628791904473,-0.030378243325715426,0.9824177218976318,0.9828872865014019,1.6017083980994506,737,24.566666666666666
1,0,846.0359075025954,354.26642390863594,-0.5373990469150419,0.828198979247858,0.9872746754841782,2.146381498300812,737,24.566666666666666
2,0,828.6513126760019,373.0560259528134,-0.6342680628688762,0.3844670040985398,0.7416945818973893,2.596657114639382,737,24.566666666666666
3,0,854.6146567191994,378.4501141365238,-0.4628488149632028,1.2500284214409147,1.3329666462154657,1.9254142696945558,737,24.566666666666666
0,0,837.3746859064053,396.7080644829228,-0.5678722897753248,0.845185292475465,1.018242169678465,2.1624069779675894,738,24.6
1,0,845.9903757830878,355.3565355156199,-0.045531719507588775,1.0901116069839336,1.091062075760317,1.6125400063181283,738,24.6
2,0,828.204453039427,373.88413787697465,-0.44685963657495503,0.828111924161244,0.940985065629598,2.065629611186755,738,24.6
3,0,854.7209452189895,379.70925741209015,0.10628849979011012,1.2591432755663619,1.2636213964600391,1.4865826246589482,738,24.6
0,0,837.3371031220315,397.7394357218647,-0.03758278437375262,1.0313712389418916,1.0320557631241718,1.6072198389823302,739,24.633333333333333
1,0,845.4410023985982,356.20644954143984,-0.5493733844894744,0.8499140258199644,1.0120103590729292,2.144627464073984,739,24.633333333333333
2,0,827.9614279994811,375.0677126979174,-0.24302503994592695,1.183574820942726,1.2082675725228766,1.7733129091195952,739,24.633333333333333
3,0,854.28171238205,380.8165593060713,-0.4392328369394777,1.107301893981198,1.1912359000048018,1.9484282496707268,739,24.633333333333333
0,0,836.7752509465433,398.5738837286353,-0.5618521754882118,0.8344480067705478,1.0059728341780292,2.163392306014351,740,24.666666666666668
1,0,845.3920827854026,357.3161574217382,-0.04891961319561006,1.1097078802983509,1.1107856265506262,1.6148511288039218,740,24.666666666666668
2,0,827.2784912408727,376.3513737251081,-0.6829367586084345,1.2836610271907174,1.4540248446938322,2.0597326800101237,740,24.666666666666668
3,0,853.9335110069102,381.6373105019025,-0.34820137513985205,0.8207511958311595,0.8915585920776953,1.9720291508170738,740,24.666666666666668
0,0,836.7373893059021,399.6062568841732,-0.03786164064131198,1.032373155537938,1.0330671982535364,1.6074542729692312,741,24.7
1,0,844.7978806711233,358.22526737448294,-0.5942021142793351,0.909109952744773,1.0860741497677013,2.149704191031776,741,24.7
2,0,827.1494243463951,377.7087538264863,-0.12906689447751613,1.3573801013782423,1.363502476296863,1.6655966093938628,741,24.7
3,0,853.6966500410318,382.1794188347573,-0.2368609658783129,0.5421083328547917,0.5915949304274073,1.9827244812018807,741,24.7
0,0,836.1731484165014,400.44480929020756,-0.564240889400764,0.8385524060343401,1.0107115903845894,2.1630846506530683,742,24.733333333333334
1,0,844.7577162196652,359.28719579827487,-0.04016445145808634,1.061928423791915,1.0626877059692137,1.6086004904240399,742,24.733333333333334
2,0,826.99085873553,378.7626723445307,-0.15856561086508883,1.053918518044386,1.0657801347491394,1.7201296553429701,742,24.733333333333334
3,0,853.5635501341818,383.0512853555424,-0.1330999068500231,0.8718665207850933,0.8819675817564886,1.7222875768720949,742,24.733333333333334
0,0,836.135341275834,401.47697507221073,-0.037807140667338424,1.0321657820031824,1.032857967691435,1.6074089006378234,743,24.766666666666666
1,0,844.1866589461583,360.1484731992849,-0.5710572735069221,0.8612774010100497,1.0333949734326104,2.1562806545070705,743,24.766666666666666
2,0,826.8139619110924,379.51100458558426,-0.17689682443754443,0.7483322410535882,0.7689561947837946,1.8029233185343518,743,24.766666666666666
3,0,853.3960223259859,384.22129275287296,-0.16752780819593016,1.1700073973305432,1.1819403015072816,1.7130149170685185,743,24.766666666666666
0,0,835.5820211114626,402.29783843898866,-0.5533201643713566,0.8208633667779457,0.9899393270387682,2.1639074828169735,744,24.8
1,0,844.1320213685219,361.25026349145867,-0.05463757763640664,1.101790292173724,1.1031441940282487,1.6203455528696367,744,24.8
2,0,826.6072572635562,379.9662772387131,-0.20670464753617437,0.45527265312881016,0.49999999999999994,1.9969914549645877,744,24.8
3,0,852.8247778224944,385.47547024790026,-0.5712445034914152,1.2541774950273052,1.3781442129915575,1.9981926120330429,744,24.8
0,0,835.5436309715375,403.33171208592637,-0.0383901399251701,1.0338736469377268,1.0345861591360042,1.6079116071617134,745,24.833333333333332
1,0,843.5695196467523,362.11216768756236,-0.5625017217696332,0.8619041961037059,1.0292167071394525,2.149015894288972,745,24.833333333333332
2,0,826.3585542321073,380.7253885856778,-0.24870303144899003,0.7591113469647701,0.7988136421860764,1.8873996337769818,745,24.833333333333332
3,0,852.3651513958372,386.45087829772507,-0.45962642665720077,0.975408049824807,1.0782751577147183,2.0111515153753023,745,24.833333333333332
0,0,834.9837986163373,404.16265159179176,-0.5598323552002429,0.8309395058653675,1.0019344930367613,2.163675884248662,746,24.866666666666667
1,0,843.5358511563193,363.1789833024169,-0.03366849043298609,1.0668156148545207,1.06734676808686,1.6023456577791702,746,24.866666666666667
2,0,825.6906607806977,381.20308389728007,-0.667893451409576,0.47769531160223555,0.8211421759735354,2.5207202781206006,746,24.866666666666667
3,0,852.3632214896479,387.3426037802288,-0.0019299061892445457,0.8917254825036958,0.8917275708894216,1.5729605614320576,746,24.866666666666667
0,0,834.9434539397082,405.2027795685197,-0.04034467662903668,1.0401279767279519,1.0409101310413327,1.609565076994454,747,24.9
1,0,842.9453869228828,364.09791661407365,-0.5904642334364514,0.9189333116567342,1.0922849638441925,2.141919246735887,747,24.9
2,0,825.2641356099322,382.1219355192575,-0.42652517076556834,0.9188516219774086,1.0130212359605852,2.0053908751057654,747,24.9
3,0,852.409859495337,387.93457957464545,0.046638005689063906,0.5919757944166824,0.5938101083258143,1.49217508584004,747,24.9
0,0,834.3755035863458,406.0469683797312,-0.5679503533624334,0.8441888112115092,1.0174587720685366,2.1630168626040187,748,24.933333333333334
1,0,842.9105698149574,365.1755178869477,-0.0348171079253774,1.0776012728740514,1.0781635934792377,1.603094915247012,748,24.933333333333334
2,0,824.9604288258355,383.38189336001267,-0.30370678409664476,1.2599578407551888,1.2960445868822583,1.8073293439697147,748,24.933333333333334
3,0,852.2729083321809,388.80994356424566,-0.13695116315605277,0.875363989600228,0.886012265930119,1.7259888170440287,748,24.933333333333334
0,0,834.3356349416342,407.0852990605751,-0.039868644711487655,1.03833068084391,1.0390958144525981,1.609174340391029,749,24.966666666666665
1,0,842.3653200367478,366.0195480661398,-0.5452497782095904,0.8440301791920749,1.0048304653147284,2.144359706779952,749,24.966666666666665
2,0,824.2060042496412,384.7214155040101,-0.7544245761942749,1.3395221439974643,1.5373600799505218,2.0837206119882015,749,24.966666666666665
3,0,852.0331054283491,389.97068841721506,-0.23980290383180267,1.1607448529693896,1.1852569537366549,1.7745241415705462,749,24.966666666666665
0,0,833.7786895178444,407.91164136109825,-0.5569454237897958,0.8263423005231569,0.9965088071433683,2.1638509569019133,750,25.0
1,0,842.3334269108316,367.0927454316731,-0.031893125916171106,1.073197365533299,1.0736711586274068,1.6005054400450782,750,25.0
2,0,823.9971134031256,386.13935523804577,-0.20889084651564582,1.417939734035639,1.4332440389253611,1.7170641984158526,750,25.0
3,0,852.3719399133539,391.2303193331451,0.338834485004744,1.2596309159300394,1.304407471841211,1.3080213931712092,750,25.0
0,0,833.745457709075,408.9274506257303,-0.03323180876941667,1.0158092646320087,1.0163527021788792,1.6034992781554271,751,25.033333333333335
1,0,842.2850316961259,367.88343348056077,-0.04839521470566194,0.790688048887646,0.7921677142248096,1.6319265247785808,751,25.033333333333335
2,0,823.8492377219702,387.2631125710145,-0.14787568115540706,1.123757332968769,1.1334450848974802,1.7016349842586895,751,25.033333333333335
3,0,852.1865790522314,392.3967390245514,-0.18536086112246092,1.166419691406283,1.181056114389316,1.7283928874302623,751,25.033333333333335
0,0,833.2330106748027,409.6933548256711,-0.5124470342722796,0.7659041999408538,0.9215265630580022,2.1604640981982146,752,25.066666666666666
1,0,841.807308162299,368.81266061767735,-0.4777235338268666,0.9292271371165713,1.0448362776654956,2.0456668956214434,752,25.066666666666666
2,0,823.6621771687993,388.0801003406795,-0.18706055317093506,0.8169877696649998,0.8381292658861202,1.7958802705288097,752,25.066666666666666
3,0,851.4539621610373,393.32723336027345,-0.7326168911941404,0.9304943357220465,1.1842918635512867,2.2377709265805232,752,25.066666666666666
0,0,833.2017270502223,410.7055237884514,-0.03128362458035561,1.0121689627802706,1.012652296883078,1.6016940029290785,753,25.1
1,0,841.8826096073327,369.88118442036784,0.07530144503372035,1.0685238026904873,1.071173853555204,1.5004402364995637,753,25.1
2,0,823.4511841353325,388.58417816523377,-0.21099303346685508,0.5040778245542863,0.5464544934200168,1.967210114358171,753,25.1
3,0,850.5059119944852,393.7826694026888,-0.9480501665520447,0.45543604241530133,1.0517704630908171,2.6937538515013157,753,25.1
0,0,832.647053503231,411.5298472721558,-0.554673546991362,0.8243234837043816,0.9935652718963693,2.1630904480518964,754,25.133333333333333
1,0,841.3996908517045,370.8227742481626,-0.48291875562824743,0.9415898277947535,1.0582069402267633,2.044691537739923,754,25.133333333333333
2,0,822.9836151083972,388.7613199306388,-0.4675690269352526,0.1771417654050593,0.5,2.7794448617054943,754,25.133333333333333
3,0,849.9126850140586,394.687325226981,-0.5932269804266102,0.904655824292231,1.0818134824136412,2.151202280129462,754,25.133333333333333
0,0,832.6241337505525,412.4869016711022,-0.02291975267845031,0.9570543989463954,0.9573288032883412,1.5947399736608316,755,25.166666666666668
1,0,841.4369215855527,371.7513280923536,0.037230733848247044,0.9285538441910316,0.9292999349536304,1.5307223966846337,755,25.166666666666668
2,0,822.7949299879052,389.2604819838922,-0.18868512049196312,0.4991620532533505,0.533633610357488,1.9321978044832941,755,25.166666666666668
3,0,849.821399281469,395.6145846936656,-0.0912857325896495,0.9272594666846333,0.9317420262769623,1.6689269278781802,755,25.166666666666668
0,0,832.0793181416595,413.2854552875343,-0.5448156088929325,0.7985536164321059,0.9667015702946653,2.169511996736672,756,25.2
1,0,840.9328398101575,372.6709177919438,-0.5040817753952379,0.9195896995901677,1.048686631877202,2.0722253421911025,756,25.2
2,0,822.4772629673621,390.03111013007975,-0.31766702054315044,0.7706281461875573,0.8335346877228527,1.961791140710715,756,25.2
3,0,849.407715802797,396.7500096700823,-0.4136834786719081,1.135424976416679,1.2084386197059855,1.920190782288081,756,25.2
0,0,831.1262790790596,413.7119445761066,-0.9530390625999114,0.4264892885722682,1.0441152082544327,2.72081590722796,757,25.233333333333334
1,0,840.536358792364,373.43708924348385,-0.39648101779346184,0.7661714515400591,0.862679483137011,2.0483326381990095,757,25.233333333333334
2,0,821.950810745479,391.0321950472506,-0.5264522218831162,1.00108491717085,1.1310715951312003,2.0549342554410717,757,25.233333333333334
3,0,849.3382006470222,397.70609289173547,-0.06951515577486173,0.9560832216531842,0.9586070538073121,1.643376876455588,757,25.233333333333334
0,0,830.5679253814034,414.533608461457,-0.558353697656222,0.8216638853503806,0.9934235713810394,2.167658550184533,758,25.266666666666666
1,0,840.4508070525986,374.5431097922602,-0.08555173976533839,1.1060205487763475,1.109324368474978,1.6479935599370876,758,25.266666666666666
2,0,821.6884518386138,392.3888855602783,-0.2623589068651316,1.3566905130277527,1.3818253667345137,1.7618199632310552,758,25.266666666666666
3,0,849.0397287755908,398.9175406966163,-0.29847187143143206,1.2114478048808144,1.247674333304298,1.8123614298767206,758,25.266666666666666
0,0,830.5310267748939,415.5494717663245,-0.036898606509431386,1.0158633048674517,1.0165332071991346,1.6071027788254368,759,25.3
1,0,839.892484330223,375.38158302677454,-0.5583227223756282,0.8384732345143258,1.0073537746580634,2.1582542535194014,759,25.3
2,0,821.11898591355,393.4161691852789,-0.5694659250637633,1.027283625000561,1.1745650624818622,2.076966616062594,759,25.3
3,0,848.8312339311992,399.8422514195552,-0.20849484439160254,0.924710722938943,0.947924058802255,1.7925584037918847,759,25.3
0,0,829.9629127906916,416.38947394581413,-0.5681139842023469,0.840002179489661,1.0140794646346238,2.1654552961027345,760,25.333333333333332
1,0,839.8515171022171,376.440202012825,-0.04096722800593694,1.058618986050474,1.0594113796807283,1.6094757725231585,760,25.333333333333332
2,0,820.588699222583,394.1249513865015,-0.5302866909669888,0.7087822012226082,0.8851983864573435,2.2131225936373586,760,25.333333333333332
3,0,848.1091581636368,400.5773718393775,-0.7220757675624103,0.7351204198223038,1.0304345907143084,2.3472428446007765,760,25.333333333333332
0,0,829.9289677340867,417.38728588479694,-0.033945056604864965,0.9978119389827826,0.9983891688337208,1.6048027053520373,761,25.366666666666667
1,0,839.2624267188236,377.333469703825,-0.5890903833935964,0.8932676910000247,1.0700255359529183,2.1538056300815898,761,25.366666666666667
2,0,820.5342440128449,395.0682831536733,-0.054455209738221544,0.9433317671717792,0.9449022133655236,1.6284587997829296,761,25.366666666666667
3,0,847.8622820331273,401.4050152045125,-0.24687613050960305,0.8276433651349813,0.8636789702588286,1.8606817914338145,761,25.366666666666667
0,0,829.3512459100797,418.2539146977212,-0.5777218240070102,0.8666288129242781,1.0415411683291882,2.1587743908678036,762,25.4
1,0,839.2142332533952,378.4269648827308,-0.04819346542843683,1.0934951789057572,1.0945566757368645,1.6148406890667562,762,25.4
2,0,820.4466182031221,395.70942665829307,-0.0876258097227999,0.6411435046198024,0.6471037598760642,1.7066259122647083,762,25.4
3,0,847.7846553094481,402.5506604604962,-0.07762672367917886,1.1456452559837067,1.1482721632031043,1.638450996179995,762,25.4
0,0,829.3141911654941,419.2850364766649,-0.03705474458559632,1.031121778943695,1.031787370105059,1.6067172108289633,763,25.433333333333334
1,0,838.741440518199,379.24712551498277,-0.47279273519612375,0.8201606322519956,0.9466765198050627,2.093729831041571,763,25.433333333333334
2,0,820.1533950627179,396.6041538800891,-0.2932231404042085,0.894727221796038,0.9415501109826088,1.8874895667884124,763,25.433333333333334
3,0,848.0852535042319,403.4492812901452,0.3005981947837734,0.898620829649007,0.9475645994792825,1.2479866049835993,763,25.433333333333334
0,0,828.7888532986673,420.07039266755356,-0.5253378668267993,0.7853561908886513,0.9448620115600286,2.16035502435704,764,25.466666666666665
1,0,838.7413871557761,380.33574803451836,-5.33624229042684e-05,1.088622519535585,1.0886225208434526,1.5708453450927031,764,25.466666666666665
2,0,819.8071949403173,397.7960226192491,-0.3462001224005343,1.1918687391599985,1.241130781238218,1.8534856936505941,764,25.466666666666665
3,0,847.8803206842866,404.5399428431536,-0.2049328199452645,1.0906615530083725,1.1097477568805234,1.7565284623702344,764,25.466666666666665
0,0,828.7583863651473,421.087778522646,-0.030466933519935124,1.0173858550924413,1.0178419387018232,1.6007336714925564,765,25.5
1,0,838.2005359504336,381.23594691398165,-0.5408512053425494,0.900198879463317,1.050180007859367,2.1118134198138696,765,25.5
2,0,819.1409286514871,398.6271106103696,-0.6662662888301786,0.8310879911204963,1.0651844988621646,2.246560576987462,765,25.5
3,0,847.1379959131485,405.3944266293328,-0.742324771138152,0.8544837861792466,1.1318960229139998,2.28607017259301,765,25.5
0,0,828.2033332112821,421.9170245505845,-0.5550531538651693,0.8292460279384832,0.9978642084308982,2.16065209500455,766,25.533333333333335
1,0,838.0668685032769,382.0489074737598,-0.1336674471567394,0.8129605597781774,0.8238761182266708,1.73375883027872,766,25.533333333333335
2,0,818.4954608091608,399.09872795373826,-0.6454678423262731,0.47161734336865485,0.7994070640439964,2.5105846674400145,766,25.533333333333335
3,0,845.965384717147,405.85389872680435,-1.1726111960014807,0.4594720974715073,1.2594171768492317,2.7681433553424895,766,25.533333333333335
0,0,828.1778638076498,422.8131271552237,-0.025469403632281618,0.8961026046392265,0.896464482599612,1.5992110959001118,767,25.566666666666666
1,0,837.4290314787456,382.7678152365842,-0.6378370245312341,0.7189077628244247,0.9610746283780867,2.2965115955928357,767,25.566666666666666
2,0,818.2432053807017,399.88843270987525,-0.2522554284590446,0.7897047561369636,0.8290153213616726,1.8799821760189532,767,25.566666666666666
3,0,845.1610833022726,406.4814650891582,-0.8043014148744569,0.6275663623538332,1.0201668025999846,2.479003074680866,767,25.566666666666666
0,0,827.6248984434362,423.6259946176641,-0.552965364213659,0.8128674624403882,0.9831196292996192,2.1681542387089134,768,25.6
1,0,836.723659962983,383.0490107818809,-0.7053715157626607,0.2811955452966822,0.759354930150593,2.762251601276699,768,25.6
2,0,818.4892590358128,400.8092037527429,0.24605365511103336,0.9207710428676626,0.9530801197051076,1.309672120424966,768,25.6
3,0,844.8028428514426,407.23481333139557,-0.3582404508299321,0.7533482422373712,0.8341881051015831,2.014677830888115,768,25.6
0,0,827.5912028236327,424.63093373842867,-0.03369561980355601,1.0049391207645817,1.005503869329719,1.6043137807923586,769,25.633333333333333
1,0,836.2975757024693,383.74131317491214,-0.42608426051371673,0.6923023930312319,0.8129147559580224,2.122505807183376,769,25.633333333333333
2,0,818.2188768395855,401.8935887838538,-0.2703821962273259,1.0843850311108403,1.1175855348625312,1.8151551344561176,769,25.633333333333333
3,0,844.9393874736578,407.9698432499389,0.13654462221516253,0.7350299185433147,0.7476051197053651,1.3871226243497314,769,25.633333333333333
0,0,827.0433239856708,425.43525269104174,-0.5478788379618797,0.8043189526131002,0.9731907308534613,2.168773366179804,770,25.666666666666668
1,0,836.2387039046071,384.76503564528565,-0.05887179786229224,1.0237224703735377,1.0254138603175,1.6282406335399395,770,25.666666666666668
2,0,817.732070360537,403.21855855061614,-0.48680647904852925,1.3249697667623759,1.4115684293997124,1.9228957624320182,770,25.666666666666668
3,0,844.7057122634526,408.9473093074449,-0.23367521020523113,0.9774660575060582,1.0050094514186898,1.8054544176372613,770,25.666666666666668
0,0,827.0060321940148,426.4513756083171,-0.03729179165603558,1.016122917275387,1.0168069928640144,1.6074799423499382,771,25.7
1,0,835.6253902854689,385.6676864639208,-0.6133136191381732,0.9026508186351626,1.091298353248594,2.1676024946247145,771,25.7
2,0,817.8253743657621,404.5797955865606,0.09330400522509188,1.3612370359444665,1.3644309822845275,1.5023598293481093,771,25.7
3,0,844.9742515832263,409.7851639105374,0.2685393197736924,0.837854603092458,0.8798373157508936,1.2606324029699147,771,25.7
0,0,826.5489891542101,427.19128321398057,-0.45704303980468963,0.739907605663437,0.8696847734394982,2.1241310389398413,772,25.733333333333334
1,0,835.5656599593174,386.7220233713337,-0.059730326151545776,1.0543369074129232,1.0560274741668498,1.6273878659450127,772,25.733333333333334
2,0,817.931124646032,405.63969949947426,0.10575028026991459,1.0599039129136774,1.0651663843676675,1.4713519767241217,772,25.733333333333334
3,0,844.798734483067,410.8700129281336,-0.17551710015921854,1.0848490175962113,1.0989557058534096,1.731195860693161,772,25.733333333333334
0,0,826.5562622819651,428.17863133855525,0.007273127755075243,0.9873481245746629,0.9873749123248199,1.5634301344408266,773,25.766666666666666
1,0,835.3515039899116,387.4712804728251,-0.21415596940573423,0.7492571014913869,0.7792618195236978,1.8491977963919863,773,25.766666666666666
2,0,818.0272692299501,406.3991270018565,0.09614458391811287,0.7594275023822517,0.7654893287246609,1.44486488259089,773,25.766666666666666
3,0,844.1025161337734,411.7006204479377,-0.696218349293641,0.8306075198040929,1.0838029534229314,2.2684020790397517,773,25.766666666666666
0,0,826.0227244093686,429.04060068447444,-0.5335378725964729,0.8619693459192016,1.0137326150416324,2.1250516540370685,774,25.8
1,0,834.933197767217,388.4622401653089,-0.4183062226945633,0.9909596924838449,1.075630609490391,1.9702270463218663,774,25.8
2,0,817.6598696727954,407.01454058751006,-0.3673995571547518,0.6154135856535147,0.7167400616711916,2.109004205505512,774,25.8
3,0,843.8849250174161,412.86321739977353,-0.21759111635732842,1.1625969518358195,1.182783820626393,1.7558153640034393,774,25.8
0,0,826.0277591003536,430.0514576874009,0.005034690985037948,1.0108570029264847,1.0108695407810198,1.5658157515602251,775,25.833333333333332
1,0,835.0852654001488,389.5423678804189,0.15206763293177525,1.0801277151099988,1.0907797421726442,1.43092887687775,775,25.833333333333332
2,0,816.944088332271,407.2917471434107,-0.7157813405244101,0.27720655590065735,0.767584784943804,2.772101165774013,775,25.833333333333332
3,0,844.0899559557085,413.83371208088903,0.2050309382924646,0.9704946811154797,0.9919161313994873,1.3625934836358096,775,25.833333333333332
0,0,825.5025237612115,430.8952924924904,-0.5252353391420646,0.8438348050895117,0.9939463465218501,2.1275516024833867,776,25.866666666666667
1,0,834.6732735620232,390.51559509183204,-0.4119918381256814,0.9732272114131595,1.0568389090666621,1.9712477528344223,776,25.866666666666667
2,0,816.4006460563105,408.0349264171038,-0.5434422759604546,0.7431792736931087,0.9206763492933309,2.202182411337828,776,25.866666666666667
3,0,843.7494565795212,414.7380450583114,-0.3404993761873487,0.9043329774223604,0.9663115228732218,1.9308988593519913,776,25.866666666666667
0,0,825.51045668264,431.88953257709,0.007932921428561057,0.9942400845995678,0.9942717320063703,1.562817617009773,777,25.9
1,0,834.8253676308909,391.5290972395545,0.15209406886777724,1.013502147722488,1.0248508229117308,1.4218400416086519,777,25.9
2,0,816.1340557428285,409.16297306328227,-0.26659031348200973,1.1280466461784742,1.1591201970446983,1.8028675100647722,777,25.9
3,0,843.8148431974196,415.9272220146228,0.06538661789842598,1.1891769563114463,1.1909732336296857,1.515866871731768,777,25.9
0,0,824.9854093008333,432.73293153756373,-0.5250473818066947,0.8433989604737414,0.9934770051039192,2.1276228112928344,778,25.933333333333334
1,0,834.4106220182773,392.527594586592,-0.4147456126136272,0.9984973470374684,1.0812080628737077,1.9644818892002174,778,25.933333333333334
2,0,815.4860436095645,410.43258850313856,-0.6480121332640185,1.2696154398562902,1.4254273359168,2.0427295363065916,778,25.933333333333334
3,0,843.3247232538515,416.95908739482263,-0.4901199435680469,1.0318653801997955,1.142350087292864,2.0142319231347146,778,25.933333333333334
0,0,824.9902746020106,433.7444772123718,0.0048653011772623045,1.0115456748080969,1.0115573752281743,1.5659865947371299,779,25.966666666666665
1,0,834.5054576816508,393.46576579645836,0.09483566337346883,0.9381712098663861,0.9429522904525152,1.4700528715166865,779,25.966666666666665
2,0,815.4090785177652,411.80675027382694,-0.07696509179925043,1.3741617706883593,1.3763154425410746,1.6267466269996007,779,25.966666666666665
3,0,843.0298422536706,417.7525211837979,-0.294881000180915,0.7934337889753024,0.84645849381727,1.9266282565648836,779,25.966666666666665
0,0,824.4537353045803,434.61364485687386,-0.5365392974302943,0.8691676445020691,1.0214337041317312,2.1238411502816503,780,26.0
1,0,834.0546203586483,394.41151092787845,-0.450837323002528,0.9457451314200731,1.0477061350478278,2.0156313296928774,780,26.0
2,0,815.2862328553387,412.8786910868417,-0.12284566242658469,1.0719408130147403,1.0789569793943263,1.6848997032358874,780,26.0
3,0,842.2500979679073,418.36412749371107,-0.7797442857633251,0.6116063099131388,0.9909911349281205,2.4764564884577642,780,26.0
0,0,824.4587502947118,435.6238143315514,0.0050149901314872625,1.0101694746775414,1.010181923069463,1.5658318638433857,781,26.033333333333335
1,0,834.163684620504,395.45364269960226,0.10906426185564219,1.0421317717237861,1.0478232879881386,1.4665209559752737,781,26.033333333333335
2,0,815.1495567581312,413.64740588011415,-0.136676097207477,0.7687147932724449,0.7807706378596504,1.7467557369410214,781,26.033333333333335
3,0,841.9390951473988,419.14535193029036,-0.3110028205085622,0.7812244365793031,0.8408533609809326,1.9496607970919324,781,26.033333333333335
0,0,823.9366394802023,436.4611910536115,-0.5221108145094564,0.8373767220601136,0.9868127873491854,2.1283217909625183,782,26.066666666666666
1,0,834.0290073447744,396.2263594707388,-0.13467727572953236,0.7727167711365839,0.7843654613722332,1.7433535978484724,782,26.066666666666666
2,0,814.9410330944085,414.1018482655357,-0.20852366372279704,0.45444238542154264,0.5,2.0009905397005627,782,26.066666666666666
3,0,842.1254286559434,419.88539735091666,0.18633350854465686,0.7400454206262741,0.7631431064986964,1.3241368808810208,782,26.066666666666666
0,0,823.9425504236315,437.4672673761335,0.005910943429132953,1.006076322522028,1.0060936864883259,1.5649211508406013,783,26.1
1,0,834.0295504514633,397.3031512278502,0.0005431066887891592,1.076791757111373,1.0767918940760437,1.570291951980409,783,26.1
2,0,815.1132339260068,414.7511840765066,0.17220083159834726,0.6493358109709051,0.6717813050483061,1.3115680821447968,783,26.1
3,0,842.0191349722292,420.9126544482084,-0.10629368371433295,1.0272570972917525,1.0327417349627348,1.6739026962694372,783,26.1
0,0,823.470779224066,438.2335359322227,-0.47177119956552693,0.7662685560891959,0.8998530795582784,2.122660774716679,784,26.133333333333333
1,0,833.844703879531,398.0851690966435,-0.18484657193221637,0.7820178687932632,0.8035671734628347,1.8029074129002822,784,26.133333333333333
2,0,815.3014564595733,415.21440354701474,0.18822253356643154,0.46321947050813134,0.5,1.1848402373802829,784,26.133333333333333
3,0,841.702111917535,422.19836114385964,-0.31702305469415826,1.2857066956512648,1.3242149842265452,1.812548817721444,784,26.133333333333333
0,0,823.4831506043902,439.22709526352526,0.012371380324263548,0.9935593313025279,0.9936363499135155,1.5583453934346287,785,26.166666666666668
1,0,833.8311676653806,399.175712024403,-0.01353621415050639,1.090542927759539,1.0906269327225857,1.583208051918295,785,26.166666666666668
2,0,815.1894071358499,415.95496227613427,-0.11204932372338666,0.7405587291195261,0.748987504716865,1.7209611054235316,785,26.166666666666668
3,0,841.8131810204993,423.3182226568837,0.11106910296428374,1.1198615130240375,1.1253560121071806,1.4719385264179314,785,26.166666666666668
0,0,822.9683647734905,440.05837854832515,-0.51478583089967,0.8312832847998828,0.9777711139539492,2.125261996022188,786,26.2
1,0,833.3366975992268,400.0248123973067,-0.4944700661537281,0.8491003729036327,0.9825843931119406,2.0981336726689905,786,26.2
2,0,814.7976444454758,416.9138936797243,-0.3917626903741404,0.9589314035900484,1.0358703791306925,1.9586437885348706,786,26.2
3,0,841.3312871958428,424.44860873324285,-0.4818938246565052,1.1303860763591802,1.2288182696675602,1.97377523638766,786,26.2
0,0,822.9677434498146,441.0983693784763,-0.0006213236759410323,1.0399908301511667,1.0399910157504357,1.571393758602953,787,26.233333333333334
1,0,833.3520478415285,401.09688291342593,0.015350242301659822,1.072070516119249,1.0721804052821113,1.5564789911397892,787,26.233333333333334
2,0,814.4343335922443,418.19369991683703,-0.36331085323148876,1.2798062371127372,1.3303754284518547,1.8473989248311682,787,26.233333333333334
3,0,841.3125928566019,425.49151794449256,-0.01869433924095526,1.0429092112497043,1.0430767475258647,1.5887195910497414,787,26.233333333333334
0,0,822.4405320200799,441.9487375812158,-0.5272114297347144,0.8503682027394817,1.0005388407619655,2.1257777359197454,788,26.266666666666666
1,0,832.8072614344713,402.03443436184983,-0.5447864070571633,0.9375514484239118,1.0843407894919512,2.097183107678773,788,26.266666666666666
2,0,813.5191620387116,419.3648062016362,-0.9151715535327792,1.1711062847991538,1.48628022347459,2.2341290955470994,788,26.266666666666666
3,0,840.7380411843504,426.5618604477603,-0.5745516722514326,1.0703425032677607,1.2148015057565635,2.063442793634663,788,26.266666666666666
0,0,822.4510578422808,442.92040338148655,0.010525822200817714,0.9716658002707443,0.9717228104499704,1.5599639907217226,789,26.3
1,0,832.7984397680855,403.0098683352519,-0.008821666385899374,0.9754339734020715,0.9754738634452371,1.5798399177782725,789,26.3
2,0,813.1362482799437,420.7064210992287,-0.3829137587677896,1.341614897592487,1.395189406530804,1.8488170208527623,789,26.3
3,0,840.6283452949041,427.58197548906946,-0.1096958894463782,1.0201150413091638,1.025996045638885,1.6779175615701527,789,26.3
0,0,821.9140448458453,443.8110415346158,-0.537012996435486,0.8906381531292319,1.0400092683000803,2.113384363335949,790,26.333333333333332
1,0,832.2407107559991,403.9057230487544,-0.557729012086339,0.8958547135024962,1.0552806823909189,2.127643697668964,790,26.333333333333332
2,0,812.7594846776273,421.73918215387454,-0.3767636023165176,1.0327610546458375,1.0993389868569665,1.920605253743719,790,26.333333333333332
3,0,840.5892932294691,428.3081388050675,-0.039052065434983005,0.7261633159980032,0.7272126410589643,1.6245231975266246,790,26.333333333333332
0,0,821.9254090239893,444.8264747603008,0.011364178144093795,1.0154332256849763,1.0154968145542786,1.5596053361490494,791,26.366666666666667
1,0,832.2220917588655,404.99857033086454,-0.01861899713361359,1.0928472821101436,1.093005877875224,1.5878318232227706,791,26.366666666666667
2,0,812.4539544568818,422.47876205666387,-0.3055302207454692,0.7395799027893524,0.8002044416264403,1.9625558257210338,791,26.366666666666667
3,0,841.0269980186788,428.9339077026653,0.4377047892096928,0.6257688975978364,0.7636571191954626,0.9604280674023827,791,26.366666666666667
0,0,821.4446146942751,445.6163979349598,-0.48079432971431096,0.7899231746590356,0.9247387789796873,2.117558867330856,792,26.4
1,0,831.6759172907371,405.8767103308019,-0.5461744681285113,0.8781399999374094,1.0341355854652405,2.1272119359553723,792,26.4
2,0,812.1514991402898,422.8952824208278,-0.302455316591955,0.41652036416396815,0.5147508448735411,2.1988564098076595,792,26.4
3,0,841.0378753940548,429.8175438423132,0.010877375376012466,0.8836361396479261,0.8837030862155907,1.5584871584411832,792,26.4
0,0,821.4828088281947,446.5370316577025,0.03819413391962323,0.9206337227427049,0.9214256580522174,1.5293333183001996,793,26.433333333333334
1,0,831.66045016205,406.96051707251826,-0.015467128687024323,1.0838067417163038,1.0839171026695409,1.5850664712626563,793,26.433333333333334
2,0,812.2079397960727,423.5548377184268,0.056440655782763555,0.6595552975989977,0.6619658134798887,1.4854304918856895,793,26.433333333333334
3,0,840.9249552199416,430.9920820048084,-0.11292017411319616,1.1745381624952063,1.1799537537036653,1.6666418179899731,793,26.433333333333334
0,0,820.983781100125,447.47371372283504,-0.49902772806967954,0.9366820651325057,1.0613208584227871,2.06030800413542,794,26.466666666666665
1,0,831.0928337462952,407.87719492283895,-0.5676164157547734,0.9166778503206695,1.078186754093566,2.125221463443385,794,26.466666666666665
2,0,811.8750937251402,424.41403441726993,-0.3328460709323815,0.8591966988430804,0.9214149305486485,1.9403868569835672,794,26.466666666666665
3,0,840.2717936109498,431.9400772743888,-0.65316160899182,0.9479952695803632,1.1512233139610788,2.174096426141224,794,26.466666666666665
0,0,820.990406158901,448.38974834004154,0.006625058775915071,0.916034617206477,0.9160585741776567,1.5635641292950673,795,26.5
1,0,831.0815984601196,408.92086687486164,-0.011235286175606318,1.0436719520227087,1.0437324250469269,1.581561061988373,795,26.5
2,0,811.4384740768103,425.55473768699056,-0.43661964832997496,1.1407032697206554,1.2214092953875801,1.936355976046268,795,26.5
3,0,840.1620616627297,433.14283108627836,-0.1097319482201291,1.202753811889569,1.2077490767850225,1.6617783737175547,795,26.5
0,0,820.4607308859539,449.3009126513416,-0.5296752729471347,0.9111643113000937,1.0539337251262983,2.0973650150218894,796,26.533333333333335
1,0,830.5146129203115,409.83552717867906,-0.566985539808071,0.9146603038174338,1.0761394304321583,2.125710037651971,796,26.533333333333335
2,0,810.6492251263012,426.8286245676268,-0.789248950509126,1.2738868806362071,1.4985665452480925,2.125473934400762,796,26.533333333333335
3,0,839.5155468720642,434.11864572923827,-0.6465147906654506,0.9758146429598925,1.1705535408361865,2.1559355357811683,796,26.533333333333335
0,0,820.4488118066228,450.2231912154629,-0.011919079331115967,0.9222785641213123,0.9223555790961374,1.5837191207288728,797,26.566666666666666
1,0,830.5002489562468,410.9109998601048,-0.014363964064778467,1.0754726814257427,1.0755685993727835,1.5841514871031714,797,26.566666666666666
2,0,810.4103042425784,428.22264811653054,-0.23892088372275694,1.3940235489037884,1.4143496185799238,1.7405365641705504,797,26.566666666666666
3,0,839.3527732831717,435.1035047112799,-0.16277358889253285,0.9848589820416732,0.9982196430391039,1.734591654108573,797,26.566666666666666
0,0,819.9004997637875,451.1447061743042,-0.5483120428352894,0.9215149588412662,1.0723040220415239,2.107539774500677,798,26.6
1,0,829.921888154183,411.8559556075969,-0.5783608020637465,0.9449557474920898,1.107900077661408,2.120029529443969,798,26.6
2,0,810.1401798918406,429.30844870105585,-0.27012435073773833,1.0858005845253242,1.1188968112462474,1.8146254551941914,798,26.6
3,0,838.6691068638688,435.8851359446575,-0.6836664193028404,0.781631233377587,1.0384349560149326,2.2894372392598257,798,26.6
0,0,819.8940297412038,452.11823576486097,-0.006470022583690227,0.9735295905567624,0.9735510900213973,1.577442172377579,799,26.633333333333333
1,0,829.9077516579725,412.9241689577052,-0.014136496210416016,1.0682133501082856,1.0683068856254152,1.5840293303337858,799,26.633333333333333
2,0,809.8639885526626,430.08460813490115,-0.27619133917799443,0.7761594338453017,0.823835616239061,1.9126674790332703,799,26.633333333333333
3,0,838.4789997081922,436.75338160728154,-0.1901071556766168,0.8682456626239949,0.8888145258178635,1.7863501253913283,799,26.633333333333333
0,0,819.3467151884487,452.9767753939086,-0.5473145527551222,0.858539629047623,1.0181569202744583,2.138330257221352,800,26.666666666666668
1,0,829.3315055936303,413.8621203055981,-0.576246064342288,0.9379513478929389,1.100823445282738,2.1217126497853145,800,26.666666666666668
2,0,809.4949618578264,430.5112857621102,-0.36902669483616074,0.42667762720907065,0.5641227694947826,2.283868162663499,800,26.666666666666668
3,0,838.1273027542652,437.8865120846816,-0.3516969539269653,1.1331304774000872,1.186454982801478,1.8717453560716606,800,26.666666666666668
0,0,819.3371197090858,453.9909846162028,-0.009595479362936865,1.0142092222941705,1.0142546129107575,1.5802570897872525,801,26.7
1,0,829.3174352245743,414.9287183183894,-0.014070369056004284,1.0665980127912302,1.0666908156422712,1.5839873816984051,801,26.7
2,0,809.487990897084,431.2001966999532,-0.006970960742340493,0.6889109378429775,0.688946205863246,1.5809147941530008,801,26.7
3,0,838.2475645768972,438.8967620683961,0.12026182263192906,1.0102499837144718,1.0173828854358835,1.4523122555610777,801,26.7
0,0,818.8343827568085,454.7767047737325,-0.5027369522772116,0.7857201575296555,0.9327918359062788,2.13999759762773,802,26.733333333333334
1,0,828.7706950501222,415.8007252452971,-0.5467401744521478,0.8720069269077064,1.029233160627361,2.130825827531306,802,26.733333333333334
2,0,809.120988869072,432.08680749061904,-0.36700202801203025,0.8866107906658349,0.9595671850840044,1.9632603040850247,802,26.733333333333334
3,0,837.811326816097,439.976925575532,-0.43623776080021404,1.0801635071359001,1.1649277171121446,1.9546281842628697,802,26.733333333333334
0,0,818.818169278599,455.80442800363346,-0.016213478209474608,1.0277232299009815,1.027851114779643,1.5865711315646776,803,26.766666666666666
1,0,828.757148566527,416.8654765321382,-0.013546483595179515,1.0647512868410802,1.0648374571020363,1.5835183144802456,803,26.766666666666666
2,0,808.7345605751634,433.2830886175342,-0.38642829390861244,1.1962811269151623,1.2571457198537215,1.8832405544401916,803,26.766666666666666
3,0,837.8470321537006,440.9660049956855,0.0357053376036513,0.9890794201535504,0.9897236839162101,1.5347124301450519,803,26.766666666666666
0,0,818.2935283476435,456.6169871623277,-0.5246409309555327,0.812559158694205,0.9672127443389702,2.1441179887400614,804,26.8
1,0,828.2007451949145,417.75510831929535,-0.556403371612531,0.8896317871571724,1.0492994942637952,2.1297055739460005,804,26.8
2,0,807.848793504641,434.46040388451735,-0.8857670705224088,1.1773152669831435,1.4733141352384562,2.2158072949046868,804,26.8
3,0,837.3463728913257,441.8207496712106,-0.5006592623749059,0.8547446755250575,0.9905797077167595,2.100665514303159,804,26.8
0,0,818.2828797251838,457.6288203801616,-0.010648622459752066,1.0118332178338774,1.0118892498057033,1.581320026910377,805,26.833333333333332
1,0,828.1829261703006,418.8375799403588,-0.01781902461394813,1.0824716210634397,1.0826182743912571,1.5872562644087433,805,26.833333333333332
2,0,807.4962399909441,435.79038050990954,-0.35255351369686017,1.3299766253922052,1.3759112631669386,1.8299191316923968,805,26.833333333333332
3,0,837.3666339270457,442.6864126091037,0.020261035719982723,0.8656629378930679,0.8659000124784062,1.5473953743537783,805,26.833333333333332
0,0,817.760744745927,458.4375399149734,-0.5221349792568024,0.8087195348117964,0.9626277694673626,2.144094563806216,806,26.866666666666667
1,0,827.6144789178517,419.75002344861394,-0.5684472524489332,0.912443508255157,1.075028108736567,2.1279521573390814,806,26.866666666666667
2,0,807.1254252085932,436.8072348185087,-0.3708147823509074,1.016854308599142,1.0823568208897607,1.9204786636559585,806,26.866666666666667
3,0,837.0024989165403,443.7508950253878,-0.36413501050538044,1.0644824162841409,1.125040941678958,1.9003954816861313,806,26.866666666666667
0,0,817.7553413966423,459.4320428268619,-0.005403349284678172,0.994502911888503,0.9945175905624817,1.5762294894858881,807,26.9
1,0,827.5979304529724,420.82501826019353,-0.016548464879289626,1.0749948115795678,1.075122177528141,1.5861891060860946,807,26.9
2,0,806.778784556402,437.51461682505345,-0.3466406521912523,0.7073820065447922,0.7877493541317017,2.0264387333384914,807,26.9
3,0,837.125089149927,444.7113545633263,0.12259023338676345,0.9604595379385008,0.9682514597659327,1.4438456889204416,807,26.9
0,0,817.2253642863741,460.2551803169667,-0.529977110268139,0.8231374901047694,0.9789949259440248,2.142836048457584,808,26.933333333333334
1,0,827.0298880305673,421.73655314933296,-0.5680424224050349,0.9115348891394489,1.0740428519245624,2.128079573023597,808,26.933333333333334
2,0,806.8901442199627,438.43175076989024,0.11135966356071353,0.9171339448368097,0.9238699299361808,1.4499664406648127,808,26.933333333333334
3,0,836.7059184000276,445.5903186680736,-0.41917074989938974,0.8789641047473015,0.9737977279730333,2.01578704775412,808,26.933333333333334
0,0,817.2070602386672,461.29364552624884,-0.018304047706962534,1.0384652092821298,1.0386265108554837,1.5884205595012089,809,26.966666666666665
1,0,827.0096553141489,422.83057135080537,-0.020232716418505547,1.0940182014724096,1.0942052768866533,1.589288167386393,809,26.966666666666665
2,0,807.4626766820472,439.4450407725391,0.5725324620845353,1.0132900026488207,1.1638513863928792,1.0564921231205107,809,26.966666666666665
3,0,836.7780666475409,446.71433963639754,0.07214824751331303,1.1240209683239302,1.126334100900398,1.5066966267795723,809,26.966666666666665
0,0,817.0338325568937,462.0327633682727,-0.17322768177353723,0.7391178420238513,0.7591462402795845,1.8010119864331724,810,27.0
1,0,827.1764169929314,423.6330843030448,0.16676167878254006,0.8025129522394564,0.8196563279951293,1.3659127524994048,810,27.0
2,0,807.9758155599426,440.14921836785305,0.5131388778953185,0.7041775953139914,0.8713079787020558,0.9410628341886172,810,27.0
3,0,837.2978707311843,447.56675578316356,0.5198040836434358,0.8524161467660427,0.9984035119328556,1.023201474575977,810,27.0
0,0,817.3154220137941,462.94526323040145,0.2815894569004513,0.9124998621287672,0.9549600099598465,1.2714764230795226,811,27.033333333333335
1,0,827.3138772555619,424.6523720868653,0.13746026263047426,1.0192877838204577,1.0285149051171105,1.4367459510969456,811,27.033333333333335
2,0,808.0149217467011,440.8510453386349,0.03910618675849986,0.7018269707818223,0.7029156355919105,1.515133333526447,811,27.033333333333335
3,0,837.3248863220373,448.6835724799482,0.027015590853034566,1.11681669678465,1.1171434000906577,1.5466112269355397,811,27.033333333333335
0,0,817.0512510306215,463.8975266442461,-0.2641709831725141,0.9522634138446341,0.9882266529988804,1.8414052122164712,812,27.066666666666666
1,0,826.8861659980217,425.6279748795741,-0.42771125754013506,0.9756027927087871,1.0652406906271223,1.9839679410184883,812,27.066666666666666
2,0,807.6031282982545,441.4041041149699,-0.4117934484465948,0.5530587763350419,0.6895272686883037,2.2108160476840135,812,27.066666666666666
3,0,836.79598355816,449.6304973947951,-0.5289027638773185,0.9469249148468634,1.0846220207956345,2.080178401183958,812,27.066666666666666
0,0,816.3362619724109,464.53806859257526,-0.7149890582107307,0.6405419483291335,0.9599496554144649,2.4110603639393933,813,27.1
1,0,826.7190317801866,426.39394418410046,-0.16713421783519297,0.7659693045263665,0.7839915957763752,1.7856287283280878,813,27.1
2,0,806.8082570168557,441.67204863449865,-0.7948712813988843,0.26794451952874965,0.8388173934404298,2.8164633825525422,813,27.1
3,0,835.7987379476353,450.2299894243553,-0.9972456105246044,0.5994920295602247,1.16356757483905,2.6003295918682525,813,27.1
0,0,816.0785399538149,465.47839121251474,-0.2577220185959744,0.9403226199394586,0.9750011633013529,1.8383054323274608,814,27.133333333333333
1,0,826.0595378359094,427.07980365764604,-0.6594939442771783,0.6858594735455545,0.9514911875527041,2.3365995240125828,814,27.133333333333333
2,0,806.138816787965,442.4351862951702,-0.6694402288906977,0.7631376606715305,1.015149894937908,2.2908827409756896,814,27.133333333333333
3,0,835.0087666947711,450.59483661638893,-0.7899712528642009,0.36484719203359933,0.8701540403208143,2.7089291549688364,814,27.133333333333333
0,0,815.341753578882,466.14609295750324,-0.736786374932851,0.6677017449885148,0.9943237815457293,2.4053433529091883,815,27.166666666666668
1,0,825.7776203803953,428.154770420544,-0.28191745551406766,1.0749667628980042,1.1113194828936188,1.8272772189831126,815,27.166666666666668
2,0,805.5545802554666,443.5826903277677,-0.5842365324983834,1.147504032597496,1.2876714762443289,2.04172663129808,815,27.166666666666668
3,0,834.5077794859652,451.40050428822593,-0.5009872088059393,0.8056676718370074,0.9487299830986842,2.1271118410624252,815,27.166666666666668
0,0,815.0671017358933,467.1238303060011,-0.2746518429887181,0.9777373484978349,1.0155806011856843,1.8446445441377017,816,27.2
1,0,825.3167016747097,428.88488569279195,-0.46091870568551807,0.7301152722479314,0.8634317367461566,2.1339101548772796,816,27.2
2,0,804.7829280856114,444.8046736153378,-0.7716521698552494,1.221983287570086,1.4452301637949958,2.1340384377840107,816,27.2
3,0,834.4111024568423,452.54685553635505,-0.09667702912294635,1.1463512481291114,1.1504206326588595,1.6549317984999274,816,27.2
0,0,814.556036797402,467.7414635063013,-0.511064938491298,0.6176332003002104,0.8016596169623327,2.262056588003497,817,27.233333333333334
1,0,825.1398262571254,429.9798809756923,-0.17687541758435182,1.0949952829003557,1.109188704828745,1.730943779861148,817,27.233333333333334
2,0,804.0727893133176,445.71416517294676,-0.71013877229377,0.9094915576089784,1.1538942626068078,2.233725119874579,817,27.233333333333334
3,0,833.7277712904064,453.571852370272,-0.6833311664358658,1.0249968339169495,1.231892849464746,2.158798892400214,817,27.233333333333334
0,0,814.4037381718514,468.70919465428693,-0.15229862555067947,0.9677311479856414,0.9796419989599432,1.7268930209632647,818,27.266666666666666
1,0,824.4561314585168,430.7985068906127,-0.6836947986085642,0.8186259149204238,1.0665772200003647,2.2666197127740375,818,27.266666666666666
2,0,803.9114761047922,446.83053616944045,-0.1613132085253422,1.1163709964937,1.1279654928485523,1.7143009035305592,818,27.266666666666666
3,0,833.491546265981,454.57006008716763,-0.2362250244253582,0.9982077168956269,1.0257781964122366,1.8031705700448977,818,27.266666666666666
0,0,813.7807384196141,469.406583069775,-0.6229997522373653,0.6973884154880745,0.9351359758584769,2.299915502844548,819,27.3
1,0,824.3011051755202,431.8283207681711,-0.15502628299657106,1.029813877558399,1.0414171934587972,1.7202125475476018,819,27.3
2,0,803.7040475355842,447.6383835551515,-0.2074285692079435,0.8078473857110713,0.8340527620743589,1.8221337433327573,819,27.3
3,0,833.7176748165163,455.40535125888783,0.226128550535245,0.8352911717202252,0.8653585747659276,1.306415181417792,819,27.3
0,0,813.6276044433566,470.3759921479308,-0.15313397625749187,0.9694090781557763,0.9814295570723668,1.7274680365051187,820,27.333333333333332
1,0,824.3000344714446,432.7928490970163,-0.0010707040755192354,0.9645283288452029,0.9645289231288697,1.5719064068243753,820,27.333333333333332
2,0,803.5291776314529,448.14492157998245,-0.1748699041313362,0.5065380248309208,0.5358733562797401,1.9032114862661715,820,27.333333333333332
3,0,833.516728371243,456.4825589542965,-0.20094644527335417,1.0772076954086514,1.0957900770291795,1.755220417217139,820,27.333333333333332
0,0,813.0023430199634,471.0759533296994,-0.6252614233931812,0.6999611817686194,0.9385614010636647,2.2998863698827825,821,27.366666666666667
1,0,823.7522518533226,433.6826945722206,-0.5477826181219938,0.8898454752042829,1.044935771451108,2.1226024187801955,821,27.366666666666667
2,0,802.9509024789644,448.4768231785049,-0.5782751524884178,0.331901598522474,0.6667539449356684,2.6205470870569885,821,27.366666666666667
3,0,832.7507906169589,457.4621473652368,-0.7659377542841406,0.979588410940281,1.2434846594495397,2.234401294998564,821,27.366666666666667
0,0,812.8381521450873,472.0659625630414,-0.16419087487613288,0.990009233341967,1.0035322244427127,1.735148184612691,822,27.4
1,0,823.7346928309431,434.6132903689348,-0.01755902237947765,0.930595796714192,0.9307614388923967,1.5896626692812035,822,27.4
2,0,802.4812195331787,449.2470692713208,-0.4696829457857786,0.7702460928159354,0.9021535972661313,2.118378147555939,822,27.4
3,0,832.4361954698867,458.45349258145245,-0.3145951470722005,0.9913452162156973,1.040065115401496,1.8780860119954246,822,27.4
0,0,812.1823170706253,472.8010910175684,-0.6558350744619277,0.7351284545270107,0.9851565812345535,2.2992500394956426,823,27.433333333333334
1,0,823.180845930737,435.4589899220941,-0.5538469002062056,0.8456995531592769,1.0109174660088842,2.1506070406471576,823,27.433333333333334
2,0,801.8713675390735,450.2829563454314,-0.609851994105102,1.035887074110561,1.2020738267774191,2.1028836866238754,823,27.433333333333334
3,0,832.5393692655144,459.28589889117535,0.10317379562774501,0.8324063097229212,0.8387759513545721,1.447478821453192,823,27.433333333333334
0,0,812.0064564172408,473.8169921587647,-0.1758606533845502,1.0159011411963343,1.0310102318080336,1.7422056630200091,824,27.466666666666665
1,0,823.1527800879459,436.5031297865053,-0.028065842791070383,1.0441398644112736,1.0445169926738223,1.5976692462863102,824,27.466666666666665
2,0,801.8320793871649,451.50006342584845,-0.03928815190859697,1.2171070804170607,1.2177410250466782,1.603065068836347,824,27.466666666666665
3,0,832.3757122443023,460.3909085424668,-0.16365702121211567,1.1050096512914314,1.117063091342308,1.7178320768313449,824,27.466666666666665
0,0,811.8122389609986,474.5258722270896,-0.19421745624219794,0.7088800683249219,0.7350043343937068,1.838212030080784,825,27.5
1,0,822.5682739534363,437.4175772263068,-0.5845061345094942,0.9144474398014465,1.085293297426392,2.1395350445830736,825,27.5
2,0,802.3791244097378,452.7202456199346,0.547045022572908,1.2201821940861355,1.337199627388016,1.1493315369843413,825,27.5
3,0,832.6802087667031,461.30904288036174,0.3044965224007359,0.9181343378949948,0.9673100819158365,1.2505642162268995,825,27.5
0,0,811.8979434757448,475.52870217450396,0.08570451474618695,1.0028299474143485,1.006485552444219,1.485540829065042,826,27.533333333333335
1,0,822.5399632046208,438.4675870400553,-0.02831074881555723,1.0500098137485399,1.0503914067940299,1.597752161958066,826,27.533333333333335
2,0,802.5782627024797,453.7833527162329,0.19913829274198028,1.063107096298312,1.0815973177832956,1.3856249305742965,826,27.533333333333335
3,0,832.499517409323,462.4565183500027,-0.1806913573801908,1.1474754696409413,1.1616149620505043,1.7269824065490371,826,27.533333333333335
0,0,811.4378982192511,476.42078321060006,-0.4600452564936381,0.892081036096108,1.0037181940089572,2.0469240762546175,827,27.566666666666666
1,0,821.9667495963466,439.35256319955926,-0.5732136082741776,0.8849761595039309,1.0543987118737528,2.145564557961331,827,27.566666666666666
2,0,802.3431152042676,454.65556525234524,-0.23514749821211572,0.8722125361123217,0.9033543347252534,1.8341342319644458,827,27.566666666666666
3,0,831.7879678961103,463.3492493609353,-0.7115495132125981,0.8927310109326244,1.1416091133281439,2.243734707024033,827,27.566666666666666
0,0,811.5123297222241,477.3172399126233,0.07443150297300838,0.8964567020232281,0.8995413649394806,1.4879577807359763,828,27.6
1,0,821.7280594203633,440.10435339295634,-0.23869017598340084,0.7517901933970648,0.7887721439040446,1.8782259696309769,828,27.6
2,0,801.7261069112109,455.1860757556769,-0.6170082930567227,0.5305105033316349,0.8137202392996964,2.4314303150872925,828,27.6
3,0,831.280276560067,464.02092315797483,-0.5076913360432985,0.6716737970395428,0.8419597272571571,2.2180372794893146,828,27.6
0,0,811.0539162545764,478.1704173080781,-0.4584134676476405,0.8531773954547961,0.9685321757359245,2.0638379401223026,829,27.633333333333333
1,0,821.0684614698765,440.9237289192886,-0.6595979504867633,0.8193755263322163,1.0518772311627127,2.248579104852596,829,27.633333333333333
2,0,800.9043808225347,455.2521470106216,-0.8217260886761893,0.06607125494477345,0.8243780537720821,3.061359810461184,829,27.633333333333333
3,0,830.8450050462259,464.37228836974805,-0.4352715138411564,0.35136521177321917,0.5593914575733269,2.4624573227190822,829,27.633333333333333
0,0,810.1648617256604,478.6779488542073,-0.8890545289159218,0.5075315461291785,1.0237217520899837,2.6228702734207117,830,27.666666666666668
1,0,820.6500129236508,441.5528865846653,-0.41844854622569627,0.6291576653767523,0.7556047602687029,2.1577088835413103,830,27.666666666666668
2,0,800.1792445117902,455.8241936362419,-0.7251363107444342,0.572046625620276,0.9236124788262623,2.4736681452366556,830,27.666666666666668
3,0,830.5495174702805,465.1224033502783,-0.29548757594537267,0.7501149805302463,0.8062167150053168,1.9460529954695087,830,27.666666666666668
0,0,809.6863028655473,479.5658532770783,-0.4785588601131835,0.8879044228710202,1.0086589347974613,2.065136161621007,831,27.7
1,0,820.6049304090423,442.0708320557326,-0.045082514608607155,0.5179454710672744,0.5199037835239672,1.6576185529438858,831,27.7
2,0,799.7624521048992,456.8320433940013,-0.4167924068909669,1.0078497577593946,1.0906314889354862,1.962925618775518,831,27.7
3,0,829.7774362784508,465.70389884103236,-0.7720811918297414,0.5814954907540184,0.9665642102542855,2.4960764910600064,831,27.7
0,0,809.7466812690493,480.4821405946322,0.06037840350197338,0.9162873175539215,0.918274468729044,1.5049968339811541,832,27.733333333333334
1,0,820.228035189783,442.778911282463,-0.37689521925932234,0.7080792267304374,0.8021385152376782,2.0599319139245873,832,27.733333333333334
2,0,798.8170304456869,457.59527136556545,-0.9454216592123957,0.7632279715641827,1.2150469333675535,2.4624233172301473,832,27.733333333333334
3,0,829.4610260983384,466.4377846299539,-0.3164101801124039,0.7338857889215483,0.7991894351527473,1.9778591511029273,832,27.733333333333334
0,0,809.2907258293035,481.26793178307116,-0.4559554397457894,0.7857911884389537,0.9084949944067272,2.0965672675213263,833,27.766666666666666
1,0,819.7174126923215,443.7556109877382,-0.5106224974614454,0.976699705275147,1.1021241532596602,2.052520251442669,833,27.766666666666666
2,0,798.3478648539177,458.56782087580984,-0.46916559176921746,0.9725495102443648,1.0798003993223533,2.0202714894571274,833,27.766666666666666
3,0,829.3162634112974,467.50729656383913,-0.1447626870409135,1.069511933885221,1.0792645701042034,1.7053326735425949,833,27.766666666666666
0,0,808.3990370894348,481.73997151877467,-0.8916887398686578,0.4720397357034928,1.0089253296907448,2.6547203785505085,834,27.8
1,0,819.6019056046645,444.6184466155586,-0.11550708765708895,0.862835627820393,0.8705327150286968,1.7038742972434577,834,27.8
2,0,798.4451769936699,459.60159906016247,0.09731213975213787,1.0337781843526477,1.0383482012247127,1.476940377455187,834,27.8
3,0,828.7184886562397,468.68346445625383,-0.597774755057684,1.176167892414722,1.3193580139338843,2.0410136349967334,834,27.8
0,0,807.9129696945372,482.5878282474207,-0.48606739489765655,0.8478567286460307,0.9773037115927389,2.0913442012449703,835,27.833333333333332
1,0,818.9716443822028,445.4744800960565,-0.630261222461572,0.8560334804978884,1.0630251776284905,2.2054441803037963,835,27.833333333333332
2,0,798.1000585485359,460.41352096471275,-0.3451184451339312,0.8119219045502563,0.8822266830357024,1.972720840131964,835,27.833333333333332
3,0,827.6845163838983,469.4635474743366,-1.0339722723414138,0.7800830180827875,1.2952328651914362,2.4952479974130655,835,27.833333333333332
0,0,807.9065230495402,483.39782735612766,-0.006446644997018025,0.8099991087069376,0.8100247621756701,1.5787549884975414,836,27.866666666666667
1,0,818.8746933269053,446.54022736218064,-0.09695105529753423,1.0657472661241718,1.070148000219807,1.6615166481593169,836,27.866666666666667
2,0,797.4146851471739,460.8441212453844,-0.6853734013619982,0.4306002806716505,0.8094154069506083,2.580644565024071,836,27.866666666666667
3,0,827.0580247503783,470.32166148915155,-0.6264916335199717,0.8581140148149551,1.0624742017067348,2.2014260833665658,836,27.866666666666667
0,0,807.3933607358172,484.21877462899084,-0.5131623137230547,0.8209472728631702,0.9681373792221201,2.129457190532119,837,27.9
1,0,818.2381609317147,447.4078752666719,-0.6365323951906818,0.867647904491291,1.0760977540610865,2.2037379509443094,837,27.9
2,0,796.9109845551916,461.7337526466587,-0.5037005919823576,0.889631401274297,1.0223298472101099,2.085984613869482,837,27.9
3,0,826.8857862409759,471.17111537443736,-0.17223850940241126,0.8494538852858178,0.8667398729424739,1.7708479819141743,837,27.9
0,0,807.4009100404201,485.21848977621124,0.0075493046029244115,0.9997151472203931,0.9997436509335181,1.5632450146732113,838,27.933333333333334
1,0,818.14412478541,448.458034205988,-0.09403614630466345,1.0501589393160775,1.0543607516582267,1.660102821240495,838,27.933333333333334
2,0,796.9540777216852,462.74276134521995,0.04309316649356709,1.0090086985612896,1.0099284998309483,1.5281138460428514,838,27.933333333333334
3,0,827.2120718302195,471.911383725202,0.3262855892436909,0.7402683507646082,0.8089867223211118,1.1556473465400114,838,27.933333333333334
0,0,806.9075439531201,486.0086734480573,-0.4933660872999166,0.7901836718461079,0.931558012874038,2.1289416680316573,839,27.966666666666665
1,0,817.6309715574597,449.2479335352647,-0.5131532279503392,0.789899329276688,0.9419486109908621,2.146921125611886,839,27.966666666666665
2,0,796.434604786064,463.7229070745027,-0.5194729356211745,0.9801457292827384,1.109296074758255,2.0581514805622674,839,27.966666666666665
3,0,827.4099422303502,472.38040563643295,0.1978704001306865,0.46902191123095444,0.509052304250374,1.171572333083883,839,27.966666666666665
0,0,806.9093930887843,487.0220359479772,0.0018491356641490708,1.013362499919882,1.0133641870258576,1.5689715764099845,840,28.0
1,0,817.6068521293922,450.28030957477387,-0.02411942806742451,1.0323760395091843,1.0326577524828682,1.5941551032524877,840,28.0
2,0,796.4864357370003,464.79730333012196,0.05183095093633466,1.0743962556192435,1.0756457416657286,1.5225917670053561,840,28.0
3,0,827.3964005694836,473.17112884376957,-0.0135416608665999,0.790723207336612,0.7908391538105108,1.5879203179755936,840,28.0
0,0,806.4013639537318,487.8318628507631,-0.5080291350525218,0.8098269027859157,0.9559880828431087,2.1310697692781533,841,28.033333333333335
1,0,817.3548531171383,451.01523660110615,-0.25199901225391663,0.7349270263322653,0.7769306508373419,1.9011229413541624,841,28.033333333333335
2,0,797.0892256416307,465.70098209846776,0.6027899046304112,0.9036787683458235,1.0862738998444936,0.9825352916963385,841,28.033333333333335
3,0,827.3109932606172,474.25765995908614,-0.08540730886634779,1.0865311153165693,1.0898826877049015,1.6492405161897616,841,28.033333333333335
0,0,806.4130254379259,488.8109980039231,0.01166148419403873,0.9791351531599808,0.9792045947437271,1.5588869056916574,842,28.066666666666666
1,0,817.5197991072563,451.99628707512875,0.16494599011797653,0.9810504740226097,0.9948201909068728,1.4042222476029098,842,28.066666666666666
2,0,797.2876721244606,466.5323694311092,0.198446482829923,0.8313873326414277,0.8547431798056039,1.336487362618612,842,28.066666666666666
3,0,827.675484146977,475.5249620185629,0.3644908863597635,1.2673020594767546,1.3186766533890517,1.2907433449078802,842,28.066666666666666
0,0,806.9717914840468,489.6944631476347,0.5587660461209316,0.883465143711596,1.0453373400252044,1.0068426667065367,843,28.1
1,0,818.0438426351207,452.64565395521254,0.52404352786441,0.6493668800837936,0.8344453032082669,0.8917974872739799,843,28.1
2,0,796.9824286451162,467.48983040476384,-0.30524347934441587,0.9574609736546091,1.0049403453707673,1.8794150237650187,843,28.1
3,0,827.5098212334267,476.71299340425475,-0.16566291355034513,1.1880313856918288,1.199526062374151,1.7093461428080008,843,28.1
0,0,806.983550291649,490.71277743320996,0.011758807602231303,1.0183142855752925,1.018382174707975,1.559249513431031,844,28.133333333333333
1,0,818.1042442166346,453.5219868687098,0.060401581513916,0.8763329134972575,0.8784120481459564,1.5019797820700875,844,28.133333333333333
2,0,797.2352818184685,468.5019174264164,0.25285317335224256,1.0120870216526032,1.0431945488124141,1.3259744403909413,844,28.133333333333333
3,0,827.5545217559621,477.6328173215986,0.04470052253547903,0.9198239173438987,0.9209094285720069,1.5222377032869645,844,28.133333333333333
0,0,806.4985121982571,491.51026268394673,-0.48503809339185233,0.797485250736745,0.9334048838440113,2.117230356460914,845,28.166666666666668
1,0,817.6419870963523,454.44482202829334,-0.46225712028223337,0.9228351595835338,1.0321368015021988,2.035171463297646,845,28.166666666666668
2,0,797.0368958278037,469.35075307013216,-0.19838599066477564,0.8488356437157685,0.8717103597723315,1.8003906007434454,845,28.166666666666668
3,0,827.0770624561636,478.43209678904816,-0.4774592997985041,0.7992794674495598,0.9310290275015757,2.109273972844931,845,28.166666666666668
0,0,806.4987520745159,492.55162565776436,0.00023987625882510022,1.0413629738176182,1.04136300144517,1.5705659784335533,846,28.2
1,0,817.734114604817,455.4671751085,0.09212750846468612,1.0223530802066205,1.0264956397490812,1.4809258624415396,846,28.2
2,0,796.4821241066203,470.35497249326323,-0.5547717211834456,1.0042194231310755,1.1472699387757672,2.075511494857109,846,28.2
3,0,827.114781968761,479.259072763553,0.037719512597434335,0.8269759745048274,0.82783574701676,1.5252165407236449,846,28.2
0,0,805.9778966961111,493.3941159073064,-0.5208553784047718,0.842490249542036,0.9904948994248178,2.1245147680429386,847,28.233333333333334
1,0,817.2655559604627,456.4138476765519,-0.46855864435429984,0.9466725680519164,1.056284125745128,2.030398374205399,847,28.233333333333334
2,0,795.971082746196,471.0430380746918,-0.51104136042436,0.6880655814285936,0.8570866446346304,2.209623141417808,847,28.233333333333334
3,0,826.7291877023063,480.263636234635,-0.38559426645475836,1.004563471082034,1.076025420589666,1.9372967976752151,847,28.233333333333334
0,0,805.9877800579526,494.3975814222972,0.009883361841550309,1.003465514990811,1.0035141855584626,1.5609474160686452,848,28.266666666666666
1,0,817.3541045745883,457.4014704204019,0.0885486141255484,0.9876227438499886,0.9915843591108804,1.481377079361747,848,28.266666666666666
2,0,795.9447303259192,471.9197283712414,-0.02635242027677881,0.8766902965495595,0.8770862706248449,1.6008462632844171,848,28.266666666666666
3,0,826.8912287746206,481.4548135491437,0.16204107231428502,1.1911773145087083,1.202148370092869,1.435591868635455,848,28.266666666666666
0,0,805.509317216296,495.17477943435796,-0.4784628416565808,0.7771980120607591,0.9126683082025399,2.1226259411999004,849,28.3
1,0,816.8859977196745,458.34397150076666,-0.46810685491383963,0.94250108036479,1.0523460999624235,2.031772000269997,849,28.3
2,0,795.4034639830637,472.84054850985063,-0.541266342855484,0.920820138609237,1.0681193667266242,2.1022036103537536,849,28.3
3,0,826.5091023092269,482.5104870952993,-0.3821264653936855,1.0556735461555928,1.1227053360552788,1.918098402864995,849,28.3
0,0,805.5092188557928,496.197408787896,-9.836050321626599e-05,1.0226293535380366,1.022629358268386,1.570892510717813,850,28.333333333333332
1,0,816.9773777920464,459.36001313855843,0.09138007237182472,1.016041637791785,1.020142601479466,1.4811003191115302,850,28.333333333333332
2,0,795.4186177965232,473.88454555576857,0.015153813459506726,1.0439970459179055,1.0441070203516873,1.5562821580072597,850,28.333333333333332
3,0,825.698846967088,483.1925989922298,-0.8102553421388979,0.6821118969304807,1.059146051967679,2.441850283183121,850,28.333333333333332
0,0,804.9677139194642,497.0693300160934,-0.5415049363286051,0.8719212281973983,1.026388924457735,2.126548706662578,851,28.366666666666667
1,0,816.511776696866,460.29174185237434,-0.465601095180296,0.9317287138158905,1.0415866627324415,2.0342178687213153,851,28.366666666666667
2,0,795.9249768382517,474.68847464970366,0.5063590417285406,0.803929093935081,0.9501060294596211,1.008713139574542,851,28.366666666666667
3,0,825.3491578078443,484.0070814969935,-0.34968915924361643,0.8144825047636867,0.886377040913536,1.9763364554920495,851,28.366666666666667
0,0,804.9699087445041,498.06758823932836,0.0021948250398038938,0.9982582232349777,0.9982606360631525,1.5685976757324023,852,28.4
1,0,816.6031019281515,461.3194859405918,0.09132523128553219,1.0277440882174378,1.0317936851596101,1.4821692120619765,852,28.4
2,0,795.9126516489689,475.6588425162982,-0.012325189282821503,0.9703678665945331,0.97044613802626,1.5834972075276608,852,28.4
3,0,825.5135202702205,484.81272636217403,0.16436246237618632,0.8056448651805148,0.822240030544666,1.369544587602885,852,28.4
0,0,804.4751782924237,498.8503936121912,-0.49473045208037014,0.7828053728628916,0.9260358913123499,2.134411199282953,853,28.433333333333334
1,0,816.1333315203843,462.2669610220772,-0.4697704077672375,0.9474750814854186,1.057541141539939,2.031088682631681,853,28.433333333333334
2,0,795.4604883108298,476.36432294693986,-0.4521633381391689,0.705480430641683,0.8379464913558209,2.140768765587657,853,28.433333333333334
3,0,825.2069321031577,485.7884963150691,-0.3065881670628088,0.9757699528950442,1.0228016939542726,1.875230363112216,853,28.433333333333334
0,0,804.4677386257711,499.86973034413813,-0.007439666652635291,1.019336731946889,1.0193638809257792,1.5780947340075369,854,28.466666666666665
1,0,816.2247871376317,463.30190265624003,0.09145561724738935,1.0349416341628095,1.0389746464903211,1.4826573748570675,854,28.466666666666665
2,0,795.1641908059507,477.4351039699298,-0.2962975048790484,1.0707810229899428,1.1110194465413008,1.8407530793313611,854,28.466666666666665
3,0,825.3549035084804,487.01088400022957,0.14797140532279454,1.222387685160476,1.2313111668563677,1.4503313256265522,854,28.466666666666665
0,0,803.950788362802,500.68061399091044,-0.5169502629690954,0.8108836467723288,0.9616495531047721,2.1383444196074293,855,28.5
1,0,815.7515455726004,464.2641798498452,-0.47324156503128667,0.9622771936052172,1.0723502115475123,2.0278571221375725,855,28.5
2,0,794.5636821330959,478.14476826543944,-0.6005086728548273,0.7096642955096358,0.9296419087450036,2.2730725553820674,855,28.5
3,0,824.9291995660499,488.1272110690225,-0.4257039424305571,1.116327068792943,1.1947426380274386,1.935116689355063,855,28.5
0,0,803.9538994814814,501.66399730762805,0.0031111186793849055,0.9833833167175956,0.9833882380107747,1.567632648657485,856,28.533333333333335
1,0,815.8226041883163,465.23523164054006,0.07105861571588712,0.9710517906948536,0.9736482460720298,1.4977495687567166,856,28.533333333333335
2,0,794.3289730115837,479.23838976913135,-0.2347091215122345,1.0936215036919068,1.118524190645152,1.7822058163819372,856,28.533333333333335
3,0,824.9724735461257,489.1437707074638,0.043273980075825946,1.0165596384412907,1.0174802877006959,1.528252960376499,856,28.533333333333335
0,0,803.4241158211431,502.50258164661847,-0.5297836603381963,0.8385843389904304,0.9919145227091669,2.134241678154878,857,28.566666666666666
1,0,815.3442079050475,466.1410161578705,-0.4783962832688591,0.9057845173304333,1.0243576502769842,2.0567148476337906,857,28.566666666666666
2,0,793.7546092775746,479.9901801025665,-0.5743637340091475,0.7517903334351834,0.9460879474929986,2.223193963863891,857,28.566666666666666
3,0,824.4559816347122,490.1904177981628,-0.51649191141352,1.0466470906990102,1.1671478171269882,2.029208586018294,857,28.566666666666666
0,0,803.4294142599852,503.4470902172679,0.0052984388420740935,0.944508570649406,0.9445234319403342,1.5651866548143851,858,28.6
1,0,815.413851019695,467.0996271043157,0.06964311464755282,0.9586109464451448,0.9611374043612434,1.4982737091601768,858,28.6
2,0,793.6893866486921,480.9195942957234,-0.06522262888241792,0.9294141931569252,0.9316999161531957,1.6408575306809767,858,28.6
3,0,824.4243306915978,491.1882291746725,-0.031650943114372776,0.997811376509647,0.9983132400665163,1.6025060614503968,858,28.6
0,0,802.9025458114158,504.2751902630736,-0.5268684485692543,0.8281000458057577,0.9814988782272096,2.1374358850022595,859,28.633333333333333
1,0,814.9330722307221,468.04949280516746,-0.4807787889729327,0.9498657008517891,1.0646093619637864,2.039355396846144,859,28.633333333333333
2,0,793.0861188271189,481.81347462510337,-0.6032678215732028,0.8938803293799267,1.078403499529765,2.1644680580351823,859,28.633333333333333
3,0,823.8656330079632,492.01281946285377,-0.5586976836345499,0.8245902881812798,0.9960382748978562,2.1662928665761942,859,28.633333333333333
0,0,802.9034349807041,505.2633347930991,0.0008891692883071789,0.9881445300254827,0.9881449300792396,1.5698964897555767,860,28.666666666666668
1,0,814.8746386530464,468.9562374607659,-0.05843357767573504,0.9067446555984504,0.908625529828619,1.6351505945926328,860,28.666666666666668
2,0,793.034522894696,482.8449617779154,-0.051595932422888346,1.031487152812032,1.0327767845274503,1.6207755865259788,860,28.666666666666668
3,0,823.8255148191552,492.8823508032895,-0.04011818880798834,0.8695313404357643,0.8704563292166072,1.6169013455189525,860,28.666666666666668
0,0,802.3790646351986,506.08620113699465,-0.5243703455055169,0.8228663438955517,0.975742424598627,2.1381551084828447,861,28.7
1,0,814.2839791975623,469.8336735611947,-0.5906594554841432,0.8774361004287838,1.0577205220134926,2.163284437162767,861,28.7
2,0,792.4206358125473,483.78619803806987,-0.6138870821487568,0.9412362601544872,1.123736199941392,2.14872610166542,861,28.7
3,0,823.3761164336986,493.9149808335812,-0.4493983854565546,1.0326300302916702,1.126181019335317,1.981272852879397,861,28.7
0,0,802.3849264222871,507.03584917206797,0.005861787088474346,0.9496480350733363,0.9496661261024946,1.564623816109551,862,28.733333333333334
1,0,814.2390616991938,470.86386275565565,-0.044917498368457265,1.030189194460958,1.031167958212336,1.6143699415508062,862,28.733333333333334
2,0,792.3663454971056,484.8563406582808,-0.054290315441673065,1.0701426202109576,1.0715188593500025,1.6214847211958232,862,28.733333333333334
3,0,823.4205187407184,494.8835439824969,0.04440230701977663,0.9685631489157304,0.9695803929052164,1.5249849198972976,862,28.733333333333334
0,0,801.855990763011,507.87348709039753,-0.5289356592760884,0.8376379183295779,0.9906615031772149,2.1340282533517323,863,28.766666666666666
1,0,813.648716718631,471.7404701683841,-0.5903449805628129,0.8766074127284584,1.0568574890334979,2.1634754634148776,863,28.766666666666666
2,0,791.9148580990902,485.6429087951949,-0.45148739801534066,0.7865681369140894,0.9069345646600776,2.0918761613448105,863,28.766666666666666
3,0,822.9373536602639,495.7115569951523,-0.48316508045458484,0.8280130126554112,0.9586730642389905,2.0990126758536256,863,28.766666666666666
0,0,801.8618736077667,508.8186376550205,0.005882844755706884,0.9451505646229856,0.945168872566997,1.5645721663190664,864,28.8
1,0,813.6049651202563,472.7555803340076,-0.04375159837472853,1.0151101656235413,1.0160525826514084,1.613870013220246,864,28.8
2,0,791.9775086138859,486.5731170227132,0.0626505147956814,0.9302082275182628,0.9323156297879126,1.5035468240513776,864,28.8
3,0,822.973686169876,496.554948087648,0.03633250961217821,0.8433910924956473,0.8441733152355152,1.5277438692166216,864,28.8
0,0,801.3366581715937,509.6434021659237,-0.5252154361729189,0.8247645109031885,0.9777973986668634,2.137840725696913,865,28.833333333333332
1,0,813.0095581291014,473.6495557446363,-0.5954069911550054,0.8939754106286756,1.0741049855228146,2.1583522575522394,865,28.833333333333332
2,0,791.5848990521763,487.2759502245773,-0.3926095617095857,0.7028332018641024,0.8050570026950509,2.080225759870996,865,28.833333333333332
3,0,822.5551657148977,497.5519358632143,-0.41852045497833723,0.9969877755662981,1.081269622186765,1.9682414935334929,865,28.833333333333332
0,0,801.340742111351,510.6111098200192,0.0040839397572735026,0.9677076540954619,0.9677162716203976,1.5665761312690023,866,28.866666666666667
1,0,812.9572589521298,474.7383171980867,-0.05229917697157499,1.0887614534504164,1.0900168376825046,1.6187949101748842,866,28.866666666666667
2,0,791.1652878831522,488.2942135311807,-0.4196111690240331,1.0182633066033908,1.1013326903096026,1.9616773133179335,866,28.866666666666667
3,0,822.6280782012516,498.4745448063553,0.07291248635389525,0.9226089431410105,0.9254855442577584,1.491931645188843,866,28.866666666666667
0,0,800.8117166159998,511.4459620202376,-0.5290254953511894,0.8348522002183965,0.9883552857859712,2.135609987605491,867,28.9
1,0,812.3669198767496,475.6234059204686,-0.5903390753801836,0.8850887223819011,1.0638995584209798,2.1590178546264824,867,28.9
2,0,790.2360250628924,489.0202140615589,-0.9292628202598546,0.726000530378207,1.1792396530081308,2.4783803374560236,867,28.9
3,0,822.1807688054164,499.27419014439386,-0.4473093958352321,0.7996453380385234,0.9162523463812929,2.0808161453822245,867,28.9
0,0,800.711700832779,512.2172968707754,-0.10001578322078264,0.7713348505377771,0.7777921371082388,1.6997427126955624,868,28.933333333333334
1,0,812.3257436277762,476.6268627327985,-0.04117624897344285,1.003456812329859,1.0043012783476504,1.611807719243675,868,28.933333333333334
2,0,789.7818670512169,489.9658272314185,-0.4541580116755431,0.9456131698595852,1.0490203842542696,2.0185429159907375,868,28.933333333333334
3,0,822.1745407417051,500.36752672444504,-0.0062280637112638315,1.0933365800511703,1.0933543186248365,1.576492648002711,868,28.933333333333334
0,0,800.2264295434697,513.1431592627156,-0.4852712893092717,0.9258623919402164,1.0453274094929021,2.053560246907563,869,28.966666666666665
1,0,811.7527000473468,477.4623169757577,-0.5730435804293488,0.8354542429591822,1.0130956209311084,2.1720008784095146,869,28.966666666666665
2,0,789.8876254341707,490.983320705273,0.10575838295379333,1.017493473854543,1.0229749776517443,1.4672281169492425,869,28.966666666666665
3,0,821.6241643133899,501.2747613875931,-0.5503764283152148,0.9072346631480818,1.061126263393017,2.116093221105606,869,28.966666666666665
0,0,800.2511372035,514.0484028486088,0.024707660030256595,0.9052435858932747,0.9055807077588862,1.5435091659037221,870,29.0
1,0,811.7023589072236,478.50515453865535,-0.05034114012328639,1.0428375628976652,1.044051920633861,1.6190321145078892,870,29.0
2,0,790.5496658404822,491.89333330228146,0.6620404063115581,0.9100125970084603,1.1253534672729522,0.9418469224761186,870,29.0
3,0,821.5787667280564,502.18835391702396,-0.045397585333488755,0.9135925294308374,0.9147197661502384,1.6204467710969983,870,29.0
0,0,799.7451568119009,514.8777265344401,-0.5059803915990869,0.8293236858312504,0.9714905725551308,2.1186180149846017,871,29.033333333333335
1,0,811.2021380854956,479.27831096288077,-0.5002208217279829,0.7731564242254086,0.9208646625923043,2.145049312470639,871,29.033333333333335
2,0,790.7955706275849,492.75778948602294,0.24590478710267827,0.8644561837414628,0.8987511657454844,1.2936549821809578,871,29.033333333333335
3,0,821.019408198781,502.9489323126261,-0.5593585292754394,0.7605783956021408,0.9441194098894002,2.204912665072483,871,29.033333333333335
0,0,799.7699554455185,515.8354927459001,0.024798633617613086,0.9577662114599733,0.9580872027345376,1.5449099530124268,872,29.066666666666666
1,0,811.1023237062076,479.96467993210615,-0.09981437928796472,0.6863689692254004,0.6935886909604136,1.7152077902836407,872,29.066666666666666
2,0,790.5672382212208,493.47929742259106,-0.22833240636402982,0.7215079365681165,0.7567756538940518,1.8772898489324583,872,29.066666666666666
3,0,820.7111133628284,503.5226985145465,-0.30829483595252816,0.5737662019204022,0.6513473423152657,2.063850670435156,872,29.066666666666666
0,0,799.2534454390384,516.7007129659619,-0.5165100064800268,0.8652202200618344,1.0076649324045401,2.108984474252622,873,29.1
1,0,811.3586987272432,480.40992817523926,0.2563750210356059,0.44524824313309197,0.5137841467232249,1.0483592074913315,873,29.1
2,0,789.9865134089415,493.8723358963235,-0.5807248122792642,0.3930384737324193,0.7012278869459602,2.5466028061088153,873,29.1
3,0,820.5418758065152,504.4416469047018,-0.16923755631320492,0.9189483901553115,0.9344022122383401,1.7529200006661223,873,29.1
0,0,799.2784686960507,517.6711903718709,0.025023257012281974,0.970477405909068,0.9707999581641403,1.5450175568948707,874,29.133333333333333
1,0,811.2637672922024,481.1021150944472,-0.09493143504084167,0.6921869192079155,0.6986663785251577,1.7070931301126329,874,29.133333333333333
2,0,789.6008290767246,494.69313466988024,-0.3856843322169275,0.8207987735567737,0.9068974753465361,2.0100663109317414,874,29.133333333333333
3,0,819.8749627707735,505.1459953804023,-0.6669130357416531,0.7043484757004828,0.9699895733788797,2.328901268792644,874,29.133333333333333
0,0,798.7647927664894,518.5266386861775,-0.5136759295613027,0.8554483143065938,0.997825024270619,2.1115655366918,875,29.166666666666668
1,0,810.71361415123,481.8556385927619,-0.5501531409724307,0.7535234983147459,0.932987749670018,2.201444194587483,875,29.166666666666668
2,0,788.7759650836501,495.5124255481584,-0.8248639930744566,0.8192908782781174,1.1625997377861679,2.3595841303953624,875,29.166666666666668
3,0,819.3613796708185,505.5831026353583,-0.5135830999551041,0.43710725495594077,0.674411115636903,2.4364640796635886,875,29.166666666666668
0,0,797.849720107117,518.9941655472819,-0.9150726593724172,0.4675268611043406,1.0275890899503484,2.6692490437625422,876,29.2
1,0,809.8215212219261,482.42961344416864,-0.8920929293039108,0.5739748514067287,1.0607907072374874,2.5698693608526684,876,29.2
2,0,788.381101038143,496.37123449854715,-0.3948640455070651,0.8588089503887564,0.9452356466522213,2.001754306959682,876,29.2
3,0,818.4580438190293,505.83591945589865,-0.903335851789195,0.25281682054035803,0.9380469102746652,2.868704282095857,876,29.2
0,0,797.3434102407463,519.838060458647,-0.5063098663707999,0.8438949113649994,0.9841281939931187,2.1111922312647504,877,29.233333333333334
1,0,808.961404217732,482.54699029423995,-0.8601170041940831,0.11737685007129461,0.8680890425736657,3.005964305689757,877,29.233333333333334
2,0,787.4814968215347,497.04926549768504,-0.899604216608308,0.6780309991378729,1.1265051186440964,2.4957282427755327,877,29.233333333333334
3,0,817.237728625678,505.99342012098094,-1.2203151933513707,0.15750066508226823,1.2304371705314945,3.0132366684531693,877,29.233333333333334
0,0,796.5624036691921,520.2313090589319,-0.7810065715541358,0.3932486002848734,0.8744230820585407,2.675136922043787,878,29.266666666666666
1,0,808.2589016599132,482.18315771115414,-0.7025025578188193,-0.3638325830858083,0.791128303283908,-2.663720499717804,878,29.266666666666666
2,0,786.576428350814,497.26969204249764,-0.905068470720774,0.2204265448125985,0.9315239118513604,2.9026967359871274,878,29.266666666666666
3,0,815.8093077636368,505.71148192326586,-1.4284208620412395,-0.2819381977150847,1.4559791572840142,-2.946719955605037,878,29.266666666666666
0,0,795.5137767687036,520.1788836386942,-1.0486269004886088,-0.0524254202377093,1.0499365700438512,-3.0916398938222156,879,29.3
1,0,807.8700656997024,481.42240353795773,-0.3888359602108678,-0.7607541731963876,0.854365446392132,-2.043299567171784,879,29.3
2,0,785.7789579480624,496.97985347187824,-0.7974704027516807,-0.28983857061940005,0.8485077726713084,-2.792988526045404,879,29.3
3,0,814.7102313357378,505.128448155722,-1.0990764278989564,-0.5830337675438656,1.2441452360795842,-2.6538624622967615,879,29.3
0,0,794.7691977523132,519.992677717404,-0.7445790163903896,-0.1862059212901006,0.7675093203162912,-2.8965366742772485,880,29.333333333333332
1,0,807.0952821307967,481.0097384379888,-0.7747835689056912,-0.4126650999689475,0.877828037475804,-2.652190980325034,880,29.333333333333332
2,0,785.2663030841786,496.2554830173468,-0.5126548638837142,-0.7243704545314008,0.8874274983691106,-2.186687862517418,880,29.333333333333332
3,0,814.0369041305105,504.2581277068548,-0.6733272052273618,-0.8703204488672306,1.1003759398568052,-2.229265147286627,880,29.333333333333332
0,0,793.7523164114535,520.1440543276672,-1.016881340859654,0.15137661026307403,1.028086834622089,2.993814291123852,881,29.366666666666667
1,0,806.6839453070517,480.21828041614447,-0.41133682374499037,-0.791458021844361,0.8919662453873499,-2.0500954497791644,881,29.366666666666667
2,0,785.119590925191,495.63357609607374,-0.14671215898762832,-0.6219069212730547,0.638977837113417,-1.8024675892375308,881,29.366666666666667
3,0,812.8972192107115,503.64362267850015,-1.1396849197990206,-0.6145050283546369,1.294796565600339,-2.6470878761095964,881,29.366666666666667
0,0,792.8626104131632,519.7575410212137,-0.8897059982902543,-0.38651330645343396,0.9700357207130179,-2.7317634807411197,882,29.4
1,0,805.9373189225365,479.82318019765756,-0.7466263845151302,-0.3951002184869078,0.8447219309941807,-2.6548739761194358,882,29.4
2,0,784.9923560955818,495.1500357170625,-0.12723482960911078,-0.4835403790112472,0.5,-1.8280955969228243,882,29.4
3,0,811.8257381631199,503.4696197875847,-1.0714810475915537,-0.17400289091548593,1.0855176835937956,-2.980603298403788,882,29.4
0,0,791.8686513256752,519.9124766249904,-0.9939590874880384,0.15493560377677632,1.0059620812524337,2.9869598041752825,883,29.433333333333334
1,0,805.5736605189207,479.0906997608951,-0.36365840361573326,-0.7324804367624159,0.8177866621313918,-2.0316201572918677,883,29.433333333333334
2,0,784.6270551303832,494.80863389394943,-0.36530096519863087,-0.34140182311310036,0.49999999999999994,-2.3899994192522245,883,29.433333333333334
3,0,810.6040881359351,502.9026429555331,-1.221650027184861,-0.5669768320515698,1.346807899072472,-2.707069131820224,883,29.433333333333334
0,0,790.9872296201642,519.5293890075195,-0.8814217055109541,-0.3830876174709018,0.9610724975803704,-2.7315981503227165,884,29.466666666666665
1,0,804.8157094071462,478.684340225361,-0.7579511117745323,-0.40635953553411897,0.8600104417736766,-2.6494613343164812,884,29.466666666666665
2,0,784.3385863625534,494.40023975835635,-0.28846876782967146,-0.4083941355930948,0.5,-2.185770632478214,884,29.466666666666665
3,0,809.4676086995456,502.78127860164074,-1.1364794363893849,-0.1213643538923887,1.1429413002125923,-3.035206094476004,884,29.466666666666665
0,0,790.0117580365545,519.6864456034617,-0.9754715836096004,0.15705659594215798,0.9880342022211377,2.981956838111731,885,29.5
1,0,804.4623860039187,477.9726591147618,-0.35332340322746253,-0.7116811105991478,0.7945611558916486,-2.0316104065535474,885,29.5
2,0,783.8440201762354,494.326725900133,-0.4945661863179833,-0.07351385822337056,0.5,-2.9940299968614035,885,29.5
3,0,808.1543318414308,502.2818079605064,-1.3132768581148577,-0.4994706411343146,1.4050505426550162,-2.778162600654622,885,29.5
0,0,789.1446752047656,519.3089302011209,-0.8670828317888938,-0.37751540234082326,0.9457010712627965,-2.730958275990967,886,29.533333333333335
1,0,803.7195004196755,477.5833996435487,-0.7428855842432798,-0.3892594712131251,0.8386906027884186,-2.65894318477661,886,29.533333333333335
2,0,783.4885089117313,493.97514128612,-0.35551126450413195,-0.3515846140130041,0.49999999999999994,-2.361747641112421,886,29.533333333333335
3,0,806.7015183514437,501.43411196547936,-1.452813489987109,-0.8476959950270535,1.6820391008158608,-2.613404479040325,886,29.533333333333335
0,0,788.5579216903548,518.4618535352819,-0.5867535144108709,-0.8470766658390942,1.030445808610324,-2.1765929851567214,887,29.566666666666666
1,0,803.3294113902032,476.81868506480964,-0.3900890294723237,-0.7647145787390812,0.8584624848243223,-2.042499679058984,887,29.566666666666666
2,0,782.7884513360762,493.6062039940086,-0.7000575756551874,-0.3689372921114341,0.7913250499906699,-2.6565713143726124,887,29.566666666666666
3,0,805.5494370298,500.662608859734,-1.1520813216437809,-0.7715031057453535,1.3865454964966735,-2.5515204078338307,887,29.566666666666666
0,0,787.6915451871347,518.0845354852883,-0.8663765032200934,-0.377318049993661,0.9449746854719947,-2.73085137996775,888,29.6
1,0,802.6594053390135,476.4654553030928,-0.6700060511897398,-0.35322976171680753,0.7574162483029928,-2.656419565772453,888,29.6
2,0,782.2801552223837,492.7775218876488,-0.5082961136925025,-0.8286821063597755,0.9721517230328688,-2.1209952129867182,888,29.6
3,0,804.6804666437647,500.00604815360174,-0.8689703860352045,-0.6565607061322443,1.0891195951974437,-2.494541575240819,888,29.6
0,0,786.8007041837183,518.2411132831585,-0.8908410034164063,0.15657779787026213,0.9044967109690616,2.9676057641697935,889,29.633333333333333
1,0,802.3064998730264,475.7298248687199,-0.3529054659870696,-0.7356304343729145,0.8159009767730602,-2.0180984709571583,889,29.633333333333333
2,0,781.40012381218,492.3526067105261,-0.8800314102036636,-0.42491517712264504,0.977245204999348,-2.691766297203617,889,29.633333333333333
3,0,803.8887812135583,499.726949152741,-0.7916854302063175,-0.279099000860742,0.8394415242781516,-2.8026588231175844,889,29.633333333333333
0,0,785.9944266444855,517.8771395096505,-0.8062775392327681,-0.363973773507907,0.8846244276939412,-2.7175543950226517,890,29.666666666666668
1,0,801.6475566581983,475.38207836675446,-0.6589432148281548,-0.3477465019654729,0.7450730098435229,-2.6560050819108953,890,29.666666666666668
2,0,780.4847747878156,492.4665944051559,-0.9153490243644935,0.11398769462978606,0.9224191189107278,3.017701228912042,890,29.666666666666668
3,0,803.2293193864373,499.9041302508995,-0.6594618271210929,0.17718109815852312,0.6828492095437693,2.8791159298672326,890,29.666666666666668
0,0,785.0632991434306,518.0285641204948,-0.9311275010548459,0.1514246108443204,0.9433598655815266,2.9803789662943596,891,29.7
1,0,801.3851908145805,474.7793258721087,-0.2623658436177995,-0.602752494645774,0.657378434160251,-1.9813415402445242,891,29.7
2,0,779.5870418565794,492.0402114640946,-0.8977329312362027,-0.42638294106125013,0.9938444688450936,-2.698180854987948,891,29.7
3,0,802.7543371982804,500.06030938181556,-0.47498218815690024,0.15617913091601907,0.5,2.8239181569890617,891,29.7
0,0,784.2320609460577,517.653701223202,-0.8312381973729511,-0.3748628972927732,0.9118547760134644,-2.7179329599332966,892,29.733333333333334
1,0,800.8127715078544,474.5168788359617,-0.5724193067260855,-0.2624470361470389,0.6297160546588737,-2.7117030664642274,892,29.733333333333334
2,0,778.6552172369403,492.1572101800643,-0.9318246196390443,0.11699871596968006,0.9391410018224119,3.016687562619754,892,29.733333333333334
3,0,801.9991020715192,499.9318479417319,-0.755235126761081,-0.12846144008361443,0.7660825270701468,-2.973110525055456,892,29.733333333333334
0,0,783.7090012947798,516.8386224068464,-0.523059651277908,-0.8150788163556277,0.9684755421107225,-2.1413350899663093,893,29.766666666666666
1,0,800.0954565004394,474.69559216569473,-0.7173150074151223,0.17871332973303644,0.739242364916423,2.897421637924854,893,29.766666666666666
2,0,777.761645537561,491.7313118566302,-0.8935716993792796,-0.4258983234340816,0.9898786611678904,-2.696819560701231,893,29.766666666666666
3,0,801.4941951194311,499.38123875844576,-0.5049069520881704,-0.5506091832861557,0.7470619137568274,-2.31292305022734,893,29.766666666666666
0,0,782.8741018998229,516.4622107816614,-0.8348993949569445,-0.3764116251850744,0.9158289749041254,-2.7180348459881927,894,29.8
1,0,799.4629569962449,474.4021499504089,-0.6324995041944815,-0.29344221528582287,0.6972545851538849,-2.7072063688296937,894,29.8
2,0,777.1131345978519,491.48765034774925,-0.6485109397091164,-0.24366150888098312,0.6927751221230153,-2.7821868750814898,894,29.8
3,0,800.5738468858492,498.9765419108813,-0.9203482335818365,-0.4046968475644904,1.0053956482329944,-2.7273191837224293,894,29.8
0,0,781.922590060001,516.6109064158402,-0.9515118398219257,0.14869563417878148,0.9630603163588124,2.9865734348184416,895,29.833333333333332
1,0,799.0968706430511,473.707075282917,-0.36608635319372285,-0.6950746674918996,0.7855876853564178,-2.0555644054578184,895,29.833333333333332
2,0,776.1795294168865,491.15012440245965,-0.9336051809653753,-0.3375259452895848,0.9927448804547011,-2.7946835902901195,895,29.833333333333332
3,0,799.3387306951144,498.565210535227,-1.2351161907348676,-0.4113313756542999,1.3018085516745803,-2.820114664405505,895,29.833333333333332
0,0,781.0701089522952,516.2272762181987,-0.8524811077057822,-0.3836301976415753,0.9348241372246395,-2.718725363904445,896,29.866666666666667
1,0,798.4615614902785,473.4126352922017,-0.6353091527725586,-0.29443999071534366,0.7002232699139881,-2.707602443434968,896,29.866666666666667
2,0,775.5284513758976,490.9134929721911,-0.6510780409888111,-0.2366314302685486,0.6927460207383128,-2.7929901707566667,896,29.866666666666667
3,0,797.8406749351726,498.00106019310357,-1.4980557599417639,-0.5641503421233875,1.6007612777714955,-2.7814301877443004,896,29.866666666666667
0,0,780.1306424129143,516.3768887146412,-0.939466539380817,0.14961249644250638,0.9513050392528819,2.9836662126885476,897,29.9
1,0,798.1325544977412,472.7480446741486,-0.3290069925372479,-0.6645906180530663,0.7415701522732434,-2.0304778007207136,897,29.9
2,0,774.5922489158444,490.583288823263,-0.9362024600531982,-0.3302041489280995,0.9927284755556227,-2.8025092528707196,897,29.9
3,0,796.6252531642511,497.53762038202836,-1.2154217709214625,-0.4634398110752036,1.3007792048304296,-2.777310534306227,897,29.9
0,0,779.2980285118301,516.0005766534741,-0.832613901084216,-0.376312061167031,0.9137049171688066,-2.7171061138944856,898,29.933333333333334
1,0,797.4960056353488,472.4529132829583,-0.6365488623924402,-0.2951313911902957,0.701638790460611,-2.7074513496309898,898,29.933333333333334
2,0,773.9800378774642,490.2307569828686,-0.6122110383802709,-0.35253184039436936,0.7064566894060036,-2.6191319377640734,898,29.933333333333334
3,0,795.7008986218137,497.152354181355,-0.9243545424374463,-0.38526620067338146,1.001429660788037,-2.7466923287934937,898,29.933333333333334
0,0,778.4023152630948,516.1525249000108,-0.8957132487353612,0.1519482465367293,0.908510040442945,2.973553001222394,899,29.966666666666665
1,0,797.1713991591866,471.7927044028572,-0.32460647616205063,-0.6602088801011197,0.7356936385009174,-2.027759679254028,899,29.966666666666665
2,0,773.0138167375547,490.06957362921173,-0.9662211399093689,-0.16118335365689979,0.9795730522548307,-2.9762964590950296,899,29.966666666666665
3,0,795.0527712181988,496.8841414363921,-0.6481274036149034,-0.2682127449629022,0.7014322546598001,-2.749223402744994,899,29.966666666666665
